tree
version=v4
num_class=1
num_tree_per_iteration=1
label_index=0
max_feature_idx=59
feature_names=consumption_kwh coverage_ratio missing_ratio imputation_ratio day_of_week day_of_month month quarter is_weekend dow_sin dow_cos month_sin month_cos consumption_kwh_lag_1d consumption_kwh_lag_2d consumption_kwh_lag_3d consumption_kwh_lag_7d consumption_kwh_lag_14d consumption_kwh_lag_30d rolling_mean_7d rolling_std_7d rolling_min_7d rolling_max_7d rolling_median_7d rolling_mean_14d rolling_std_14d rolling_mean_30d rolling_std_30d rolling_min_30d rolling_max_30d rolling_median_30d rolling_mean_60d rolling_std_60d rolling_mean_90d rolling_std_90d missing_count_30d missing_ratio_30d ratio_7d_30d ratio_14d_60d ratio_30d_90d wow_consumption_change wow_consumption_ratio par_7d par_30d zero_count_7d zero_ratio_7d zero_count_30d zero_ratio_30d current_zero_streak rolling_cv_7d rolling_cv_30d daily_diff_abs_7d_mean flatline_streak baseline_deviation_ratio sustained_drop_ratio sustained_drop_magnitude sustained_drop_duration dow_profile_deviation dow_profile_ratio weekly_autocorr_30d
feature_infos=[0:5748] [0:1] [0:1] [0:0.1005999967455864] [1:7] [1:31] [1:12] [1:4] [0:1] [-0.97492790222167969:0.97492790222167969] [-0.90096884965896606:1] [-1:1] [-1:1] [0:4740] [0:6684] [0:5166] [0:2455] [0:6588] [0:7292.6201171875] [0:5132.5712890625] [0:3268.560791015625] [0:3960] [0:8655.599609375] [0:5166] [0:4951.28564453125] [0:2934.802978515625] [0:4573.7998046875] [0:3580.460205078125] [0:2064.800048828125] [0:17812.30078125] [0:4818] [0:4695.60009765625] [0:2550.293212890625] [0:4520.66650390625] [0:6280.3701171875] none none [0:4.2857146263122559] [0:4.2857146263122559] [0:3.0000002384185791] [-1548.43701171875:1243.2056884765625] [0:35204.4296875] [0.99999994039535522:7.0000004768371582] [1:30.000001907348633] [0:7] [0:1] [0:30] [0:1] [0:721] [0:2.6457514762878418] [0:5.4772262573242188] [0:2473.101318359375] [0:720] [0:75440.2109375] [0:1] [0:1113.127197265625] [0:135] [-3604.032470703125:3344.489990234375] [0:6143.99951171875] [-1:1]
tree_sizes=3480 3512 3484 3521 3529 3500 3539 3523 3517 3547 3533 3525 3531 3528 3522 3549 3476 3554 3535 3537 3552 3561 3540 3546 3517 3532 3515 3550 3549 3555 3571 3543 3566 3548 3539 3551 3553 3549 3557 3547 3551 3544 3538 3553 3542 3550 3570 3527 3542 3554 3547 3553 3548 3559 3550 3534 3558 3545 3540 3556 3557 3526 3566 3569 3538 3567 3560 3560 3554 3557 3551 3540 3539 3548 3542 3525 3561 3557 3564 3545 3552 3556 3538 3523 3514 3561 3548 3546 3538 3566 3539 3542 3564 3550 3554 3576 3529 3545 3568 3557 3549 3580 3556 3528 3532 3550 3584 3555 3529 3578 3571 3523 3529 3498 3528 3554 3536 3534 3542 3532 3486 3525 3535 3564 3521 3542 3483 3529 3534 3498 3469 3518 3563 3509 3509 3536 3486 3522 3513 3581 3496 3560 3535 3520 3545 3511 3503 3556 3472 3502

Tree=0
num_leaves=31
num_cat=0
split_feature=32 55 38 3 1 32 31 32 29 1 3 1 16 37 1 1 3 13 29 1 29 39 49 27 1 55 3 27 34 55
split_gain=108569 6848.41 3999.58 2965.38 1565.82 1125.07 930.437 839.067 763.902 563.735 554.15 498.321 471.269 436.471 373.793 338.367 330.803 303.682 248.102 235.884 181.662 185.983 169.072 164.499 162.013 131.043 124.905 116.269 112.264 109.185
threshold=16.757418632507328 6.9094996452331552 0.97248759865760814 0.0043500000610947618 0.28869999945163732 10.958402633666994 143.80341339111331 5.7774901390075692 16.175000190734867 0.99950000643730175 0.0014500000397674742 0.99759998917579662 0.12166666612029077 0.033654343336820609 0.27419999241828924 0.99564999341964733 0.0063000000081956395 167.64499664306643 34.194999694824226 0.99759998917579662 22.634999275207523 2.2597209215164189 0.24117014557123187 4.7782497406005868 0.94920000433921825 25.97100925445557 0.0063000000081956395 4.8815078735351571 69.779380798339858 4.522691249847413
decision_type=10 2 10 2 2 10 10 10 8 2 2 2 10 8 2 2 2 10 10 2 10 10 10 10 2 2 2 10 10 2
left_child=1 3 6 4 10 11 15 9 24 -6 14 16 -9 29 -1 25 23 -4 -15 22 -17 -22 -7 -3 26 -2 -5 -18 -19 -10
right_child=2 5 17 8 7 19 -8 12 13 -11 -12 -13 -14 18 -16 20 27 28 -20 -21 21 -23 -24 -25 -26 -27 -28 -29 -30 -31
leaf_value=-0.055428283826842832 0.059421316827137277 -0.027275053304385351 -0.036913229018492179 -0.081051299990785253 -0.078023107730709265 0.042956106339753115 0.096731214588859082 0.016620642704878254 -0.039018218253006685 -0.087432437725201428 -0.076266061980347702 -0.062598762484609438 -0.059077633419372201 -0.085144412438317191 -0.024528301886792454 -0.028431857451742561 -0.060760589653326771 -0.0088455360687331574 -0.071233184947795555 -0.014675654308539177 0.049740237346214189 -0.089684899396797385 -0.0061259140693241398 0.011663386409057451 -0.093510507216699387 0.08339471476560989 -0.090398871839174666 -0.027285237303345245 0.056236014503447833 0.033394448651132308
leaf_weight=2222.246759057045 958.63140344619751 463.56295651197433 703 4626.5892597436905 85441.997917532921 675.79538363218307 7036.2526465058327 220.67812222242355 178.034219622612 19563.049195230007 1653.75 1296.7503367066383 3010.479787170887 36094.256974816322 1749 95.770630776882172 508.83117669820786 124.48833906650543 3517.4256682991982 430.78018867969513 689.41829746961594 24.777934432029724 236.98264670372009 653.74930793046951 53838.420196652412 1406.1787961125374 15703.874561429024 529.12656193971634 141.66899859905243 73.567441463470459
leaf_count=8887 1296 1444 2812 18497 341723 1126 879 778 708 78236 6615 4509 11728 144228 6996 265 1789 480 13885 1125 924 97 592 1506 215328 754 62805 1533 460 179
internal_value=-0.0748179 -0.0821307 0.0773796 -0.083375 -0.0776672 -0.0229987 0.0865929 -0.0790039 -0.0890743 -0.0797761 -0.0519468 -0.0381075 -0.0539077 -0.0834922 -0.0418194 0.0641235 -0.023372 -0.0196916 -0.0839091 0.0158205 0.036232 0.0449031 0.030213 -0.00449183 -0.0920745 0.0736765 -0.0882717 -0.0436956 0.0257958 -0.017845
internal_weight=243869 232689 11180.2 227893 113861 4795.58 10211 108236 114032 105005 5625 3452.02 3231.16 39863.3 3971.25 3174.78 2155.27 969.157 39611.7 1343.56 809.967 714.196 912.778 1117.31 74168.9 2364.81 20330.5 1037.96 266.157 251.602
internal_count=932184 924217 7967 910593 454963 13624 4215 432465 455630 419959 22498 10781 12506 159000 15883 3336 6272 3752 158113 2843 1286 1021 1718 2950 296630 2050 81302 3322 940 887
is_linear=0
shrinkage=0.05


Tree=1
num_leaves=31
num_cat=0
split_feature=32 55 38 3 1 32 31 32 29 1 3 23 1 37 1 1 13 30 27 1 29 1 49 38 3 43 34 34 3 3
split_gain=98160.6 6208.17 3620.18 2704 1415.96 905.142 846.276 822.13 707.33 515 502.198 446.38 434.326 427.437 338.07 306.466 274.174 234.716 223.109 205.515 164.07 149.245 148.318 121.048 114.513 114.459 105.108 101.421 99.7768 97.1791
threshold=16.757418632507328 7.1926605701446542 0.97248759865760814 0.0043500000610947618 0.28869999945163732 10.958402633666994 143.80341339111331 5.7774901390075692 16.175000190734867 0.99950000643730175 0.0014500000397674742 0.27250000834465032 0.99469998478889476 0.033654343336820609 0.27419999241828924 0.99564999341964733 167.64499664306643 25.232500076293949 4.8815078735351571 0.99759998917579662 22.634999275207523 0.94920000433921825 0.24117014557123187 0.90639394521713268 0.0063000000081956395 13.544105052948 6.6009953022003183 69.779380798339858 0.00530000007711351 0.0014500000397674742
decision_type=10 2 10 2 2 10 10 10 8 2 2 10 2 8 2 2 10 10 10 2 10 2 10 10 2 10 10 10 2 2
left_child=1 3 6 4 10 12 15 9 21 -6 14 -9 18 26 -1 23 -4 -15 28 22 29 24 -7 -2 -5 -22 -10 -18 -3 -17
right_child=2 5 16 8 7 19 -8 11 13 -11 -12 -13 -14 17 -16 20 27 -19 -20 -21 25 -23 -24 -25 -26 -27 -28 -29 -30 -31
leaf_value=-0.052698035162307699 0.072200407406315004 -0.017141904308830759 -0.035079725415012072 -0.077075902388296744 -0.074224206257489794 0.040558197633271176 0.092113560055436444 0.014607508370641623 -0.050311307956089207 -0.08322125582864337 -0.072560018339196578 -0.055740762716004671 -0.054447123811985187 -0.080806886520794333 -0.023305452974187041 0.076785033962901303 -0.0084034253554174914 -0.06501339621276514 -0.0011756948294867203 -0.013805315150617642 0.047372364158634661 -0.089022824622571606 -0.0060847024284150725 0.0093148481792693413 -0.086030125849324096 -0.042878450386431975 0.013411905383476658 0.053467201139339129 -0.053588337502765496 -0.051459541877628238
leaf_weight=2220.5407228469849 2282.3440118432045 336.49899193644524 702.76057159900665 4623.1358652114868 85341.351981714368 663.5917055606842 7019.8188993930817 243.46964821219444 118.80319428443909 19548.896265983582 1651.3475245982409 3054.4640258699656 1455.1596510410309 37151.18424192071 1748.7369809746742 18.250423848628998 124.48590517044067 2511.5181928277016 952.62279972434044 420.79713045060635 676.6657816618681 53763.522457480431 229.34068557620049 79.178431808948517 15683.365678623319 37.054444640874863 142.12589716911316 141.55705410242081 424.90306884050369 77.500855594873428
leaf_count=8887 1821 1003 2812 18511 341823 1104 879 845 465 78327 6615 11870 4933 148623 6996 14 480 9930 2376 1093 903 215495 572 229 62845 118 443 460 1461 251
internal_value=-0.0712031 -0.0781622 0.0736489 -0.0793089 -0.073857 -0.0198929 0.0824295 -0.0751282 -0.0847519 -0.075901 -0.0493886 -0.0505473 -0.0343582 -0.0793872 -0.0397486 0.0609914 -0.0187139 -0.0798068 -0.0173032 0.0150026 0.0344418 -0.0876435 0.0285784 0.0700919 -0.0839915 0.0426868 -0.0156018 0.0245169 -0.037481 -0.0270158
internal_weight=243445 232285 11159.6 227802 113809 4482.91 10190.8 108188 113994 104890 5620.63 3297.93 3169.18 39923.6 3969.28 3170.99 968.804 39662.7 1714.02 1313.73 809.472 74070 892.932 2361.52 20306.5 713.72 260.929 266.043 761.402 95.7513
internal_count=932184 924217 7967 911675 455363 12542 4215 432865 456312 420150 22498 12715 9773 159461 15883 3336 3752 158553 4840 2769 1286 296851 1676 2050 81356 1021 908 940 2464 265
is_linear=0
shrinkage=0.05


Tree=2
num_leaves=31
num_cat=0
split_feature=27 55 38 31 27 28 1 1 34 1 55 38 1 13 55 34 39 50 34 15 50 1 55 27 34 37 1 16 30 7
split_gain=80991.4 9705.81 4307.12 2078.04 1796.89 1063.31 1065.7 927.948 733.256 607.769 603.079 439.755 377.154 302.225 271.487 226.804 211.009 268.244 196.897 137.113 222.656 127.619 103.57 102.791 83.7353 82.8972 82.3065 74.4366 71.7295 71.4061
threshold=14.255126953125002 9.1489820480346697 0.97248759865760814 143.80341339111331 2.9305469989776616 0.074999999254941954 0.28869999945163732 0.99469998478889476 32.790147781372077 0.95309999585151683 19.535013198852543 0.63718804717063915 0.51790001988410961 167.64499664306643 5.8109831809997567 0.4286202341318131 1.7364847064018252 3.3106727600097661 11.990007877349855 23.954999923706058 1.0930354595184328 0.99759998917579662 11.42265558242798 42.885154724121101 69.779380798339858 1.3777979612350466 0.99564999341964733 13.875000000000002 0.95000001788139354 2.5000000000000004
decision_type=10 2 8 10 8 8 2 2 8 2 2 8 2 10 2 10 10 10 10 10 10 2 2 10 10 10 2 10 10 2
left_child=1 3 8 4 9 11 -7 10 14 12 22 -6 -1 26 -2 -11 23 -18 29 20 -20 -16 27 -10 -15 -5 -4 -3 -23 -9
right_child=2 7 13 25 5 6 -8 18 16 15 -12 -13 -14 24 21 -17 17 -19 19 -21 -22 28 -24 -25 -26 -27 -28 -29 -30 -31
leaf_value=-0.029325652366600875 -0.012774668394650593 -0.022766058174986371 -0.024277946258832464 0.012311369971049129 -0.015632364556671257 -0.053183372775295071 -0.073219231320170483 -0.018022091117757322 0.073359449012840819 -0.086525747821752111 0.061745977911064898 -0.055236643466341245 -0.075114824447400697 -0.0030161143348667596 0.063510678495981646 -0.080665231398387452 0.074055144216208374 -0.075399921872262854 -0.038920107804115187 0.025865665370890613 0.04731490931726301 0.077058893360804973 0.017871025190238001 0.089803185207309108 0.051512828527586686 0.091395745976057263 -0.055994522844762577 0.014406171897742038 0.012896549080098355 -0.051589343353479866
leaf_weight=455.54365627467632 164.22389081120491 368.2279194444418 589.29694966971874 40.473181441426277 1009.936126485467 7096.3183173388243 102498.1268004775 220.26096570491791 1113.6465925574303 23405.419166013598 773.61836469173431 2290.7407365441322 35122.495056986809 141.88205875456333 1033.494295924902 56028.205367833376 90.371989414095879 44.958370536565781 367.00533331930637 230.96579605340958 94.030578076839447 54.062655389308929 907.66954545676708 6482.3493223488331 139.74811378121376 182.78054046630859 313.3007967621088 212.33532467484474 224.19774781167507 564.40567167103291
leaf_count=1819 550 1064 2363 121 3518 28493 411096 607 723 94343 684 9209 141335 548 1048 225707 48 159 1110 425 138 62 1882 608 454 2 1256 497 439 1876
internal_value=-0.0679818 -0.074102 0.0685802 -0.0754115 -0.0755609 -0.0710798 -0.0719219 0.00580899 0.0801247 -0.0799595 0.0259366 -0.0431186 -0.0745285 -0.0211776 0.0478309 -0.0823921 0.0862898 0.0244044 -0.0250209 -0.00557911 -0.021332 0.0554184 0.00732199 0.0873924 0.0240418 0.0770587 -0.0352871 -0.00917068 0.0253625 -0.0421668
internal_weight=242260 231869 10391.5 228130 227907 112895 109594 3738.52 9207.3 115012 2261.85 3300.68 35578 1184.23 1475.98 79433.6 7731.33 135.33 1476.67 692.002 461.036 1311.75 1488.23 7596 281.63 223.254 902.598 580.563 278.26 784.667
internal_count=932184 923926 8258 915643 915520 452316 439589 8283 3637 463204 4127 12727 143154 4621 2099 320050 1538 207 4156 1673 1248 1549 3443 1331 1002 123 3619 1561 501 2483
is_linear=0
shrinkage=0.05


Tree=3
num_leaves=31
num_cat=0
split_feature=31 55 38 3 34 2 34 34 29 2 13 38 3 21 2 28 2 3 29 34 33 34 55 29 42 31 34 28 2 39
split_gain=73847.3 9296.44 4036.63 2480.1 1258.19 1204.93 875.988 816.954 656.368 534.9 476.263 468.235 462.483 450.938 393.233 305.656 284.596 280.178 256.814 192.311 180.709 169.11 162.528 144.321 147.817 140.618 139.955 147.711 120.577 114.611
threshold=49.300043106079109 7.8388340473175058 0.95559534430503856 0.0043500000610947618 14.200544357299806 0.71129998564720165 23.186078071594242 5.9300408363342294 16.634999275207523 0.70549997687339794 167.64499664306643 0.39692315459251409 0.0014500000397674742 0.085000000894069686 1.0000000180025095e-35 0.39499999582767492 0.72290000319480907 0.00530000007711351 34.194999694824226 69.779380798339858 138.40708160400393 8.2143735885620135 14.178048133850099 34.194999694824226 1.107913672924042 7.896583318710328 1.1873698830604555 0.014999999664723875 1.0000000180025095e-35 1.9773815870285036
decision_type=10 2 10 2 8 2 8 10 8 2 10 8 2 10 2 10 2 2 10 10 8 8 2 10 10 10 10 10 2 10
left_child=1 3 6 5 14 7 22 9 26 -1 -4 21 16 -9 -3 25 -7 -16 -13 28 23 -10 -2 24 -8 -6 -5 -28 -17 -25
right_child=2 4 10 8 15 12 20 13 11 -11 -12 18 -14 -15 17 19 -18 -19 -20 -21 -22 -23 -24 29 -26 -27 27 -29 -30 -31
leaf_value=-0.066239309444395544 -0.0037423251971513798 -0.044287407390358031 -0.038736908382648455 -0.082393730143321409 -0.037965252191595612 -0.018880079131785882 0.062402138551955616 0.0038873068649044776 -0.044820490147392034 -0.073580869830228254 0.030375836516827633 -0.074174234025674926 -0.066877800287324457 -0.051615592676106818 0.01420055783464293 -0.0069736303760445364 -0.046254972677463611 -0.024880478092195887 -0.059916803957799886 -0.05792877705111639 0.084653577351660014 0.02718528452582988 0.044603521245136606 0.070401478384266566 -0.10090853411457262 0.06392335084848115 -0.068159634178448225 -0.079139525269485769 0.033189430174134012 -0.026971038305554029
leaf_weight=61835.421877190471 308.43315228819847 1113.017970085144 888.49649369716644 40373.168115854263 35.701758936047554 1585.4563861787319 29.546824991703033 409.69554325938225 185.42000143229961 41436.160762012005 346.47483237087727 34867.063821151853 1636.9937012195587 3427.5230785012245 859.69180978834629 258.63079543411732 2366.7125168442726 982.99286806583405 3473.081583455205 81.76089258491993 7074.5199624598026 145.54714101552963 398.37134751677513 1258.9444601982832 26.09157021343708 657.60062479972839 3407.8756899535656 30272.982774406672 673.56426931917667 30.963180527091026
leaf_count=250480 829 3636 3561 164227 128 6358 22 1432 700 167860 1044 141254 6615 13496 1933 637 9524 2847 13812 271 920 378 523 846 105 654 13804 123081 1127 80
internal_value=-0.0650816 -0.0709619 0.0654915 -0.0724074 -0.00108214 -0.0671623 0.0769711 -0.0683433 -0.0776513 -0.069185 -0.0193471 -0.0723715 -0.0445298 -0.0456896 -0.0208214 0.0330916 -0.0352732 -0.00664749 -0.0728827 0.0155976 0.0814591 -0.013155 0.0235065 0.0646632 -0.0141822 0.0586766 -0.0804084 -0.0780286 0.0220465 0.0680641
internal_weight=240448 230086 10361.8 225423 4662.96 112698 9126.87 107109 112725 103272 1234.97 38671.1 5589.16 3837.22 2955.7 1707.26 3952.17 1842.68 38340.1 1013.96 8420.07 330.967 706.804 1345.55 55.6384 693.302 74054 33680.9 932.195 1289.91
internal_count=932184 924254 7930 913021 11233 455765 3325 433268 457256 418340 4605 156144 22497 14928 8416 2817 15882 4780 155066 2035 1973 1078 1352 1053 127 782 301112 136885 1764 926
is_linear=0
shrinkage=0.05


Tree=4
num_leaves=31
num_cat=0
split_feature=32 32 38 3 38 1 33 32 1 1 30 3 1 1 29 1 49 13 30 3 34 1 46 34 25 38 3 1 3 37
split_gain=74225.3 4660.61 2736 2328.03 1424.19 1169.48 693.457 565.827 555.513 1179.37 523.094 423.7 291.42 288.192 278.927 239.607 213.275 190.657 189.982 164.302 159.868 157.279 148.081 138.207 266.686 134.421 131.082 125.423 123.036 111.156
threshold=16.757418632507328 6.8683719635009775 0.97248759865760814 0.0043500000610947618 0.85477557778358471 0.28869999945163732 138.40708160400393 10.958402633666994 0.29449999332427984 0.99950000643730175 12.362500190734865 0.0014500000397674742 0.99759998917579662 0.27419999241828924 85.405002593994155 0.99564999341964733 0.18350321054458621 167.64499664306643 92.222503662109389 0.00530000007711351 3.0238257646560673 0.99469998478889476 3.5000000000000004 69.779380798339858 2.8440240621566777 0.7783702313899995 0.0072500000242143878 0.99759998917579662 0.0023999999975785617 0.08645550906658174
decision_type=10 10 10 2 10 2 8 10 2 2 8 2 2 2 10 2 10 10 10 2 10 2 2 10 10 10 2 2 2 10
left_child=1 3 6 5 7 11 15 12 -7 -10 20 13 19 -1 21 -2 27 -4 -12 -3 26 28 -22 25 -25 -17 -5 -9 -6 -14
right_child=2 4 17 10 14 8 -8 16 9 -11 18 -13 29 -15 -16 23 -18 -19 -20 -21 22 -23 -24 24 -26 -27 -28 -29 -30 -31
leaf_value=-0.045718989938275605 0.060827247419474872 0.0029701494645129676 -0.029170046924976902 -0.075022254961280496 -0.023656346326062332 -0.070592528320215064 0.081096855706950188 0.040939247615995586 -0.05851317201699896 -0.073234196935886148 -0.069060719719414715 -0.064020868985295395 0.0011011811316532104 -0.018488527137543401 -0.013326227709960871 0.046899772280578206 -0.0092717975222859992 0.020649357065850662 0.011528604536050938 -0.026961531384942141 -0.073554536704735482 -0.067693856568245975 -0.054795276051664933 -0.092967392203063048 0.065643516189981196 -0.012128778759986752 -0.079518660835102284 -0.0013568696160864567 -0.053961267499727343 -0.052120544206139312
leaf_weight=2196.5217750817537 2040.6401378959417 818.84817558526993 698.47620823979378 24698.524095192552 423.51643818616867 41040.583759248257 7116.9849554300308 600.33164231479168 43447.873156055808 19808.332628324628 24771.284956783056 1624.4662932753563 109.389987424016 1742.4450083523989 397.31074585020542 557.48491840064526 662.59099724888802 264.86563238501549 73.346666052937508 1041.7813964933157 10728.709903523326 1884.282507121563 1166.3458336889744 61.173088699579239 46.758711293339729 116.62176907062531 47154.940222173929 247.54673740267754 1601.0825419574976 951.0649877935648
leaf_count=8881 1884 2240 2812 101623 1685 167860 1054 1028 177085 81095 101279 6616 338 6996 1359 693 1783 940 295 3313 43812 7651 4710 247 31 306 194068 628 6465 3407
internal_value=-0.0624545 -0.0685703 0.0649821 -0.0700025 -0.0327627 -0.0648708 0.0727797 -0.012864 -0.0660622 -0.063123 -0.0751941 -0.0425345 -0.0257115 -0.0336733 -0.0532406 0.051809 0.0119816 -0.0154725 -0.0688228 -0.0137888 -0.0770843 -0.0572976 -0.0717151 0.028277 -0.0242532 0.0366877 -0.0779731 0.0285905 -0.0476219 -0.0466305
internal_weight=238094 227191 10903 218453 8737.75 109860 9939.66 4431.55 104297 63256.2 108593 5563.43 2921.08 3938.97 4306.19 2822.68 1510.47 963.342 24844.6 1860.63 83748.5 3908.88 11895.1 782.038 107.932 674.107 71853.5 847.878 2024.6 1060.45
internal_count=932184 924217 7967 894320 29897 448533 4215 12737 426040 258180 445787 22493 9298 15877 17160 3161 3439 3752 101574 5553 344213 15801 48522 1277 278 999 295691 1656 8150 3745
is_linear=0
shrinkage=0.05


Tree=5
num_leaves=31
num_cat=0
split_feature=27 55 38 3 31 1 55 27 34 30 38 1 3 34 1 1 1 3 23 55 39 50 30 20 1 33 1 23 27 27
split_gain=61749.7 7572.31 3281.78 2167.3 1376.08 1055.24 965.354 716.965 595.515 574.688 521.29 447.809 395.608 367.385 332.164 329.564 260.873 231.278 216.324 211.018 176.251 223.689 146.967 138.977 120.966 115.442 104.05 99.9797 92.2135 89.9372
threshold=14.255126953125002 7.8388340473175058 0.97248759865760814 0.0043500000610947618 143.80341339111331 0.28869999945163732 16.133558273315433 4.7782497406005868 32.790147781372077 12.511250019073488 0.14474907517433169 0.99950000643730175 0.0014500000397674742 6.4511806964874276 0.99759998917579662 0.99469998478889476 0.27419999241828924 0.00530000007711351 165.54999542236331 7.1926605701446542 1.7364847064018252 3.3106727600097661 92.222503662109389 4.4997768402099618 0.92020002007484447 41.561222076416023 0.99759998917579662 0.033333332277834422 42.885154724121101 6.3855087757110605
decision_type=10 2 8 2 10 2 2 10 8 8 8 2 2 10 2 2 2 2 10 2 10 10 10 10 2 8 2 10 10 10
left_child=1 3 8 5 9 12 14 11 19 13 -9 -7 16 -5 17 25 -1 24 -4 -2 28 -22 -11 27 -3 -8 -21 -17 -10 -16
right_child=2 6 18 4 -6 7 15 10 20 22 -12 -13 -14 -15 29 23 -18 -19 -20 26 21 -23 -24 -25 -26 -27 -28 -29 -30 -31
leaf_value=-0.043527357221427983 -0.0030020943584457408 -0.0029170548612009214 -0.029593017820554835 -0.074505223053680208 0.074307555641672726 -0.062225032832353144 0.025191480454483575 0.049936099261768584 0.064663066954774792 -0.065798563036727473 -0.045786589729912709 -0.070811313022474509 -0.061471567090432971 -0.051046732641308323 -0.050252386884503134 0.041878563742947107 -0.017585997612486495 -0.021526602230931571 0.020665125916028884 0.057604328561439204 0.066141739331435981 -0.071399167165089011 -0.004965321627990067 0.037290419587977713 0.03342752068378315 0.060389563710319276 0.021858148463715713 -0.032647467267369015 0.080473654433261488 -0.021513020567173673
leaf_weight=2187.0137486308813 219.90379551053047 538.76370042562485 892.71045535802841 81700.109842926264 160.97260521352291 82365.84266012907 369.44764059782028 147.65740998089314 1082.3256619423628 26365.856260627508 3869.1202344149351 18617.703122735023 1608.5197021961212 1703.8279280215502 713.02298241853714 53.563667938113213 1740.3299810141325 1065.7744721770287 281.66102783381939 977.5767213255167 88.034300431609154 44.505855858325958 99.659091964364052 149.09998598694801 398.11798739433289 630.52052375674248 257.11751711368561 281.55847528576851 6234.6513075828552 440.33865587413311
leaf_count=8887 682 1393 3611 340790 37 340094 626 378 723 108910 15433 77282 6614 6783 2506 73 6996 3112 1010 964 48 159 392 222 792 499 453 811 608 1296
internal_value=-0.0600587 -0.0654774 0.0610242 -0.0668072 -0.071775 -0.0618623 -0.00226614 -0.062984 0.071386 -0.071989 -0.0422678 -0.063808 -0.040586 -0.074026 -0.0179055 0.0309898 -0.0320319 -0.00559557 -0.0175391 0.0421234 0.0770999 0.0199567 -0.0655695 -0.00286852 0.0125272 0.0473853 0.0501604 -0.0207357 0.078135 -0.0392801
internal_weight=235285 225207 10078.5 220567 110030 110536 4640.21 105000 8904.12 109869 4016.78 100984 5535.86 83403.9 3156.02 1484.19 3927.34 2002.66 1174.37 1454.6 7449.52 132.54 26465.5 484.222 936.882 999.968 1234.69 335.122 7316.98 1153.36
internal_count=932184 923926 8258 912596 456912 455684 11330 433187 3637 456875 15811 417376 22497 347573 9099 2231 15883 5297 4621 2099 1538 207 109302 1106 2185 1125 1417 884 1331 3802
is_linear=0
shrinkage=0.05


Tree=6
num_leaves=31
num_cat=0
split_feature=32 32 53 3 32 53 1 1 1 30 1 3 39 3 1 33 1 1 28 27 5 1 37 30 3 32 3 27 34 26
split_gain=62250.9 3277.74 2803.34 2132.72 1135.62 1075.9 1039.62 517.422 1071.82 472.187 373.744 364.305 321.172 319.871 242.003 206.758 192.896 189.363 189.174 178.027 175.839 168.13 164.694 157.766 131.814 130.792 110.42 105.242 103.775 101.106
threshold=14.439322948455812 6.4958186149597177 1.019852936267853 0.0043500000610947618 28.391327857971195 0.81428641080856334 0.28869999945163732 0.29449999332427984 0.99950000643730175 12.362500190734865 0.99759998917579662 0.0014500000397674742 2.1077735424041752 0.00530000007711351 0.27419999241828924 138.40708160400393 0.99759998917579662 0.99469998478889476 21.615000724792484 42.885154724121101 11.500000000000002 0.94920000433921825 0.08645550906658174 92.222503662109389 0.00530000007711351 10.958402633666994 0.0072500000242143878 4.2412011623382577 1.6254621744155886 29.053166389465336
decision_type=10 10 10 2 10 10 2 2 2 8 2 2 10 2 2 10 2 2 10 10 2 2 10 10 2 10 2 10 10 10
left_child=1 3 4 6 16 10 11 -8 -9 21 13 14 19 25 -1 -4 -2 18 -7 20 -6 24 -12 26 -5 -3 -11 -15 -23 -24
right_child=2 5 15 9 12 17 7 8 -10 23 22 -13 -14 27 -16 -17 -18 -19 -20 -21 -22 28 29 -25 -26 -27 -28 -29 -30 -31
leaf_value=-0.041762488522023279 0.039591233841978934 0.0017335781983802451 -0.030643002151079103 -0.057806251521284269 -0.0016490730611223141 -0.049045919019009204 -0.065580867536093532 -0.053841220762766012 -0.068108266847850596 -0.059840508243968443 0.0088503181582361441 -0.059011720960993032 -0.033450931281747344 -0.044618881764787156 -0.016729213790919694 0.023610581470300557 0.0037022627295223171 -0.061965865991197383 -0.015021752995821078 0.077742465399170263 0.064104206620571522 -0.074941139796587744 -0.046896126282920156 0.010045383964690605 -0.069626861036347742 0.035845675820766136 -0.066820973844095757 -0.014097859344813194 -0.070563038249750298 -0.0020086569619995618
leaf_weight=2171.8367858082056 1482.6380727738142 941.33884409070015 873.22872807085514 2666.4672807008028 107.49018386006355 1833.0808493793011 40067.559582293034 42335.13880340755 19104.737000152469 9308.0418304502964 177.81219457089901 1591.3319607675076 70.70546518266201 372.36284780502319 1738.0463694930077 219.81407217681408 500.89450126886368 2155.1396096348763 525.69203105568886 6206.9901035875082 1879.8082081675529 36292.546659171581 1226.6174886226654 71.982425972819328 20415.071340307593 400.57322588562965 14475.770740672946 1169.6316597759724 21585.02294562757 139.74068394303322
leaf_count=8880 2254 2651 3539 11223 231 7554 167860 176304 80408 39049 511 6616 203 1338 6996 731 1143 8882 1931 726 1164 154330 4414 293 86315 753 60722 3487 91315 361
internal_value=-0.0578576 -0.0637267 0.0563849 -0.0649784 0.0645031 -0.0340741 -0.0600131 -0.0611604 -0.0582776 -0.0700477 -0.0165633 -0.0388432 0.0726568 -0.00593397 -0.0306345 -0.0197324 0.0305283 -0.051252 -0.0414631 0.0735724 0.0605477 -0.0718694 -0.0364148 -0.0638654 -0.0682613 0.0119164 -0.0640891 -0.0214681 -0.0733084 -0.0423054
internal_weight=232107 220766 11341.6 211824 10248.5 8941.99 107009 101507 61439.9 104815 4428.08 5501.22 8264.99 2883.91 3909.88 1093.04 1983.53 4513.91 2358.77 8194.29 1987.3 80959.1 1544.17 23855.8 23081.5 1341.91 23783.8 1541.99 57877.6 1366.36
internal_count=932184 922193 9991 890311 5721 31882 447064 424572 256712 443247 13515 22492 2324 8229 15876 4270 3397 18367 9485 2121 1395 343183 5286 100064 97538 3404 99771 4825 245645 4775
is_linear=0
shrinkage=0.05


Tree=7
num_leaves=31
num_cat=0
split_feature=32 55 3 53 1 32 27 32 17 21 1 3 32 1 39 3 1 56 27 5 30 33 1 49 21 55 27 1 1 11
split_gain=57124.9 4090.62 2085.83 1962.08 950.105 632.303 589.94 567.779 534.144 507.119 417.36 342.449 308.061 307.082 297.81 223.592 219.305 182.282 173.497 163.33 152.107 150.478 150.468 147.922 120.969 116.066 108.818 101.574 97.4774 94.8263
threshold=16.757418632507328 6.9094996452331552 0.0043500000610947618 1.017706096172333 0.28869999945163732 28.391327857971195 4.4940402507781991 10.958402633666994 11.815000057220461 0.085000000894069686 0.29449999332427984 0.0014500000397674742 7.2725863456726083 0.99759998917579662 2.1077735424041752 0.0063000000081956395 0.27419999241828924 12.500000000000002 42.885154724121101 11.500000000000002 92.222503662109389 138.40708160400393 0.94920000433921825 0.24117014557123187 14.105000019073488 8.2278690338134783 4.7782497406005868 0.99759998917579662 0.98020002245903026 -0.68301269412040699
decision_type=10 2 2 10 2 10 10 10 8 10 2 2 10 2 10 2 2 2 10 2 10 10 2 10 10 2 10 2 2 2
left_child=1 2 4 5 11 25 10 13 12 -8 -6 16 22 15 18 26 -1 -14 19 -7 24 -5 -4 27 -10 -2 -3 -9 -16 -25
right_child=3 7 8 21 6 14 9 23 20 -11 -12 -13 17 -15 28 -17 -18 -19 -20 -21 -22 -23 -24 29 -26 -27 -28 -29 -30 -31
leaf_value=-0.039784554342733536 0.004808374681784881 -0.017696861975708071 -0.066247294210525484 -0.025145476798045574 -0.063265511558564844 -0.0015664076867814578 0.013171186082944998 0.033616356837508819 -0.063041913248937431 -0.045919031349802637 -0.056605174202831343 -0.056799573911809544 -0.049067932646335237 -0.045753671819905972 0.038592559848530161 -0.031464798033247282 -0.015915463486900924 0.015037657272431865 0.075456418515769133 0.061826062493534374 -0.00407621045519689 0.022788656253172668 -0.071133954708806027 -0.040508750137570229 -0.054000061085037535 0.041330551556572642 0.014134926187666166 -0.0018929610412261383 -0.080743364280921284 0.0097499665751690067
leaf_weight=2159.8072281479836 265.5811158567667 456.89124010503292 22083.748946934938 658.80638258159161 39472.348112165928 107.50434984266758 399.70252038538456 667.44653637707233 23701.795140743256 3964.3447125405073 58204.530836984515 1571.5974988341331 585.33426554501057 1251.0190472304821 29.021719440817833 1016.3296421170235 1735.6292130053043 136.80805626511574 6076.4133509844542 1852.8082501888275 115.26765942573547 217.87509916722775 54949.626039221883 178.63519158959389 4383.2273562550545 1202.5055566728115 651.07298749685287 288.41499650478363 41.698908671736717 197.7450929582119
leaf_count=8887 725 1444 95012 2664 167860 231 1519 1126 101022 16293 246793 6615 2410 4509 40 3322 6996 427 724 1159 458 719 237817 554 18484 1542 1506 718 163 445
internal_value=-0.0558246 -0.0612951 -0.0623118 0.0583625 -0.0574051 0.0649173 -0.0584931 -0.015192 -0.0672904 -0.040507 -0.0592967 -0.0370981 -0.0694283 -0.0261013 0.0703848 -0.0145278 -0.0291496 -0.0369233 0.0712837 0.0583496 -0.0613955 -0.0132328 -0.0697331 0.0124474 -0.0616308 0.0347236 0.00100845 0.022902 -0.0317713 -0.0141035
internal_weight=228624 218171 213464 10452.2 107508 9575.53 102041 4707.55 105956 4364.05 97676.9 5467.03 77755.5 3375.31 8107.45 2124.29 3895.44 722.142 8036.73 1960.31 28200.3 876.681 77033.4 1332.24 28085 1468.09 1107.96 955.862 70.7206 376.38
internal_count=932184 924217 910593 7967 454963 4584 432465 13624 455630 17812 414653 22498 335666 10781 2317 6272 15883 2837 2114 1390 119964 3383 332829 2843 119506 2267 2950 1844 203 999
is_linear=0
shrinkage=0.05


Tree=8
num_leaves=31
num_cat=0
split_feature=32 55 38 3 1 33 32 29 32 21 1 3 38 1 3 1 1 21 27 1 43 34 25 38 11 50 3 34 32 27
split_gain=52459.7 3835.83 2035.45 2030.39 901.379 590.093 566.478 525.776 515.149 487.653 426.486 320.26 312.077 282.182 203.003 201.545 196.98 185.917 135.784 131.674 121.153 118.067 211.687 116.412 115.509 119.087 113.592 105.61 102.251 98.2915
threshold=16.757418632507328 6.9094996452331552 0.97248759865760814 0.0043500000610947618 0.28869999945163732 138.40708160400393 4.5117950439453134 16.175000190734867 10.958402633666994 0.085000000894069686 0.99950000643730175 0.0014500000397674742 0.32625842094421392 0.99759998917579662 0.0063000000081956395 0.27419999241828924 0.99564999341964733 14.105000019073488 42.885154724121101 0.94920000433921825 13.544105052948 69.779380798339858 2.8440240621566777 0.7783702313899995 -0.25000000000000006 0.23973796516656878 0.0063000000081956395 6.1773288249969491 54.374597549438484 4.7782497406005868
decision_type=10 2 10 2 2 8 10 8 10 10 2 2 8 2 2 2 2 10 10 2 10 10 10 10 2 10 2 8 10 10
left_child=1 3 5 4 11 16 10 19 13 -8 -6 15 27 14 29 -1 -2 -14 -4 26 -20 23 -23 -18 25 -10 -5 -9 -7 -3
right_child=2 8 18 7 6 28 9 12 24 -11 -12 -13 17 -15 -16 -17 21 -19 20 -21 -22 22 -24 -25 -26 -27 -28 -29 -30 -31
leaf_value=-0.038069730415220444 0.052374642517495566 -0.016843074325223886 -0.024921702607958559 -0.057044639153573995 -0.055732587083090979 0.052023570128665236 0.010014138815287774 -0.04658420751796135 0.029114600765216256 -0.044969111761838328 -0.064462878141249347 -0.054707630472789218 -0.06209653894053524 -0.043865881860235406 -0.030022431186434446 -0.015142243432333584 0.039943609584020802 -0.051379029464576779 0.030279845021928715 -0.069178523977360656 -0.068813772425948508 -0.088307278510025816 0.05547151485226242 -0.015313480595635401 0.032808054077429608 -0.010624391467529375 -0.066359862689755064 0.024419242899038657 0.073611386859187153 0.013424220313184965
leaf_weight=2144.6295017302036 1958.9474886953831 456.0700881332159 686.24361024796963 4244.9661325216293 78371.972804248333 603.77698218822479 441.12748618423939 82.843661531805992 271.17160817980766 4698.3032968789339 17028.532220348716 1550.6433326452971 31897.939432412386 1239.8993686884642 1012.0104049742222 1733.1092958450317 544.69476693868637 4634.318770930171 231.68829517066479 48672.720281377435 35.582009434700012 59.935515195131302 44.687880620360374 115.53184415400028 439.90305897593498 618.5718784481287 14288.028027430177 142.3738823980093 5993.2923009097576 651.25981861352921
leaf_count=8887 1884 1444 2772 18497 337116 508 1679 345 491 19546 74124 6615 138437 4509 3322 6996 693 19777 835 215328 145 247 31 306 783 1569 62805 441 546 1506
internal_value=-0.0539361 -0.0592198 0.0564339 -0.0602188 -0.0553483 0.0635519 -0.0564198 -0.0651832 -0.0144929 -0.0402498 -0.0572909 -0.0355024 -0.0603752 -0.0249197 -0.0138354 -0.0278226 0.0439729 -0.060737 -0.0131465 -0.0678129 0.0170874 0.0224541 -0.0268949 0.0302743 0.0118494 0.00148706 -0.0642262 -0.00169855 0.0716356 0.00095819
internal_weight=224895 214620 10274.4 209932 105968 9320.87 100540 103963 4688.89 5139.43 95400.5 5428.38 36757.5 3359.24 2119.34 3877.74 2723.8 36532.3 953.514 67205.7 267.27 764.85 104.623 660.227 1329.65 889.743 18533 225.218 6597.07 1107.33
internal_count=932184 924217 7967 910593 454963 4215 432465 455630 13624 21225 411240 22498 159000 10781 6272 15883 3161 158214 3752 296630 980 1277 278 999 2843 2060 81302 786 1054 2950
is_linear=0
shrinkage=0.05


Tree=9
num_leaves=31
num_cat=0
split_feature=32 38 55 3 32 2 2 2 17 32 3 14 2 11 33 32 2 2 16 34 3 2 23 49 3 3 2 34 2 46
split_gain=48273.1 2875.68 2388.03 1972.57 1221.52 874.859 531.037 1079.09 495.081 411.292 300.188 267.623 259.122 230.001 212.236 206.927 171.168 164.64 160.438 150.029 137.305 132.605 123.745 110.392 105.887 105.077 93.0436 92.6833 91.2468 87.0106
threshold=12.940662384033205 0.95559534430503856 6.1862978935241708 0.0043500000610947618 28.391327857971195 0.71129998564720165 0.70549997687339794 1.0000000180025095e-35 11.815000057220461 6.4958186149597177 0.0014500000397674742 169.18500518798831 1.0000000180025095e-35 -0.25000000000000006 41.561222076416023 4.9882788658142099 0.72290000319480907 1.0000000180025095e-35 0.011666666716337206 69.779380798339858 0.0072500000242143878 0.18620000034570697 71.694999694824233 0.17867930978536609 0.00530000007711351 0.0072500000242143878 0.0043500000610947618 69.779380798339858 0.021749999374151233 15.500000000000002
decision_type=10 10 2 2 10 2 2 2 8 10 2 10 2 2 8 10 2 2 10 10 2 2 10 10 2 2 2 10 2 2
left_child=2 4 3 5 12 6 7 -1 15 21 16 26 29 17 19 20 -7 -11 -17 -6 -5 -4 25 -14 -19 -10 -3 -13 -21 -2
right_child=1 11 9 8 14 10 -8 -9 22 13 -12 27 23 -15 -16 18 -18 24 -20 28 -22 -23 -24 -25 -26 -27 -28 -29 -30 -31
leaf_value=-0.061726087931279809 -0.0099434942324182051 -0.046009133988388289 -0.047493000187321714 -0.062999358734510805 0.048179131835851111 -0.013868637806460752 -0.059291877658354246 -0.047258764881639596 -0.053920765140789362 -0.038950408870931937 -0.052743378712124638 -0.0060632637113333674 0.046205886020193931 0.0095613651788034396 0.068805609359966241 -0.015655593330857389 -0.035297678514570878 0.0054733671618994312 -0.055591014477252336 -0.063367113670689548 -0.067572658361326088 -0.0031304382358704184 -0.013411573709270409 0.020268368288976421 -0.0226503457277966 -0.060362862928249328 -0.016988269798770102 0.046650965728113634 0.042182228900707747 0.045059694250412667
leaf_weight=18701.641426533461 527.7175011485815 451.96905858814716 1466.1559323519468 25239.762116715312 264.63730674982071 1573.125091791153 38217.836634814739 41470.40269510448 10354.401877403259 767.45151987671852 1528.5376887470484 154.38647396862507 997.00455157458782 913.23467518389225 7316.5917571932077 292.97036345303059 2286.0715846568346 610.18149469792843 1776.5221993476152 58.651294901967049 46925.597757577896 190.31306228041649 157.52043132483959 697.01391059160233 741.27347423136234 16285.401094183326 710.13986892998219 181.31146390736103 31.458833754062653 83.243105381727219
leaf_count=82697 1325 1872 5727 113540 292 6358 167860 179752 45599 2698 6615 563 1305 2302 1526 1203 9525 1499 7765 201 211668 619 658 1328 2278 71824 2916 484 37 148
internal_value=-0.0521732 0.0476851 -0.0576424 -0.05845 0.057384 -0.0536084 -0.0546827 -0.0517552 -0.0634232 -0.0223604 -0.0339902 -0.0169157 0.0254659 -0.0114148 0.0669744 -0.0655261 -0.0265626 -0.0204553 -0.0499375 0.0292051 -0.0659732 -0.0423961 -0.0575977 0.0355337 -0.0099525 -0.0578589 -0.0282751 0.0224078 -0.0265182 -0.00244933
internal_weight=220973 11474.1 209498 204810 9976.32 103778 98389.9 60172 101032 4688.61 5387.73 1497.81 2304.98 3032.14 7671.34 74234.9 3859.2 2118.91 2069.49 354.747 72165.4 1656.47 26797.3 1694.02 1351.45 26639.8 1162.11 335.698 90.1101 610.961
internal_count=932184 11997 920187 905064 6162 452807 430309 262449 452257 15123 22498 5835 4106 8777 2056 334176 15883 6475 8968 530 325208 6346 118081 2633 3777 117423 4788 1047 238 1473
is_linear=0
shrinkage=0.05


Tree=10
num_leaves=31
num_cat=0
split_feature=32 32 38 1 55 32 1 1 1 56 1 34 46 39 13 27 27 1 1 57 1 1 1 25 28 37 25 2 49 32
split_gain=44458.9 2761.85 2248.27 1594.65 888.103 824.609 699.46 419.225 2913.22 346.773 331.09 292.052 303.976 242.389 212.456 183.867 168.101 273.819 161.847 157.243 155.734 139.801 138.501 113.036 112.11 110.807 107.983 106.551 95.3828 93.0439
threshold=14.439322948455812 6.3514029979705819 0.95559534430503856 0.95309999585151683 5.1749343872070321 28.391327857971195 0.28869999945163732 0.37475000321865087 0.51790001988410961 8.5000000000000018 0.99759998917579662 1.6596198678016665 3.5000000000000004 1.9773815870285036 167.64499664306643 1.6336091160774233 2.5474863052368169 0.91440001130104076 0.37379999458789831 -4.302499294281005 0.99759998917579662 0.99564999341964733 0.27419999241828924 0.12944196909666064 11.105000019073488 0.08645550906658174 3.5668616294860844 0.73160001635551464 0.20354082435369494 54.374597549438484
decision_type=10 10 10 2 2 10 2 2 2 2 2 10 2 10 10 10 10 2 2 10 2 2 2 8 10 10 10 2 10 10
left_child=1 3 5 6 9 20 22 18 -9 21 19 23 24 16 -4 -14 17 -7 -8 28 -2 -3 27 -5 -13 -12 -15 -1 -6 -18
right_child=2 4 14 11 10 13 7 8 -10 -11 25 12 15 26 -16 -17 29 -19 -20 -21 -22 -23 -24 -25 -26 -27 -28 -29 -30 -31
leaf_value=-0.063867440474346587 0.036405683483731133 -0.038120790582634706 -0.025009464110337616 -0.068017679570301137 0.023258768038979031 0.069003470602824898 -0.057119618732482752 -0.0057704159347629182 -0.053899118266774806 0.0034939468712753864 0.013521231109610047 -0.060706366013087432 -0.057743398972512273 -0.07414514644751613 0.021661658904324543 -0.027619265002047307 0.05483694541706096 -0.030228072259080425 -0.076375357353027584 -0.012226872515947432 0.0031472466289478272 -0.055242242339082384 -0.029548481637127436 -0.062894361870065543 -0.050711576151932995 -0.035099615031314285 0.049097104439637211 -0.040256218766466179 -0.0054338148707722134 0.070159439888610731
leaf_weight=567.07707551121712 1365.5973992496729 2642.4737301170826 945.76850081980228 16244.412295877934 791.02941879630089 170.9418036043644 44415.126657798886 3328.6977732628584 56714.162268459797 384.55823278427124 129.51736155152321 31621.028895795345 867.85674537718296 44.412521556019783 328.55424447357655 1216.6729553490877 1189.0794033557177 117.1702751070261 1118.7397068887949 1272.274353787303 474.20970544219017 2172.4316991865635 3092.9655583500862 31923.201570600271 3078.8541774004698 1230.4231598973274 29.632209658622742 3035.6495638638735 456.97813829779625 5940.4221994578838
leaf_count=2442 1963 11374 3893 74715 1673 42 198559 14702 253966 1423 324 143672 3938 168 1022 5364 864 314 4950 3830 1057 9494 13046 146440 13677 4317 30 13054 1233 638
internal_value=-0.0505179 -0.0556504 0.0493193 -0.0568917 -0.0286878 0.0578265 -0.0529808 -0.0539747 -0.0512309 -0.0421966 -0.0105862 -0.0620603 -0.0587055 0.0651922 -0.0129764 -0.0401609 0.0660908 0.0286477 -0.0575927 0.000142563 0.0278333 -0.0458458 -0.0373097 -0.0646222 -0.0598195 -0.0304691 -0.0248244 -0.0439727 0.0127525 0.0676039
internal_weight=216910 206304 10605.8 197224 9079.69 9331.47 112272 105577 60042.9 5199.46 3880.22 84952 36784.4 7491.66 1274.32 2084.53 7417.61 288.112 45533.9 2520.28 1839.81 4814.91 6695.69 48167.6 34699.9 1359.94 74.0447 3602.73 1248.01 7129.5
internal_count=932184 922193 9991 888525 33668 5076 500719 472177 268668 22291 11377 387806 166651 2056 4915 9302 1858 356 203509 6736 3020 20868 28542 221155 157349 4641 198 15496 2906 1502
is_linear=0
shrinkage=0.05


Tree=11
num_leaves=31
num_cat=0
split_feature=32 32 3 38 55 1 33 1 1 30 1 56 3 3 38 34 47 1 29 30 1 37 1 34 1 32 57 32 47 3
split_gain=40981.8 3245.68 1993 1655.97 909.569 816.345 583.725 482.826 1015.02 459.842 299.01 298.23 286.174 235.069 188.256 169.685 197.049 167.12 151.541 148.044 139.154 131.851 131.33 119.855 117.945 106.87 103.629 103.004 101.299 100.952
threshold=16.757418632507328 6.8683719635009775 0.0043500000610947618 0.9917832911014558 4.8963451385498056 0.28869999945163732 138.40708160400393 0.29449999332427984 0.99950000643730175 13.165000438690187 0.99759998917579662 9.5000000000000018 0.0014500000397674742 0.00530000007711351 0.91092780232429515 1.1873698830604555 1.0000000180025095e-35 0.27419999241828924 35.07500076293946 92.222503662109389 0.99564999341964733 0.08645550906658174 0.37475000321865087 69.779380798339858 0.91830000281333934 54.374597549438484 -4.4774997234344474 28.391327857971195 0.35000000894069677 0.00530000007711351
decision_type=10 10 2 10 2 2 8 2 2 8 2 2 2 2 10 10 2 2 10 10 2 10 2 10 2 10 10 10 2 2
left_child=1 2 5 6 11 12 14 -7 -9 15 13 20 17 24 18 -4 -17 -1 23 22 29 -12 -11 -2 -6 -8 -15 -20 -22 -3
right_child=3 4 9 -5 10 7 25 8 -10 19 21 -13 -14 26 -16 16 -18 -19 27 -21 28 -23 -24 -25 -26 -27 -28 -29 -30 -31
leaf_value=-0.033247653053881464 0.02911417367915476 -0.022672788832812013 -0.064320355933091142 -0.014264002422426271 0.0065617001143048227 -0.055643040546324386 0.0462383210369516 -0.043869577618825102 -0.058299547176843096 -0.061167915484799697 0.020494617828950578 0.008257506709053973 -0.049594184639221391 0.0034173085546009146 -0.022852856117688378 -0.060750200385222386 -0.047977238690787072 -0.01220814409035793 0.034176428057853502 0.017952399297152168 -0.055393498013632393 -0.030196147831195282 -0.051763774696955138 -0.036184127253774692 0.037634712227814268 0.068579437006029115 -0.024498523293221001 0.055961796920408091 -0.0021133067749419627 -0.043864819367426207
leaf_weight=2089.3129043281078 245.75885680317879 1043.7247319966555 39264.622110649943 871.28058917820454 709.24796018004417 36798.901615738869 592.16589038074017 39668.84961463511 17590.589897945523 4824.0275766402483 143.65370453894138 313.16910968720913 1488.812365680933 677.30529779195786 119.81192247569561 31780.813716381788 3336.4732506871223 1721.5359665453434 988.78119990229607 71.873272269964218 1729.8992974311113 1198.8698099702597 16112.333620771766 98.41475248336792 536.31308181583881 5572.7195162326097 652.91684466600418 1202.3530300557613 94.060487300157547 1217.4821289181709
leaf_count=8881 384 4431 185583 3574 1696 167860 558 177085 81095 22068 334 1113 6616 1684 406 148974 15361 6996 1382 295 7669 4083 73506 269 1026 568 2107 826 408 5346
internal_value=-0.0489544 -0.0537484 -0.0550547 0.0514959 -0.0231592 -0.0500986 0.057992 -0.0511744 -0.0483026 -0.0602169 -0.00564024 -0.0387662 -0.0310054 0.00433147 0.0383918 -0.0620619 -0.0595366 -0.0237431 0.0412861 -0.0536847 -0.042371 -0.0247721 -0.0539306 0.0104424 0.0199411 0.0664335 -0.0102847 0.0461308 -0.0526459 -0.034083
internal_weight=212756 203065 194748 9691.29 8316.64 99358 8820.01 94058.3 57259.4 95390.1 3918.31 4398.34 5299.66 2575.78 2655.12 74381.9 35117.3 3810.85 2535.31 21008.2 4085.17 1342.52 20936.4 344.174 1245.56 6164.89 1330.22 2191.13 1823.96 2261.21
internal_count=932184 924217 894320 7967 29897 448533 4393 426040 258180 445787 10930 18967 22493 6513 3267 349918 164335 15877 2861 95869 17854 4417 95574 653 2722 1126 3791 2208 8077 9777
is_linear=0
shrinkage=0.05


Tree=12
num_leaves=31
num_cat=0
split_feature=32 32 3 55 32 55 1 53 1 1 30 55 3 1 39 27 1 1 1 1 3 59 30 53 53 3 1 3 34 30
split_gain=37881.5 2863.6 1943.72 930.378 890.036 852.118 776.791 522.419 487.775 1000.3 444.517 284.036 271.116 268.418 254.976 176.138 169.712 164.659 151.811 140.607 137.617 130.725 129.835 127.846 114.641 112.507 108.148 107.663 106.62 92.3874
threshold=11.792085170745851 28.391327857971195 0.0043500000610947618 6.4254159927368173 6.3514029979705819 4.3022685050964364 0.28869999945163732 1.0326826572418215 0.29449999332427984 0.99950000643730175 12.362500190734865 5.3272142410278329 0.0014500000397674742 0.99950000643730175 2.1077735424041752 42.885154724121101 0.99759998917579662 0.94920000433921825 0.27419999241828924 0.92020002007484447 0.00530000007711351 -0.50135800242424 92.222503662109389 0.097346402704715743 0.40711022913455969 0.0072500000242143878 0.99274998903274547 0.0043500000610947618 1.1873698830604555 0.17249999940395358
decision_type=10 10 2 2 10 2 2 10 2 2 8 2 2 2 10 10 2 2 2 2 2 8 10 10 10 2 2 2 10 10
left_child=2 5 3 6 10 23 12 14 -8 -10 17 24 18 19 15 21 27 20 -1 -5 -4 -3 25 -2 -6 -12 -13 -7 -19 -18
right_child=1 7 4 13 11 16 8 -9 9 -11 22 26 -14 -15 -16 -17 29 28 -20 -21 -22 -23 -24 -25 -26 -27 -28 -29 -30 -31
leaf_value=-0.031711312153090747 0.02970358974516853 -0.04857261242352013 -0.045568846039631336 -0.0084404226668462028 -0.01083239694423974 0.043676966612842004 -0.053967561475172968 0.0036529164848258253 -0.042140823229119218 -0.056481369372597706 -0.04811305044812611 -0.0092836616073418889 -0.047931983799540695 -0.034855752045381702 -0.034340660912665424 0.067009350000028375 0.044676425225402869 -0.064412583565138667 -0.011616363119207088 0.030835524868057535 -0.058351029724662086 0.050809793909761536 0.015591286113952883 -0.03023241433318016 -0.049188947373762323 -0.055563346129532523 -0.033669014513602123 0.019187300488492029 -0.059818988979922098 -0.0058213278653151393
leaf_weight=2073.8899907767773 95.64205139875412 33.718269169330597 2384.167431011796 591.12527714669704 210.80214157700539 876.66739627718925 36063.116584420204 411.93248987197876 39625.052385136485 17543.966574966908 8340.0698695033789 956.22023524343967 1464.6104634851217 651.9423663020134 68.679012402892113 5360.922156482935 107.17030403017998 25973.243028625846 1718.8457293361425 370.82331800460815 18030.458381563425 1772.0709712654352 69.951223358511925 1275.7463230490685 2566.9853782653809 12912.710466146469 866.85179926455021 919.50216355919838 24592.788882032037 584.92508855462074
leaf_count=8887 232 97 11213 1716 819 1183 167860 1578 179620 82649 38806 2842 6615 2447 203 746 187 126801 6996 835 86190 1318 290 5369 11647 60334 3089 1697 118472 1446
internal_value=-0.0474784 0.0407029 -0.052629 -0.0477426 -0.0576767 0.00559322 -0.0483596 0.0584229 -0.0494141 -0.0465416 -0.0587466 -0.0362137 -0.0296602 -0.0100867 0.0615411 0.06246 0.0230345 -0.0606483 -0.0226044 0.00670013 -0.0568582 0.0489541 -0.0524158 -0.0260524 -0.0462781 -0.0526397 -0.0208786 0.0311401 -0.0621785 0.0019982
internal_weight=208515 11507 197008 100103 96904.2 3859.65 98489.5 7647.32 93232.1 57169 92303.4 4600.86 5257.35 1613.89 7235.39 7166.71 2488.26 70980.7 3792.74 961.949 20414.6 1805.79 21322.7 1371.39 2777.79 21252.8 1823.07 1796.17 50566 692.095
internal_count=932184 14056 918128 457625 460503 10114 452627 3942 430129 262269 442106 18397 22498 4998 2364 2161 4513 342676 15883 2551 97403 1415 99430 5601 12466 99140 5931 2880 245273 1633
is_linear=0
shrinkage=0.05


Tree=13
num_leaves=31
num_cat=0
split_feature=32 32 3 32 55 1 55 38 23 1 1 1 1 3 1 39 1 27 27 27 16 1 46 3 1 5 56 1 2 3
split_gain=34959 2701.36 1915.51 898.852 875.853 779.78 773.573 583.235 475.34 461.345 392.574 900.832 370.262 252.49 242.301 234.246 189.203 184.844 166.585 165.069 163.261 155.005 149.698 147.5 142.475 135.48 131.203 123.282 1110.15 99.4621
threshold=11.792085170745851 28.391327857971195 0.0043500000610947618 4.9882788658142099 6.1862978935241708 0.28869999945163732 4.3022685050964364 0.9917832911014558 12.47499990463257 0.99950000643730175 0.99950000643730175 0.37475000321865087 0.92020002007484447 0.0014500000397674742 0.95985001325607311 2.1077735424041752 0.51790001988410961 5.3926434516906747 42.885154724121101 4.8815078735351571 0.30500000715255743 0.99759998917579662 11.500000000000002 0.0072500000242143878 0.27419999241828924 11.500000000000002 54.500000000000007 0.37475000321865087 0.51014998555183422 0.0043500000610947618
decision_type=10 10 2 10 2 2 2 10 8 2 2 2 2 2 2 10 2 10 10 10 10 2 2 2 2 2 2 2 2 2
left_child=2 6 3 5 8 13 26 15 17 12 11 -7 16 24 -14 18 -5 23 25 -6 -19 29 -11 -4 -1 -3 -2 -10 -29 -8
right_child=1 7 4 9 19 10 21 -9 27 22 -12 -13 14 -15 -16 -17 -18 20 -20 -21 -22 -23 -24 -25 -26 -27 -28 28 -30 -31
leaf_value=-0.030571123543942591 -0.028651629318205238 -0.0076162710681235112 -0.056237505508095836 0.063662543074236605 -0.039973368443232841 -0.051931053298171249 0.04190888555095186 -6.2570786289977686e-05 -0.058037232740035929 -0.046779619793799847 -0.055550664010488471 -0.040739242909932222 0.067396156752546843 -0.046295714441868543 0.0012915028987171553 -0.033132403262600855 -0.028613214640558979 -0.004742413378729847 0.065780363807546205 -0.014451638783584454 -0.049111393252182126 0.0019000535827373101 0.0087250543830986634 -0.061126067530296826 -0.011053177752987245 0.051447236522556755 0.039473275223697979 -0.050793863373227978 0.031204647277188132 0.018292006688178906
leaf_weight=2054.1204743236303 1287.8831788152456 103.13556027412415 23820.279354736209 57.378867775201797 1262.228364571929 39532.596004158258 868.18819631636143 422.8909740447998 4635.3975699096918 1921.1482775211334 15747.165906682611 32978.704877480865 165.83434477448463 1440.5814974755049 844.76913040876389 66.315179497003555 1743.9695705324411 255.15107464790344 5207.3275342285633 1272.0388643294573 1106.2194858640432 691.69213944673538 129.67754952609539 43807.183054387569 1716.1730107814074 1656.3718025833368 74.780024752020836 18023.284907728434 422.44560004770756 916.3631235063076
leaf_count=8879 5446 229 117639 163 5054 187360 1183 1728 22129 8384 76200 152089 521 6616 3081 193 6824 1071 676 3971 5173 1633 512 217717 6996 1116 155 85773 1976 1697
internal_value=-0.0460763 0.0394211 -0.0510815 -0.0461949 -0.0561608 -0.0472852 0.00534346 0.0569668 -0.0569589 -0.0252364 -0.0483949 -0.0468409 -0.0120842 -0.0284902 0.0121389 0.0603958 -0.0256739 -0.059037 0.0612861 -0.0271631 -0.0407957 0.0219935 -0.04327 -0.0594042 -0.0216869 0.0479852 -0.0249131 -0.0507478 -0.0489159 0.0297817
internal_weight=204231 11294.9 192936 98332.1 94604.2 93469.3 3838.91 7456.04 92070 4862.78 88258.5 72511.3 2811.95 5210.87 1010.6 7033.15 1801.35 68988.8 6966.83 2534.27 1361.37 2476.24 2050.83 67627.5 3770.29 1759.51 1362.66 23081.1 18445.7 1784.55
internal_count=932184 14056 918128 457625 460503 438140 10114 3942 451478 19485 415649 339449 10589 22491 3602 2214 6987 341600 2021 9025 6244 4513 8896 335356 15875 1345 5601 109878 87749 2880
is_linear=0
shrinkage=0.05


Tree=14
num_leaves=31
num_cat=0
split_feature=27 55 38 3 1 2 1 1 27 38 34 1 1 28 3 34 55 39 2 34 20 27 1 49 38 15 33 46 1 1
split_gain=29772 3636.31 2135.69 1894.15 954.154 1950.89 1172.4 935.266 919.794 827.563 564.348 442.449 404.575 358.253 285.066 306.221 276.849 220.165 219.669 218.255 182.205 149.257 128.862 125.506 111.866 101.136 99.5049 84.3545 81.7395 81.5145
threshold=12.506139278411867 7.8388340473175058 0.95559534430503856 0.0014500000397674742 0.37475000321865087 0.45209999382495886 0.28869999945163732 0.99950000643730175 2.0141434669494633 0.016232836991548542 23.186078071594242 0.99369999766349804 0.45404998958110815 13.284999847412111 0.0072500000242143878 0.30005408823490148 16.133558273315433 2.1077735424041752 0.64750000834465038 7.0965170860290536 28.024742126464847 42.885154724121101 0.27419999241828924 0.15900047123432162 0.85155966877937328 23.954999923706058 138.40708160400393 11.500000000000002 0.99564999341964733 0.96860000491142284
decision_type=10 2 8 2 2 2 2 2 8 8 8 2 2 10 2 8 2 10 2 8 10 10 2 10 10 10 8 2 2 2
left_child=1 3 10 4 6 7 22 -6 14 19 23 16 -7 -11 15 -5 -3 21 -8 -10 28 24 -1 -2 -12 27 -22 -13 -4 -19
right_child=2 11 20 8 5 12 18 -9 9 13 17 25 -14 -15 -16 -17 -18 29 -20 -21 26 -23 -24 -25 -26 -27 -28 -29 -30 -31
leaf_value=-0.029118281851313238 0.03802158599007642 -0.00051616344645052806 -0.012275981030203867 -0.061722605550118027 -0.029050802534393218 -0.0061987300312225085 -0.065474383813092146 -0.053378812159085444 -0.015374514029340687 -0.050155698192168613 0.052621387187833935 -0.030913682757260794 0.040007795045461939 -0.033045854619060074 -0.060452214157587836 -0.051340468299389243 0.035816722793439587 0.042362745190082013 -0.049068415151499588 0.054231227930642681 -0.011620422226095304 0.064667516645777065 -0.010517150708113536 0.004140846656763615 0.01536781185122606 0.0045504453529027341 0.038274084927576807 0.0088675907025711053 -0.041181518721158807 -0.073156449838887819
leaf_weight=2039.0016891211271 536.13077630102634 1571.10354141891 688.57886682450771 9623.8806534856558 10400.886812716722 1028.6538214385509 2204.2997546643019 6370.1951759755611 230.08858621120453 60960.002900019288 1297.2429422140121 1320.3473673015833 878.15072165429592 3221.0622211247683 33224.937293365598 27107.394525334239 786.90996979176998 23.957112222909927 27432.780664846301 220.58968584239483 175.683887809515 4971.4189531952143 1713.5284918695688 557.64290103316307 238.57192203402519 309.51750838756561 231.73102071881294 148.21608892083168 379.29346553981304 42.118622094392776
leaf_count=8887 852 4218 2887 47768 48162 4706 10404 31334 1040 295551 914 4571 4058 14831 170288 133663 952 27 133097 321 723 604 6996 1296 415 752 706 361 1635 165
internal_value=-0.0447393 -0.0489629 0.0434024 -0.0499904 -0.0418924 -0.0328426 -0.0469548 -0.0382914 -0.0531232 -0.0488229 0.054003 -0.00259193 0.015081 -0.049297 -0.0570963 -0.0540607 0.0116088 0.0595365 -0.0502886 0.0186948 -0.0116893 0.0604586 -0.0206244 0.020748 0.0468345 -0.0214242 0.0167588 -0.0268987 -0.0225428 -0.0312726
internal_weight=199934 190792 9142.37 186655 52067.5 18677.9 33389.6 16771.1 134588 64631.7 7667.08 4136.09 1906.8 64181.1 69956.2 36731.3 2358.01 6573.31 29637.1 450.678 1475.29 6507.23 3752.53 1093.77 1535.81 1778.08 407.415 1468.56 1067.87 66.0757
internal_count=932184 921960 10224 911106 247644 88260 159384 79496 663462 311743 4273 10854 8764 310382 351719 181431 5170 2125 143501 1361 5951 1933 15883 2148 1329 5684 1429 4932 4522 192
is_linear=0
shrinkage=0.05


Tree=15
num_leaves=31
num_cat=0
split_feature=32 32 3 32 32 2 55 38 2 2 34 2 2 18 38 3 2 21 3 39 2 27 21 3 29 33 15 5 58 2
split_gain=29917.3 2406.7 1894.29 851.313 845.1 721.436 646.385 531.099 459.053 418.519 387.754 582.3 340.861 278.415 253.809 220.064 215.052 211.37 209.157 205.918 167.024 163.989 141.791 137.501 131.182 129.349 130.561 123.448 117.129 140.114
threshold=11.792085170745851 28.391327857971195 0.0043500000610947618 6.3514029979705819 4.9882788658142099 0.71129998564720165 4.2081668376922616 0.9917832911014558 0.18620000034570697 1.0000000180025095e-35 0.14931169152259829 0.70549997687339794 0.079800002276897444 10.704999923706056 0.79730540513992321 0.0014500000397674742 0.040150001645088203 11.375000000000002 0.045949999243021018 2.1077735424041752 0.48209999501705175 42.885154724121101 0.18500000238418582 0.0043500000610947618 2.2549999952316289 21.074138641357425 0.12166666612029077 11.500000000000002 1.0000000180025095e-35 0.0092000002041459101
decision_type=10 10 2 10 10 2 2 10 2 2 8 2 2 10 10 2 2 10 2 10 2 10 10 2 8 8 10 2 8 2
left_child=2 6 4 8 5 10 -2 19 17 22 -1 -12 16 18 25 -7 -11 24 -10 21 -14 27 -6 -8 -4 26 -5 -3 -25 -30
right_child=1 7 3 14 9 15 23 -9 13 12 11 -13 20 -15 -16 -17 -18 -19 -20 -21 -22 -23 -24 28 -26 -27 -28 -29 29 -31
leaf_value=-0.057742719653032751 -0.02290007586437336 -0.0078280446318116093 -0.061009268085918389 0.00063222841714497728 0.0022658175952729727 -0.019794999422386845 0.032494807699723315 -5.1235915178467136e-06 -0.049072487584624257 0.0027610317268821393 -0.040796139867366993 -0.04947493840517414 -0.026197525699964003 -0.020010253706729996 -0.04261220182746666 -0.043111111322813145 0.064994379183534498 -0.045796658374266927 0.015070413102504947 -0.030169068448749628 0.060230988468210025 0.063393215126885713 -0.044456547635671473 0.048127514467899535 -0.055739401183375795 -0.00032654261991430639 -0.036556368903236665 0.048772801420411641 -0.015415522005655472 0.020267930327462838
leaf_weight=5963.4085100889206 1338.7626689523458 102.52519874274731 15535.20911693573 310.42008997499943 178.39950175583363 3730.1698594242334 1189.394907772541 421.64981374144554 15313.452208474278 837.19929803907871 45044.661900043488 33851.793250083923 1716.078432559967 905.26341186463833 2484.7726477980614 1388.7595680505037 166.4069072753191 4499.8409924656153 128.15464803576469 65.772623553872108 57.781242966651917 4885.8848398029804 1808.6039509028196 164.84169997274876 49235.304901555181 651.38217380642891 984.6074081659317 1595.2585854381323 534.91140858829021 566.38221365213394
leaf_count=29482 5583 229 82241 1023 703 15875 1900 1728 77202 3081 218307 167860 6824 4439 11629 6616 521 22200 652 193 163 676 8193 234 255372 1881 3864 1116 1384 1013
internal_value=-0.0434573 0.0371737 -0.0481982 -0.0533908 -0.0432629 -0.0443495 0.00504923 0.0544114 -0.0544968 -0.0227412 -0.0454491 -0.0445199 -0.0102071 -0.0469602 -0.0320212 -0.0261206 0.0130799 -0.0562754 -0.0485401 0.0578621 -0.0233822 0.0587415 -0.0402617 0.0202873 -0.0570034 -0.0185008 -0.0276422 0.0453548 0.00881966 0.00293605
internal_weight=195657 10865.4 184792 90048.4 94743.3 89978.8 3794.29 7071.09 85617.2 4764.47 84859.9 78896.5 2777.47 16346.9 4431.18 5118.93 1003.61 69270.4 15441.6 6649.44 1773.86 6583.67 1987 2455.53 64770.5 1946.41 1295.03 1697.78 1266.14 1101.29
internal_count=932184 14056 918128 460503 457625 438140 10114 3942 442106 19485 415649 386167 10589 82293 18397 22491 3602 359813 77854 2214 6987 2021 8896 4531 337613 6768 4887 1345 2631 2397
is_linear=0
shrinkage=0.05


Tree=16
num_leaves=31
num_cat=0
split_feature=27 55 38 1 31 1 34 34 38 1 1 47 34 55 43 1 20 31 55 59 14 1 33 2 15 33 27 30 55 1
split_gain=25459.3 3252.47 1874.75 1505.28 580.892 575.462 569.096 538.608 446.077 382.45 343.214 285.5 245.373 230.013 184.608 169.319 155.071 151.769 135.103 124.669 122.683 109.613 104.11 102.293 89.4604 87.5492 81.522 78.3366 107.288 75.7181
threshold=12.506139278411867 7.8388340473175058 0.95559534430503856 0.95309999585151683 16.225500106811527 0.28869999945163732 5.706895351409913 32.790147781372077 0.62507408857345592 0.99369999766349804 0.37475000321865087 0.38333335518836981 0.4286202341318131 11.42265558242798 12.006355285644533 0.99469998478889476 28.024742126464847 143.80341339111331 5.4792737960815439 -0.063736483454704271 inf 0.98020002245903026 41.561222076416023 0.57785001397132885 23.954999923706058 138.40708160400393 42.885154724121101 0.11124999821186067 25.97100925445557 0.99564999341964733
decision_type=10 2 8 2 10 2 10 8 10 2 2 2 8 2 10 2 10 10 2 10 8 2 8 2 10 8 10 10 2 2
left_child=1 3 7 4 5 20 12 18 -6 13 -7 15 -5 -3 26 -8 29 -14 -2 -13 -1 -16 -15 -10 -11 -18 -9 -20 -29 -4
right_child=2 9 16 6 8 10 11 14 23 24 -12 19 17 22 21 -17 25 -19 27 -21 -22 -23 -24 -25 -26 -27 -28 28 -30 -31
leaf_value=0.11704815723443085 -0.014233822202783616 -0.0075233689258351463 -0.010809434705705943 -0.059589050337076024 0.064081799259106828 -0.048306777557456097 -0.027697300010637468 0.046348547756939668 -0.025635945431297505 -0.024971167668914985 -0.042172346272771194 0.044278509601607161 -0.052339022161125494 0.012329973247673105 0.041823039414158769 -0.046579318440998385 -0.010849458168081832 0.065999931909376905 0.059849885059398283 -0.015324358041791107 -0.029516677344173653 -0.078220470154565805 0.040202413980215512 0.11158095858242074 0.0046951383651516881 0.036151827089730373 0.062569573449150262 0.014711971297309973 0.04457121870986587 -0.038827611098447561
leaf_weight=14.310517638921736 182.8896661400795 968.7205972969532 682.8017807751894 14433.255811303854 149.88351500034332 40219.025496572256 1691.0469188988209 929.87750937044621 2367.8359913825989 1448.6154079288244 52649.305432021618 118.49506022036076 56299.795610100031 778.43502482771873 37.803199917078018 3985.3190479725599 175.10305097699165 27.106778383255005 206.96852618455887 337.94943225383759 6259.0610224753618 38.264307394623756 588.16787864267826 13.660511523485182 308.18646335601807 228.19372433423996 4637.4626744091511 752.64524130523205 501.15081661939621 372.78589989244938
leaf_count=61 664 2891 2887 77789 70 203509 7918 717 10988 4932 264602 438 296357 1619 43 19394 723 5 239 1448 28472 158 660 55 752 706 591 1428 433 1635
internal_value=-0.042227 -0.0462173 0.0411092 -0.0472273 -0.043235 -0.0438389 -0.0525062 0.0514671 -0.0195833 -0.00214334 -0.044829 -0.037895 -0.0537725 0.0111144 0.0588032 -0.0409542 -0.0106281 -0.0522821 0.026279 0.000148817 -0.0291823 -0.0185626 0.0243259 -0.0248489 -0.019767 0.0157448 0.0598603 0.0313513 0.0266469 -0.0207042
internal_weight=191404 182658 8745.95 178566 101673 99141.7 76893 7287.06 2531.38 4092.13 92868.3 6132.81 70760.2 2335.32 5643.41 5676.37 1458.88 56326.9 1643.65 456.444 6273.37 76.0675 1366.6 2381.5 1756.8 403.297 5567.34 1460.76 1253.8 1055.59
internal_count=932184 921960 10224 911106 507757 496644 403349 4273 11113 10854 468111 29198 374151 5170 1509 27312 5951 296362 2764 1886 28533 201 2279 11043 5684 1429 1308 2100 1861 4522
is_linear=0
shrinkage=0.05


Tree=17
num_leaves=31
num_cat=0
split_feature=32 32 3 32 32 2 38 38 30 2 2 2 2 38 3 33 2 3 3 29 2 2 2 2 34 3 2 31 28 37
split_gain=25617.9 2155.21 1943.26 816.602 785.597 660.238 547.467 486.092 462.515 418.675 928.529 282.284 267.059 229.574 212.019 190.99 175.643 148.353 146.243 145.873 144.709 127.915 127.899 1064.71 117.586 116.64 114.941 113.695 119.995 109.202
threshold=11.792085170745851 28.391327857971195 0.0043500000610947618 6.3514029979705819 5.9128010272979745 0.71129998564720165 0.94489684700965892 0.9917832911014558 12.362500190734865 1.0000000180025095e-35 0.62525001168251049 1.0000000180025095e-35 0.079800002276897444 0.79730540513992321 0.0014500000397674742 138.40708160400393 0.050799999386072166 0.00530000007711351 0.0043500000610947618 28.605000495910648 0.040150001645088203 0.48209999501705175 0.62525001168251049 0.51014998555183422 1.9590657949447634 0.0014500000397674742 0.72290000319480907 19.031458854675297 0.21499999612569812 0.08645550906658174
decision_type=10 10 2 10 10 2 10 10 8 2 2 2 2 10 2 8 2 2 2 10 2 2 2 2 10 2 2 10 10 10
left_child=2 6 4 8 5 9 18 15 16 -1 -11 -6 20 27 26 19 24 -18 -2 25 -13 -14 23 -10 -4 -3 -7 28 -5 -20
right_child=1 7 3 13 11 14 -8 -9 22 10 -12 12 21 -15 -16 -17 17 -19 29 -21 -22 -23 -24 -25 -26 -27 -28 -29 -30 -31
leaf_value=-0.050017784397164713 0.029942261387382998 0.069040273733845164 -0.057572128706184202 -0.0045481952049163717 -0.034476615300257279 -0.0071743256350947776 -0.023619868837696994 3.9474889979082741e-05 -0.045324810148558825 -0.034486643992187468 -0.046219013234137463 0.0086804773586164046 -0.021925043139623103 -0.040072763688091866 -0.040750024931487647 0.060018015936047768 -0.037633205766678196 -0.051664774838123595 0.039559768001905575 0.045172364468496491 0.066695780549752698 0.062208431327436246 -0.052952425665428154 0.037096776326134846 -0.051968079311826336 -0.025979642532717791 -0.025069439091782188 0.00021292203828003221 -0.036715645696805743 7.8713637168195931e-06
leaf_weight=14899.97428496182 1244.0800973773003 42.30684919655323 30618.325513631105 444.3472556322813 1351.209059253335 1544.0381906181574 1170.6763014942408 420.34524372220039 14551.668787837029 31534.366066798568 36250.277215644717 615.83740431070328 1231.5578299462795 2406.2435043752193 1347.5592670142651 4980.6787179857492 2136.3550146371126 15931.276128470898 206.40829485654831 1107.9740345925093 130.21226127445698 46.898195505142212 4230.5929937362671 402.66384603083134 13481.888607278466 136.4974075704813 2142.3396657556295 644.99494080245495 834.1658980846405 1129.5148908942938
leaf_count=79064 2109 18 171770 1560 6032 6358 5072 1728 75391 155290 187363 2129 4758 11629 6616 895 11213 86190 326 954 376 122 22074 1965 73503 347 9517 1871 3337 2607
internal_value=-0.0410376 0.0350765 -0.0455321 -0.0509374 -0.0404478 -0.0413587 0.0047388 0.0520906 -0.0520635 -0.0424291 -0.040761 -0.0167784 -0.00496621 -0.0297789 -0.0237782 0.0555816 -0.0541578 -0.0500057 0.0176065 0.0384095 0.0188062 -0.0188387 -0.0452769 -0.0431055 -0.0558589 -0.00349699 -0.0175741 -0.0169017 -0.0255358 0.00611888
internal_weight=187215 10438.5 176777 85682.5 91094.3 87718.6 3750.68 6687.8 81352.8 82684.6 67784.6 3375.71 2024.51 4329.75 5033.94 6267.46 62167.8 18067.6 2580 1286.78 746.05 1278.46 19184.9 14954.3 44100.2 178.804 3686.38 1923.51 1278.51 1335.92
internal_count=932184 14056 918128 460503 457625 444208 10114 3942 442106 421717 342653 13417 7385 18397 22491 2214 342676 97403 5042 1319 2505 4880 99430 77356 245273 365 15875 6768 4897 2933
is_linear=0
shrinkage=0.05


Tree=18
num_leaves=31
num_cat=0
split_feature=32 32 3 38 1 55 1 1 33 17 56 1 3 30 1 3 32 28 1 3 1 32 37 3 3 46 3 29 32 32
split_gain=23696 2436.16 1956.9 1083.7 857.963 618.427 587.039 880.413 486.668 315.755 264.86 219.929 182.433 153.224 139.909 139.056 135.962 183.947 135.849 135.183 97.5158 93.0783 92.1885 90.5349 89.8362 88.3496 87.8858 84.6209 83.8427 81.7907
threshold=16.757418632507328 6.3514029979705819 0.00530000007711351 0.95559534430503856 0.99950000643730175 5.1749343872070321 0.28869999945163732 0.37475000321865087 138.40708160400393 11.954999923706056 7.5000000000000009 0.99759998917579662 0.00530000007711351 18.957499504089359 0.99564999341964733 0.0014500000397674742 1.3557881116867068 0.014999999664723875 0.99564999341964733 0.0043500000610947618 0.88250002264976513 0.24572377651929858 0.08645550906658174 0.043999999761581428 0.0023999999975785617 10.500000000000002 0.0023999999975785617 22.634999275207523 54.374597549438484 54.374597549438484
decision_type=10 10 2 10 2 2 2 2 8 8 2 2 2 10 2 2 10 10 2 2 2 10 10 2 2 2 2 10 10 10
left_child=1 2 4 8 6 10 15 -8 14 16 18 12 20 23 -2 -1 -4 -18 24 29 -7 -6 -13 -11 -3 -20 -16 -28 -10 -5
right_child=3 5 9 19 21 11 7 -9 28 13 -12 22 -14 -15 26 -17 17 -19 25 -21 -22 -23 -24 -25 -26 -27 27 -29 -30 -31
leaf_value=-0.016775718214831817 0.038756095310776867 -0.0079646704472719695 -0.055715332874810675 0.00070033510495845453 -0.057048087787417934 0.0034592889402516348 -0.045034259529366537 -0.034064430954544415 0.038750239992946856 -0.047885565209808439 0.0075403644458532579 0.017052153211004503 -0.0085465197364423331 -0.032187480404323565 0.040456529008466198 -0.035063474898692666 -0.035738020361756294 -0.052013401610693011 -0.046240179941921741 -0.02178737751529838 0.030672323794659225 -0.048354040470171791 -0.024776846695910581 -0.010814562793691057 -0.031210206440365242 0.0024239271199268382 -0.048076638508691177 0.0095981732151276169 0.060703998506582028 0.047859990874245681
leaf_weight=3667.6772729456425 1684.8003423064947 524.0445521324873 31515.471773460507 297.37328454852104 3837.2894892245531 648.83219946920872 36086.80037124455 37089.164701417089 482.51595276594162 15204.08967576921 417.35465686023235 147.01138006150723 1425.1293706893921 1832.2869413048029 196.12164725363255 1450.567839384079 1929.3643338680267 17329.789742842317 1896.436012879014 573.84111751616001 668.25738546252251 15569.309722349048 1266.6449135839939 166.50127646327019 2009.1535504460335 98.090972647070885 74.81189401447773 424.29658675193787 4406.8840168267488 133.08610485494137
leaf_count=15876 1824 2319 180733 1207 21581 1622 190794 187739 455 81386 1603 355 4246 9417 226 7276 10486 97491 9491 2323 1360 84864 4630 882 9612 454 251 770 523 388
internal_value=-0.039897 -0.0438111 -0.0451946 0.0427854 -0.0406619 -0.0186246 -0.0383292 -0.0394742 0.0495114 -0.0517092 -0.0305732 -0.00440701 0.00385148 -0.0458548 0.0309687 -0.0219587 -0.0536927 -0.0503829 -0.0340864 -0.00589936 0.0172665 -0.0500731 -0.0204269 -0.047484 -0.0264014 -0.0438469 0.012097 0.000953235 0.0585375 0.0152808
internal_weight=183053 174779 165678 8273.73 97700.8 9100.95 78294.2 73176 7269.43 67977.5 4945.08 4155.88 2742.22 17202.9 2380.03 5118.25 50774.6 19259.2 4527.73 1004.3 1317.09 19406.6 1413.66 15370.6 2533.2 1994.53 695.23 499.108 4889.4 430.459
internal_count=932184 924217 888525 7967 508130 35692 401685 378533 4049 380395 23479 12213 7228 91685 3071 23152 288710 107977 21876 3918 2982 106445 4985 82268 11931 9945 1247 1021 978 1595
is_linear=0
shrinkage=0.05


Tree=19
num_leaves=31
num_cat=0
split_feature=32 32 3 32 32 1 30 38 38 34 1 1 1 38 39 3 1 1 27 31 23 3 1 1 2 21 1 2 1 34
split_gain=21969.1 1935.28 1908.7 777.309 731.246 619.607 473.572 456.613 445.287 394.577 559.002 344.376 290.712 237.426 193.214 190.408 180.387 178.064 168.892 141.6 150.412 141.354 138.252 134.931 985.256 134.75 134.023 124.154 117.08 108.99
threshold=11.792085170745851 28.391327857971195 0.0043500000610947618 5.3923628330230722 4.9031856060028085 0.28869999945163732 12.82249975204468 0.92352664470672619 0.9917832911014558 0.14931169152259829 0.29449999332427984 0.99950000643730175 0.92020002007484447 0.79730540513992321 2.1077735424041752 0.0014500000397674742 0.94920000433921825 0.95985001325607311 42.885154724121101 19.031458854675297 0.061666665598750121 0.00530000007711351 0.51790001988410961 0.37475000321865087 0.51014998555183422 0.18500000238418582 0.99759998917579662 0.18620000034570697 0.27419999241828924 1.1873698830604555
decision_type=10 10 2 10 10 2 8 10 10 8 2 2 2 10 10 2 2 2 10 10 10 2 2 2 2 10 2 2 2 10
left_child=2 7 4 6 5 15 16 26 14 -7 -11 12 22 19 18 28 21 -14 -3 20 -5 -4 -6 -8 -25 -13 -2 -15 -1 -18
right_child=1 8 3 13 11 9 23 -9 -10 10 -12 25 17 27 -16 -17 29 -19 -20 -21 -22 -23 -24 24 -26 -27 -28 -29 -30 -31
leaf_value=-0.024339818109982855 0.024109815031370524 0.040386982089808544 -0.035468570435339949 0.0003643579555916137 0.055285274856959277 -0.053119674485934659 -0.050560542505161538 -0.020450979276547186 0.00017746405761381667 -0.044238619623452012 -0.03536544702093828 0.006298119860386176 0.060815127378192592 -0.04231884305813375 -0.032428231209209457 -0.038294110718598277 -0.05637777469512846 0.0044592962766966757 0.059585782746923013 -0.00072303190839541549 -0.034538160027415048 -0.049448030504214896 -0.022388688557121648 -0.042551298406257515 0.037225821137884793 -0.039325424012173031 -0.001721809530009938 -0.0043779162161440956 -0.0063825824947880035 -0.05124363614059621
leaf_weight=1961.1197218894958 1776.4757556021214 1565.6132253557444 2055.957887634635 393.5533509850502 59.273805513978004 5430.8643463104963 4023.301708817482 1231.019946038723 419.67329627275467 30934.47574442625 41645.762400016189 178.46004244685173 167.88059367239475 3220.9751254320145 64.73011639714241 1302.7924308627844 21190.765940949321 848.99607110023499 4269.1023073792458 712.1594033241272 1431.3326145559549 15010.568648934364 1709.7207361906767 12416.040883809328 399.47095507383347 1737.9824286699295 699.98258648812771 231.08768063783646 1689.8517882227898 20181.719004392624
leaf_count=8878 3078 1345 11197 1417 169 29482 22072 5303 1728 167860 217637 721 529 16566 193 6616 126947 3209 676 2159 6311 85960 7044 67352 1958 8484 1733 1121 6996 117443
internal_value=-0.0387931 0.0331153 -0.043061 -0.048581 -0.037944 -0.0390311 -0.0499603 0.0044369 0.0499411 -0.04012 -0.0391473 -0.0187628 -0.00754013 -0.0312445 0.0534811 -0.021884 -0.0520891 0.0137633 0.0544342 -0.0196319 -0.0270111 -0.047764 -0.0197861 -0.0425724 -0.0400646 -0.0350769 0.0168084 -0.039779 -0.0160283 -0.0538733
internal_weight=178961 10026.6 168934 81266.9 87667.2 82964.9 75277.8 3707.48 6319.12 78011.1 72580.2 4702.31 2785.87 5989.11 5899.45 4953.76 58439 1016.88 5834.72 2537.05 1824.89 17066.5 1768.99 16838.8 12815.5 1916.44 2476.46 3452.06 3650.97 41372.5
internal_count=932184 14056 918128 460503 457625 437469 432929 10114 3942 414979 385497 20156 10951 27574 2214 22490 341547 3738 2021 9887 7728 97157 7213 91382 69310 9205 4811 17687 15874 244390
is_linear=0
shrinkage=0.05


Tree=20
num_leaves=31
num_cat=0
split_feature=32 3 32 1 34 18 1 1 38 55 32 55 58 31 28 1 32 55 3 1 3 34 34 5 3 56 58 1 38 28
split_gain=20318.9 1887.94 1837.66 975.056 1122.05 656.35 612.06 586.011 427.621 420.09 259.425 242.6 200.073 192.027 172.904 148.509 137.053 133.384 127.302 122.682 110.662 105.341 100.677 100.246 107.531 96.7096 95.8419 111.452 80.5422 74.5763
threshold=11.792085170745851 0.0063000000081956395 28.391327857971195 0.99950000643730175 4.4225642681121835 17.845000267028812 0.28869999945163732 0.37475000321865087 0.9917832911014558 4.2081668376922616 1.3697993159294131 6.0023798942565927 0.029533922672271732 143.80341339111331 0.095000002533197417 0.82545000314712536 6.6667456626892099 8.2278690338134783 0.045949999243021018 0.27419999241828924 0.0043500000610947618 0.3546272367238999 6.0513219833374032 11.500000000000002 0.0014500000397674742 54.500000000000007 1.0000000180025095e-35 0.99079999327659618 0.91914087533950817 0.27500000596046453
decision_type=10 2 10 2 10 10 2 2 10 2 8 2 8 10 10 2 10 2 2 2 2 10 10 2 2 2 8 2 10 10
left_child=1 3 9 4 6 10 19 -8 13 25 -3 14 22 23 -6 -7 21 -17 -14 -1 -11 -5 -12 24 -4 -2 -22 -28 -25 -23
right_child=2 5 8 16 11 15 7 -9 -10 20 12 -13 18 -15 -16 17 -18 -19 -20 -21 26 29 -24 28 -26 -27 27 -29 -30 -31
leaf_value=-0.027551507702843411 -0.022035538114173039 -0.054729374584757767 0.067491277449202372 -0.055232173488211737 0.0087788998038358639 0.0024819007744315167 -0.042699547665769139 -0.033784498258556631 0.00016858981226180276 0.027822934165872466 -0.033092054257917954 0.0062002363221476103 -0.048646733758374638 0.057617877324033388 -0.023258167418534707 -0.036430913959817596 -0.032070127234116334 -0.0098335679317522254 -0.017884803573891574 -0.012080362096210346 0.042552143561608829 -0.038152241586207961 0.0079321291295047763 0.043111265540654677 -0.024777589095302741 0.037008360006766133 0.01668261832767666 -0.015394439016614126 -0.042888541236594385 -0.047709114487392019
leaf_weight=2692.7622784972191 1222.9437852352858 21641.113451078534 42.791713073849678 4186.7389559745789 486.72267484664917 346.65782208740711 35248.464738100767 38639.571554198861 419.6758024841547 1150.9060926437378 659.57365328073502 1306.3243527710438 31985.882921293378 4341.9815924465656 3126.2516740113497 2768.5308376252651 1417.9416938275099 568.10216207802296 339.89091214537621 2444.6951380670071 159.03351408243179 2370.6188562363386 193.40369039773941 1185.434678375721 120.48165081441402 73.521407127380371 553.38935716450214 530.28094974160194 27.864999428391457 14694.971545785666
leaf_count=12786 5428 132799 11 25128 2256 1611 195055 205893 1728 1900 3725 3764 185248 804 15633 14576 6543 1782 1925 10933 234 13487 721 970 322 155 1013 1384 107 84263
internal_value=-0.0377229 -0.0418802 0.0321205 -0.0379198 -0.0354349 -0.0490977 -0.0368771 -0.0380374 0.0488838 0.00423571 -0.0504705 -0.0122657 -0.0476926 0.0524589 -0.0189423 -0.0286663 -0.047121 -0.0319024 -0.0483233 -0.0201895 0.0166516 -0.0481251 -0.0237902 0.0361865 -0.000595183 -0.0186872 0.00630546 0.000986099 0.0411362 -0.0463815
internal_weight=174947 165118 9828.31 106615 83944.8 58503.2 79025.5 73888 6138.23 3690.08 54819.9 4919.3 33178.8 5718.55 3612.97 3683.29 22670.3 3336.63 32325.8 5137.46 2393.61 21252.3 852.977 1376.57 163.273 1296.47 1242.7 1083.67 1213.3 17065.6
internal_count=932184 918128 14056 575741 446320 342387 424667 400948 3942 10114 324418 21653 191619 2214 17889 17969 129421 16358 187173 23719 4531 122878 4446 1410 333 5583 2631 2397 1077 97750
is_linear=0
shrinkage=0.05


Tree=21
num_leaves=31
num_cat=0
split_feature=32 32 3 27 1 2 1 1 1 55 28 3 1 1 55 38 21 34 3 3 1 2 30 1 27 49 27 59 11 1
split_gain=18808.2 1992.81 1903.54 1080.11 984.175 1965.64 915.416 2144.76 912.125 693.776 470.572 434.014 1085.49 686.585 422.499 411.001 332.97 327.344 311.145 252.275 326.504 260.771 191.308 182.966 155.712 116.639 111.584 108.532 100.506 97.9497
threshold=10.958402633666994 28.391327857971195 0.0014500000397674742 2.1106739044189458 0.37475000321865087 0.45209999382495886 0.99950000643730175 0.69680002331733715 0.28869999945163732 7.1926605701446542 0.034999999217689044 1.0000000180025095e-35 0.42309999465942388 0.42020000517368322 4.3022685050964364 0.9917832911014558 17.744999885559086 0.48363198339939123 0.0072500000242143878 1.0000000180025095e-35 0.29449999332427984 0.64750000834465038 0.031249999068677429 0.95985001325607311 42.885154724121101 0.18860107660293582 4.8815078735351571 -0.50135800242424 -0.68301269412040699 0.27419999241828924
decision_type=10 10 2 8 2 2 2 2 2 2 8 2 2 2 2 10 10 10 2 2 2 2 10 2 10 10 10 8 2 2
left_child=2 14 4 17 8 6 7 -6 29 10 22 12 -7 -13 -2 24 -12 -4 23 21 -21 -10 -5 -19 27 -16 -11 -3 -27 -1
right_child=1 15 3 9 5 11 -8 -9 19 26 16 13 -14 -15 25 -17 -18 18 -20 20 -22 -23 -24 -25 -26 28 -28 -29 -30 -31
leaf_value=-0.02198457892517279 -0.018162363756055865 -0.053034423487169982 -0.05380695656374971 0.0013844690678688038 -0.047628650048760747 -0.0094922504022123613 -0.044712844500279673 0.00071107682469643044 -0.059958084114108204 -0.02599294533565254 -0.042337693336190092 0.13092596519764524 0.097479833999123244 -0.015996594314431047 0.023508008949685296 0.00016015943579963444 -0.023181772659172383 -0.03479111411687992 -0.051042389463547902 -0.024968835625952573 0.075320585416764022 -0.040515442753865066 -0.028432993610894609 -0.045074042576727869 0.056595401977698835 -0.014136051778335684 -0.0027017813349936594 0.039732873718667572 0.016175404885955456 -0.0054799328007605463
leaf_weight=1928.2854812592268 1518.4038543850183 32.219245731830597 21909.358518958092 770.04570363461971 3882.4480243325233 426.44349330663681 5487.2839653491974 5610.6624329388142 1865.8011365681887 831.92068839073181 48323.595964848995 89.415349528193474 534.25611908733845 718.26372508704662 1586.7950735241175 419.67817862331867 2380.2422475367785 6222.8528184592724 17378.943590834737 608.02551409602165 93.656271159648895 22789.322304204106 1784.6791519522667 14190.958786919713 4037.2530725896358 503.29351809620857 1346.6126939952374 1471.2607591748238 598.89669388532639 1683.9952496439219
leaf_count=8887 6712 96 134127 3876 20102 2142 31708 28364 10208 3337 273615 440 2626 3574 2834 1728 12419 34256 108383 3454 505 129337 9772 83953 862 1311 4115 1256 1189 6996
internal_value=-0.0366817 0.0292692 -0.0408504 -0.0442778 -0.0322186 -0.0225706 -0.0284557 -0.0190587 -0.0377968 -0.0392522 -0.0403835 0.0272839 0.0499962 0.000268693 0.00292281 0.0478668 -0.0414384 -0.0489444 -0.0461254 -0.0411454 -0.0115828 -0.0419868 -0.0194454 -0.0419394 0.0514803 0.0148291 -0.011596 0.0377449 0.00233427 -0.0142903
internal_weight=171025 10167.8 160857 115139 45717.9 16748.8 14980.4 9493.11 28969.1 55437.1 53258.6 1768.38 960.7 807.679 4207.39 5960.41 50703.8 59702.1 37792.8 25356.8 701.682 24655.1 2554.72 20413.8 5540.73 2688.99 2178.53 1503.48 1102.19 3612.28
internal_count=932184 15988 916196 667853 248343 88956 80174 48466 159387 307134 299682 8782 4768 4014 12046 3942 286034 360719 226592 143504 3959 139545 13648 118209 2214 5334 7452 1352 2500 15883
is_linear=0
shrinkage=0.05


Tree=22
num_leaves=31
num_cat=0
split_feature=31 27 3 38 38 1 1 1 30 33 30 1 31 31 3 30 27 46 3 3 27 1 1 11 38 1 38 26 2 59
split_gain=16200.1 2199.68 1939.03 1281.23 1098.53 817.339 490.962 822.187 397.74 348.195 320.46 211.986 208.285 171.096 157.288 147.524 139.019 137.365 129.306 125.42 121.603 111.369 110.865 108.297 105.36 99.4995 97.2537 91.5689 90.6325 88.0035
threshold=49.300043106079109 4.8815078735351571 0.00530000007711351 0.72485929727554332 0.94678661227226268 0.99950000643730175 0.28869999945163732 0.37475000321865087 0.08249999582767488 138.40708160400393 12.82249975204468 0.99564999341964733 18.556749343872074 28.293999671936039 0.0043500000610947618 17.724999427795414 0.21822177618741992 10.500000000000002 0.011099999770522119 0.0072500000242143878 6.0058774948120126 0.99274998903274547 0.27419999241828924 -0.25000000000000006 0.79248937964439403 0.99369999766349804 0.74356207251548778 151.37832641601565 0.61945000290870678 -0.07665317133069037
decision_type=10 10 2 10 10 2 2 2 10 8 8 2 10 10 2 10 8 2 2 2 10 2 2 2 10 2 8 10 2 8
left_child=1 2 5 8 9 6 22 -8 18 20 16 13 23 -5 27 28 -4 -13 29 -18 -2 -14 -1 -10 -22 -16 -17 -6 -12 -3
right_child=4 3 10 11 14 -7 7 -9 12 -11 15 17 21 -15 25 26 19 -19 -20 -21 24 -23 -24 -25 -26 -27 -28 -29 -30 -31
leaf_value=-0.025482632828674336 -0.023574940067906176 0.07450865794187958 -0.0546402551770548 -0.028340404037219782 -0.0020541215412214417 -0.045648529773620952 -0.040270449722644236 -0.029209665433710386 -0.023852049627736967 0.055493111597340439 -0.04004291345674868 -0.04283844870269668 0.023230500074120995 -0.0032812699421961079 -0.0051001748489876665 0.05087721051985488 -0.042914416966258667 0.0056422506846669183 -0.0066183066254447325 -0.04968988321490117 0.041173976117267974 -0.0038016218153731091 -0.010504472850911169 0.00060211106679531647 0.012852533041007931 -0.044829634857045116 -0.028912774581459039 0.040098804991196085 -0.050110291803654818 0.033893483073446924
leaf_weight=2582.5227909684181 106.7118899077177 220.97468033432961 10051.104402884841 3070.4731089174747 313.57607269287109 17176.497512191534 32958.710001975298 34271.485708385706 1063.3926288634539 4199.8359995037317 8509.0640277862549 2872.1811829060316 871.24224328994751 875.34482832252979 384.81034299731255 39.057661339640617 9101.7815256863832 153.94103048741817 123.14348451793194 27366.061503708363 981.3587860763073 677.15594887733459 2368.443048030138 788.41482478380203 493.53601178526878 266.8944820612669 1719.0511995106936 218.68096733093262 3032.2449956983328 336.42341431975365
leaf_count=12500 309 463 65754 15797 1419 104074 190782 184582 4572 917 49573 15439 1533 3537 1576 82 56606 757 398 173879 841 1804 10648 3090 1082 1185 9561 601 17963 860
internal_value=-0.0356701 -0.0389151 -0.0405098 -0.0173925 0.0389774 -0.0358457 -0.033513 -0.0346321 0.00485887 0.0479631 -0.047477 -0.0304165 -0.00212466 -0.0227813 -0.00490105 -0.0406326 -0.0494338 -0.0403722 0.0397508 -0.0479988 0.0279677 0.0114086 -0.0183174 -0.0134406 0.0316969 -0.0213707 -0.0271402 0.0152647 -0.0426879 0.0499949
internal_weight=167194 160229 149176 11052.7 6965.4 89357.7 72181.2 67230.2 4080.75 5781.44 59818.4 6971.94 3400.21 3945.82 1183.96 13299.4 46518.9 3026.12 680.542 36467.8 1581.61 1548.4 4950.97 1851.81 1474.89 651.705 1758.11 532.257 11541.3 557.398
internal_count=932184 924254 876004 48250 7930 502586 398512 375364 12720 3149 373418 35530 10999 19334 4781 77179 296239 16196 1721 230485 2232 3337 23148 7662 1923 2761 9643 2020 67536 1323
is_linear=0
shrinkage=0.05


Tree=23
num_leaves=31
num_cat=0
split_feature=32 3 32 32 34 2 55 34 2 38 38 2 2 2 2 2 33 3 2 50 2 21 3 2 29 49 2 3 39 3
split_gain=16195.9 1882.12 1783.23 668.764 571.728 529.278 407.287 391.532 536.255 375.726 354.525 346.335 289.36 199.037 196.568 312.049 195.596 170.329 159.578 158.417 133.527 128.332 122.16 125.413 119.457 119.173 113.064 112.309 103.93 101.067
threshold=10.958402633666994 0.0043500000610947618 28.391327857971195 2.8701025247573857 4.761866807937623 0.71129998564720165 6.9094996452331552 0.30005408823490148 0.70549997687339794 0.9917832911014558 0.92352664470672619 1.0000000180025095e-35 0.079800002276897444 0.040150001645088203 0.18620000034570697 0.62525001168251049 138.40708160400393 0.0014500000397674742 0.054650001227855689 1.0510259270668032 0.48209999501705175 0.21499999612569812 0.0063000000081956395 0.11850000172853471 28.605000495910648 0.18860107660293582 0.18620000034570697 0.0014500000397674742 2.1077735424041752 0.0014500000397674742
decision_type=10 2 10 8 10 2 2 8 2 10 10 2 2 2 2 2 8 2 2 10 2 10 2 2 10 10 2 2 10 2
left_child=1 4 10 18 5 7 14 27 -9 16 25 21 13 -13 19 -16 24 -7 -3 -5 -14 -6 23 -20 29 -2 -8 -1 -26 -4
right_child=2 3 9 6 11 17 26 8 -10 -11 -12 12 20 -15 15 -17 -18 -19 22 -21 -22 -23 -24 -25 28 -27 -28 -29 -30 -31
leaf_value=-0.037830267308483635 0.022273588053668154 -0.050473274284809383 0.064222225102826977 -0.044437127570253664 0.0058172774410982821 -0.012905252106767108 -0.019513179895792345 -0.030511598936438646 -0.039665137728871015 0.00044701771616295437 -0.01780362488389817 0.0050978262335951473 -0.020471530969115605 0.063706747465205882 -0.02797309851267479 -0.046309517500992069 0.054873139584572364 -0.034481369866602572 -0.015393992931297052 -0.024954103807344342 0.052893677341176983 -0.036234717774198809 -0.046522217970556057 -0.040320800120613703 0.042340121898798523 0.0013883146117031646 0.02580099247571975 -0.052755458564767856 -0.027038192716678344 -0.027268561331730348
leaf_weight=1846.6119972616434 1566.3147152364254 30620.025895684958 38.934905380010605 17938.885955661535 199.62999422848225 3570.1604877263308 1630.2268981486559 36914.82847687602 28241.620103776455 418.5045670568943 1384.8183827549219 908.90349484980106 1828.773787945509 172.32390074431896 6369.5782806128263 3649.7251257151365 4049.8321884125471 1229.791993662715 657.98557861149311 1107.7762961983681 64.196556359529495 1989.6127052754164 8461.1162251830101 2164.6595654636621 928.96522587537766 1211.1908248364925 150.35232289135456 3970.5361600071192 57.310025781393051 134.31938774883747
leaf_count=10948 2871 204772 18 109880 899 15873 6201 207170 167860 1728 6247 3819 8196 619 37657 22180 895 6615 3991 6345 215 10900 54852 13026 789 2928 424 23754 165 347
internal_value=-0.0346788 -0.0386509 0.0276756 -0.0444871 -0.0334051 -0.034502 -0.0388997 -0.0355888 -0.0344791 0.0460272 0.00286239 -0.0173067 -0.00619682 0.0144388 -0.0403217 -0.0346525 0.049689 -0.0184333 -0.0486002 -0.043304 -0.0179835 -0.0324001 -0.0435174 -0.0345101 0.0315824 0.0131661 -0.0156868 -0.0480176 0.0383087 -0.00670812
internal_weight=163478 153687 9790.19 72750.3 80937 75773.5 30846.5 70973.6 65156.4 5627.87 4162.32 5163.44 2974.2 1081.23 29066 10019.3 5209.36 4799.95 41903.8 19046.7 1892.97 2189.24 11283.8 2822.65 1159.53 2777.51 1780.58 5817.15 986.275 173.254
internal_count=932184 916196 15988 459328 456868 432220 182687 409732 375030 3942 12046 24648 12849 4438 176062 59837 2214 22488 276641 116225 8411 11799 71869 17017 1319 5799 6625 34702 954 365
is_linear=0
shrinkage=0.05


Tree=24
num_leaves=31
num_cat=0
split_feature=32 32 2 38 1 1 1 1 1 31 38 34 30 11 1 28 33 28 1 14 1 13 1 1 18 18 46 34 25 38
split_gain=14986.6 1942.7 1655.91 777.202 612.765 2349.23 939.696 629.774 592.709 461.667 438.14 411.317 240.157 236.792 205.743 197.773 173.932 170.826 131.711 131.446 124.758 117.465 108.834 88.8171 87.3761 114.176 82.7765 78.7489 111.198 72.8957
threshold=16.757418632507328 6.3514029979705819 0.18329999595880511 0.95559534430503856 0.37475000321865087 0.51790001988410961 0.45404998958110815 0.28965000808238989 0.51884999871253978 143.80341339111331 0.85477557778358471 0.3546272367238999 17.724999427795414 -0.25000000000000006 0.37379999458789831 0.054999999701976783 29.736333847045902 40.459999084472663 0.99369999766349804 inf 0.99564999341964733 0.064999999478459372 0.99469998478889476 0.99564999341964733 21.134999275207523 0.15333333611488345 8.5000000000000018 69.779380798339858 2.8440240621566777 0.76736927032470714
decision_type=10 10 2 10 2 2 2 2 2 10 10 8 10 2 2 8 8 10 2 8 2 10 2 2 10 10 2 10 10 8
left_child=1 2 11 9 7 6 -6 19 -7 20 13 -1 15 16 -9 -13 21 22 -14 -4 -2 -3 -12 -5 25 -15 -24 29 -29 -22
right_child=3 10 4 23 5 8 -8 14 -10 -11 17 12 18 24 -16 -17 -18 -19 -20 -21 27 -23 26 -25 -26 -27 -28 28 -30 -31
leaf_value=-0.051031783803797637 0.033492706052977626 0.010047371071647415 0.12270150478782577 0.0055387401604918189 -0.0016715176686738732 -0.065150171379574101 0.06192528590817678 -0.038342929439832814 -0.029595594593181902 0.054388372215954509 -0.02153948486669377 -0.034611769675951164 -0.018986798551943934 0.033174977841406737 -0.063570395379181119 -0.043221753909487952 0.0083248066771660009 0.0044587238319972753 -0.038848723877221797 -0.022356476607416104 0.023376975429873825 -0.023130535568292244 -0.041684432819477146 -0.027142557649571505 0.028271962071093067 -0.0064895887779708276 0.0078485448551037992 -0.082169464270490225 0.032697712823697593 -0.021133172440481851
leaf_weight=13687.334407150745 1734.4386429339647 309.11210671067238 15.654633238911627 679.96130329370499 1962.0680170506239 1246.828816473484 825.09770898520947 31885.433909341693 19575.504644975066 3779.1438232809305 1945.8638627529144 7560.737103074789 1748.912271514535 242.49675852060318 829.21456359326839 56589.976739615202 817.98239636421204 411.63649743795395 1596.7320798784494 6546.6726389825344 475.20247305929661 1948.0125816017389 1558.2424963414669 299.44478324055672 564.63466265797615 720.47441112995148 89.171460330486298 52.453527525067329 35.213292866945267 114.06661275029182
leaf_count=92294 1986 921 70 2645 10308 7004 4394 193653 114426 808 9770 47562 9790 742 4950 361303 2056 1640 9393 33378 691 7518 8709 1273 1288 2610 438 230 33 301
internal_value=-0.0337144 -0.0370321 -0.0384107 0.0369335 -0.0323201 -0.0259542 0.0171553 -0.0361467 -0.0317246 0.0434813 -0.0139577 -0.0431285 -0.0415259 -0.00343508 -0.0389824 -0.042207 -0.0114283 -0.026051 -0.028466 -0.0220104 0.0263877 -0.0185868 -0.0295461 -0.00445328 0.0126555 0.0034988 -0.0390033 0.00818323 -0.0360306 0.014761
internal_weight=159848 152678 144070 7169.92 62886.5 23609.5 2787.17 39277 20822.3 6190.52 8607.63 81183.7 67496.4 4602.71 32714.6 64150.7 3075.11 4004.91 3345.64 6562.33 2411.37 2257.12 3593.28 979.406 1527.61 962.971 1647.41 676.936 87.6668 589.269
internal_count=932184 924217 888525 7967 368183 136132 14702 232051 121430 4049 35692 520342 428048 15135 198603 408865 10495 20557 19183 33448 3241 8439 18917 3918 4640 3352 9147 1255 263 992
is_linear=0
shrinkage=0.05


Tree=25
num_leaves=31
num_cat=0
split_feature=32 32 32 18 58 1 1 1 33 1 1 54 59 54 34 34 39 32 1 49 30 5 37 1 56 27 56 11 1 39
split_gain=13873.1 1616.49 1528.51 651.977 492.63 476.752 444.9 341.666 316.296 292.788 311.895 236.562 229.459 227.671 211.625 205.153 143.517 139.171 116.669 111.371 107.19 105.854 104.945 90.7712 80.6469 80.0541 79.1944 72.867 71.0111 69.3945
threshold=10.958402633666994 28.391327857971195 2.6880749464035039 22.914999961853031 0.029533922672271732 0.95309999585151683 0.28869999945163732 0.99179998040199291 138.40708160400393 0.51790001988410961 0.9212000072002412 0.53005385398864757 0.12712047249078753 0.059670984745025642 0.3546272367238999 0.30005408823490148 2.2597209215164189 54.374597549438484 0.93955001235008251 0.12430898472666742 156.27249145507815 29.500000000000004 0.80194014310836803 0.27419999241828924 54.500000000000007 2.3833475112915044 11.500000000000002 -0.68301269412040699 0.87185001373291027 0.68702730536460888
decision_type=10 10 8 10 8 2 2 2 8 2 2 10 8 10 10 10 10 10 2 10 8 2 10 2 2 10 2 2 2 8
left_child=2 13 5 4 12 9 23 20 16 21 15 -8 26 24 -7 -11 22 -10 -12 29 -5 -1 -3 -6 -2 -14 -4 -21 -24 -15
right_child=1 8 3 7 6 14 11 -9 17 10 18 -13 25 19 -16 -17 -18 -19 -20 27 -22 -23 28 -25 -26 -27 -28 -29 -30 -31
leaf_value=0.00078002258476054598 -0.017344325317410671 0.041967406973080573 0.0092647561506132483 -0.001991177727983288 -0.026265391135792723 -0.051551249644421086 -0.035231128593336568 -0.029075750127193701 0.02146140093155597 -0.0471670830073656 -0.005566338461720932 -0.018890920655395663 -0.039348034374675267 0.0035216426109678221 -0.043491957947388464 -0.035343450986233295 -0.034345366530577376 0.054360445224886228 -0.030571110790283341 -0.0085940298185925631 0.051095664135066748 0.080963964453121276 0.041800793209620157 -0.013628813362285283 0.034394371684638401 -0.0067862330953583627 0.052397400194468952 0.012650438396260306 0.0027837544766121849 0.030507242981355653
leaf_weight=205.99410773813725 1271.7890796363354 648.39834888279438 264.05510249733925 2144.5246967375278 2983.6472539305687 11191.392418980598 73192.079600438476 1757.6120531857014 352.97157262265682 5303.3621585965157 978.52161644399166 2284.1024987250566 285.57969675958157 336.47560358047485 29927.440808802843 11902.857409223914 99.65170630812645 3600.4789572060108 891.51908805966377 788.41131846606731 99.498155072331429 51.437605604529381 157.95836196839809 2713.6102330684662 80.058855727314949 556.7545655220747 178.26378831267357 827.01425261795521 445.55635984241962 815.92802119255066
leaf_count=1091 5931 583 1390 9691 15462 79442 447881 9083 589 33720 6452 11504 1734 737 202330 73500 352 1068 5848 2040 527 261 251 13030 177 2525 725 1793 1099 1368
internal_value=-0.032769 0.0260369 -0.0365415 -0.032277 -0.0332334 -0.0426408 -0.0337196 -0.0125674 0.0442847 -0.0361653 -0.0368801 -0.0347366 -0.00251297 0.00253864 -0.0456855 -0.0389878 0.0234041 0.0514232 -0.0174871 0.0107532 0.00036265 0.0168016 0.0280009 -0.0202466 -0.0142803 -0.0178258 0.0266481 0.00228204 0.0129957 0.0226281
internal_weight=156337 9424.69 146912 86459.7 82458.1 60452.5 81173.4 4001.63 5305.02 19333.7 19076.3 75476.2 1284.65 4119.68 41118.8 17206.2 1351.56 3953.45 1870.04 2767.83 2244.02 257.432 1251.91 5697.26 1351.85 842.334 442.319 1615.43 603.515 1152.4
internal_count=932184 15988 916196 513552 494251 402644 487877 19301 3942 120872 119520 459385 6374 12046 281772 107220 2285 1657 12300 5938 10218 1352 1933 28492 6108 4259 2115 3833 1350 2105
is_linear=0
shrinkage=0.05


Tree=26
num_leaves=31
num_cat=0
split_feature=32 32 27 28 18 1 2 1 38 1 43 34 1 1 34 46 59 32 27 1 33 38 5 2 2 53 43 55 39 29
split_gain=12825 1544.57 1504.61 775.277 652.101 536.857 480.236 713.985 461.605 351.768 327.946 305.542 299.848 267.062 238.528 226.633 215.982 215.26 165.319 232.954 153.699 104.569 95.9786 95.6624 90.5925 88.8596 121.326 88.2731 86.1329 84.7292
threshold=10.958402633666994 54.374597549438484 2.2866754531860356 0.074999999254941954 21.134999275207523 0.95309999585151683 0.18329999595880511 0.37475000321865087 0.90639394521713268 0.99179998040199291 13.544105052948 0.24287290126085284 0.51790001988410961 0.9212000072002412 0.3546272367238999 13.500000000000002 -0.1154455430805683 20.775242805480961 2.5474863052368169 0.89215001463890087 17.077500343322757 0.79730540513992321 22.500000000000004 0.57785001397132885 0.58559998869895946 1.0000000180025095e-35 1.7314680814743044 7.1926605701446542 1.9773815870285036 0.6850000023841859
decision_type=10 10 8 8 10 2 2 2 10 2 10 10 2 2 10 2 8 10 10 2 10 10 2 2 2 10 10 2 10 10
left_child=2 8 5 15 6 11 20 -8 17 21 18 23 24 -14 -7 -4 -17 25 19 -3 -5 -6 -12 -1 -13 -2 -27 -11 -18 -21
right_child=1 10 3 4 9 14 7 -9 -10 27 22 12 13 -15 -16 16 28 -19 -20 29 -22 -23 -24 -25 -26 26 -28 -29 -30 -31
leaf_value=-0.043596826000942161 0.037885250516988739 0.056492672871803463 -0.016228480989432099 -0.040518054031515177 0.010367392708818705 -0.050680039937972848 -0.034180879024851209 -0.021186815677149917 -0.013509095905578451 -0.035447033897732363 -0.083216105956249772 0.020004142482784169 -0.033606789073164063 -0.0095232638021883181 -0.042286816409585821 0.061612847356277645 0.0093254106897595456 0.03252711234456674 0.053296159026042733 0.03852765233624085 -0.025255141372329655 -0.010109810388124725 0.01476161238481067 0.068466602886604944 0.13554778923890332 0.019591026055211534 -0.0065269174010358687 -0.011650481398830171 -0.0325609648442612 -0.089187873735375858
leaf_weight=6930.6168820410967 215.40536747872829 91.5228051841259 1922.6693311780691 20543.252103671432 1092.0073523670435 11921.790806725621 37693.552798956633 14692.137826919556 1749.0844238400459 1497.1472316980362 56.669667050242424 176.83019785583019 11895.497907787561 1274.4197635501623 29192.743085592985 185.47734498977661 716.70016068220139 1469.0460786372423 3701.9911251068115 16.559810638427734 1793.431323453784 1453.0036008059978 44.72021259367466 19.096270501613617 18.764671355485916 742.67182774841785 1108.0569407045841 526.84778632223606 148.09442372620106 60.179341122508049
leaf_count=45266 402 17 10895 131282 4390 87280 231821 85546 7618 8824 245 905 74755 8377 202263 866 3399 1661 1361 16 9925 7377 80 100 92 1430 2915 1985 848 243
internal_value=-0.0318395 0.0252078 -0.0355141 -0.0310929 -0.0320327 -0.0414349 -0.033154 -0.0305366 0.00750028 -0.0136957 0.0487676 -0.0347853 -0.0303636 -0.0312763 -0.0447206 -0.00602528 0.0126531 0.017895 0.051093 0.00262157 -0.0392926 -0.0013235 -0.0400009 -0.0432889 0.031089 0.00749138 0.00395385 -0.0292528 0.00215245 -0.0616277
internal_weight=152950 9255.91 143694 82264.3 79291.4 61429.8 74722.4 52385.7 5284.26 4569.01 3971.64 20315.2 13365.5 13169.9 41114.5 2972.94 1050.27 3535.18 3870.25 168.262 22336.7 2545.01 101.39 6949.71 195.595 2066.13 1850.73 2024 864.795 76.7392
internal_count=932184 15988 916196 497158 481150 419038 458574 317367 14026 22576 1962 129495 84129 83132 289543 16008 5113 6408 1637 276 141207 11767 325 45366 997 4747 4345 10809 4247 259
is_linear=0
shrinkage=0.05


Tree=27
num_leaves=31
num_cat=0
split_feature=32 3 32 32 33 3 2 2 2 17 32 38 32 2 2 2 2 38 2 3 2 3 34 3 2 2 37 0 2 2
split_gain=11859.9 2006.82 1012.74 945.675 707.25 512.23 834.17 1754.03 811.598 503.657 338.216 290.949 237.242 229.975 281.124 209.959 191.22 188.096 150.085 144.969 143.303 135.757 135.132 134.165 114.889 98.5889 97.9488 90.5795 88.0957 89.0343
threshold=16.757418632507328 0.0043500000610947618 6.3514029979705819 5.9128010272979745 138.40708160400393 0.0014500000397674742 0.62525001168251049 0.45209999382495886 0.71129998564720165 11.815000057220461 0.29856945574283605 0.91092780232429515 54.374597549438484 1.0000000180025095e-35 0.079800002276897444 0.18620000034570697 0.050799999386072166 0.79730540513992321 0.084600001573562636 0.0072500000242143878 0.0063000000081956395 0.00530000007711351 1.1873698830604555 0.043999999761581428 0.050799999386072166 0.0043500000610947618 0.033654343336820609 34.034999847412116 0.30509999394416815 0.27514998614788061
decision_type=10 2 10 10 8 2 2 2 2 8 8 10 10 2 2 2 2 10 2 2 2 2 10 2 2 2 10 10 2 2
left_child=1 3 9 5 11 6 7 -1 -8 16 -7 25 -6 -5 24 17 22 26 -16 20 -11 -18 -3 -21 -15 -2 -4 -12 29 -17
right_child=4 2 15 13 12 10 8 -9 -10 19 27 -13 -14 14 18 28 21 -19 -20 23 -22 -23 -24 -25 -26 -27 -28 -29 -30 -31
leaf_value=-0.022579218085962582 0.0078515977523933665 -0.050029388312282763 0.016520939451061648 -0.020268137281118082 0.017628530401665173 -0.04806058204089135 -0.034768972856047617 0.032146242121399271 -0.0087651807614775486 -0.042391499283242873 -0.032671448256359176 -0.012546181421973246 0.052971060241814187 0.018838157574421269 -0.057371044874665635 0.020936586898406516 -0.026588482737751235 -0.031187052327712895 -0.0034254310700123115 -0.039093041237941627 -0.02481158004474484 -0.041662334461035407 -0.043506614500217096 0.0043237641811545617 0.067232043086521004 0.031654564333196543 -0.014914742012182063 0.0073860720770331347 -0.018731406107857645 0.10393616150416374
leaf_weight=12342.735960513353 623.37326572835445 16305.463163360953 286.00139534473419 1464.4246291667223 553.41427224874496 3967.2456045895815 22215.171486839652 1661.2651974409819 3469.1756761074066 1501.2070087939501 28114.404416739941 715.17130626738071 3343.8300057426095 790.59185129404068 142.00126738846302 236.48556241393089 1707.5869967192411 2357.6981091797352 1401.0456008017063 10055.314264535904 5088.3204153031111 11922.887632101774 15477.049828588963 181.14177696406841 145.15961185097694 1439.701691120863 1854.9467146098614 141.83626207709312 122.50716958940029 37.423801764845848
leaf_count=75402 1166 125555 771 7108 1016 26496 143501 8663 15875 9940 173475 3022 1068 2669 637 836 10913 12922 5186 65804 32431 84052 112300 1111 367 1695 6764 796 531 112
internal_value=-0.0309306 -0.0339718 -0.0402682 -0.0283992 0.0342113 -0.0297065 -0.0259041 -0.0160873 -0.0312566 -0.0419904 -0.0343898 0.0149357 0.0479524 -0.00455831 0.00472274 -0.0183705 -0.0447283 -0.0214444 -0.00838986 -0.0346011 -0.0288166 -0.0397739 -0.046853 -0.0383247 0.0263453 0.0244623 -0.0107154 -0.0324704 0.0165133 0.0322767
internal_weight=149665 142989 67134 75855.1 6675.49 71911.8 39688.3 14004 25684.3 62239 32223.5 2778.25 3897.24 3943.22 2478.8 4895.06 45413 4498.65 1543.05 16826 6589.53 13630.5 31782.5 10236.5 935.751 2063.07 2140.95 28256.2 396.417 273.909
internal_count=932184 924217 464042 460175 7967 444208 243441 84065 159376 442106 200767 5883 2084 15967 8859 21936 332820 20457 5823 109286 42371 94965 237855 66915 3036 2861 7535 174271 1479 948
is_linear=0
shrinkage=0.05


Tree=28
num_leaves=31
num_cat=0
split_feature=32 3 33 1 34 18 1 1 38 3 1 38 32 27 28 34 1 34 32 27 1 1 28 34 1 3 11 1 28 3
split_gain=11010 1980.49 1545.23 943.105 802.075 530.508 507.917 485.092 429.967 305.674 507.24 288.06 270.619 190.64 168.473 142.499 140.521 130.264 126.973 124.269 119.338 109.066 104.121 149.639 102.776 101.606 83.8714 80.4569 79.8629 77.7705
threshold=10.249001026153566 0.0063000000081956395 138.40708160400393 0.99950000643730175 3.1505618095397954 17.845000267028812 0.28869999945163732 0.29449999332427984 0.90429267287254345 0.0014500000397674742 0.92020002007484447 0.9917832911014558 1.3697993159294131 14.255126953125002 0.034999999217689044 6.751446247100831 0.8303000032901765 0.3546272367238999 54.374597549438484 2.0520119667053227 0.82545000314712536 0.99564999341964733 0.27500000596046453 2.2400509119033818 0.27899999916553503 0.0014500000397674742 -0.68301269412040699 0.99759998917579662 12.324999809265138 0.013050000183284284
decision_type=10 2 8 2 10 10 2 2 10 2 2 10 8 10 8 10 2 10 10 10 2 2 10 10 2 2 2 2 10 2
left_child=1 3 8 4 6 12 24 -8 13 10 -6 18 -3 25 19 -11 -16 -5 29 -14 -7 -10 23 -19 -1 26 -2 -15 -27 -4
right_child=2 5 11 17 9 20 7 -9 21 15 -12 -13 14 27 16 -17 -18 22 -20 -21 -22 -23 -24 -25 -26 28 -28 -29 -30 -31
leaf_value=-0.018891859574949026 0.0038960976186077018 -0.048331928825595893 0.034065522561059235 -0.048506447495832217 -0.008919601092844183 0.0085276711510779112 -0.034774356149681253 -0.025728415729433331 -0.0054265356775416267 -0.022223461711931014 0.049441483882538856 -0.0031295339653811087 -0.040221845555599892 0.033451808802930104 -0.035626553836734069 -0.0029207863632857559 -0.04389663776906999 -0.038392646520330059 0.053781411418795382 -0.016777424769500501 -0.024938762119041141 -0.031214472891585882 -0.039168050200762375 -0.011620150509688797 -0.0040208415910597184 -0.0083991634177188121 0.047985248372708122 0.0079769637251011893 0.015241228109138817 -0.02867709911489414
leaf_weight=2816.2370358854532 213.95437575876713 16881.820957325399 507.77405777573586 3252.2233481258154 1389.6512572616339 295.43081291019917 26245.503041386604 34044.570767633617 1024.0433529913425 3511.6794411242008 508.56509678065777 276.20234353840351 1023.5460608303547 1251.4253150224686 7278.4466075748205 1313.8545194268227 17453.455041363835 1257.9184313267469 3104.1824280098081 1262.3004100322723 2708.9189267754555 683.79424673318863 12920.262533292174 892.04470272362232 1977.7849556654692 1155.3278904557228 217.54555054008961 411.97630786895752 517.17488206923008 54.710389867424965
leaf_count=14389 485 132799 683 25128 7035 1529 174108 211466 4617 20735 2391 1181 7478 1529 48794 5641 127045 8896 568 7649 15351 3416 89064 5350 9324 3206 330 784 1064 149
internal_value=-0.030048 -0.0336421 0.0222455 -0.0293059 -0.0267223 -0.0419745 -0.0284208 -0.0296663 0.00505889 -0.0102815 0.00671635 0.0461115 -0.0433656 0.0144927 -0.0402625 -0.0169679 -0.0414628 -0.0394312 0.0498207 -0.0272753 -0.0216479 -0.0157517 -0.0374727 -0.0272844 -0.0127568 0.00449199 0.0261241 0.0271424 -0.00108903 0.0279628
internal_weight=146452 137034 9418.11 90130.3 71807.8 46903.9 65084.1 60290.1 5475.24 6723.75 1898.22 3942.87 43899.6 3767.4 27017.7 4825.53 24731.9 18322.4 3666.67 2285.85 3004.35 1707.84 15070.2 2149.96 4794.02 2104 431.5 1663.4 1672.5 562.484
internal_count=932184 914172 18012 573527 445089 340645 409287 385574 15431 35802 9426 2581 323765 7398 190966 26376 175839 128438 1400 15127 16880 8033 103310 14246 23713 5085 815 2313 4270 832
is_linear=0
shrinkage=0.05


Tree=29
num_leaves=31
num_cat=0
split_feature=32 3 33 34 18 55 3 30 55 38 32 27 58 3 3 21 32 38 3 38 27 59 43 3 3 7 18 21 33 55
split_gain=10175.9 1937.59 1469.76 716.196 522.406 460.091 463.426 548.575 401.065 277.776 257.974 163.318 158.209 139.091 137.815 129.937 129.437 106.349 91.4155 90.924 84.5371 80.5441 77.6637 75.3099 71.2676 64.3856 48.0272 45.3763 43.8473 43.7845
threshold=10.249001026153566 0.0063000000081956395 138.40708160400393 0.30005408823490148 16.015000343322757 6.4254159927368173 0.0014500000397674742 5.4275000095367441 4.3022685050964364 0.9917832911014558 1.3697993159294131 14.255126953125002 0.029533922672271732 0.045949999243021018 0.0014500000397674742 13.84500026702881 54.374597549438484 0.79248937964439403 0.0043500000610947618 0.75001847743988048 4.8815078735351571 0.14450165629386905 16.871461868286136 0.0033999999286606912 0.013050000183284284 2.5000000000000004 0.2650000005960465 16.195000648498539 1.6018055677413943 11.42265558242798
decision_type=10 2 8 8 10 2 2 8 2 10 8 10 8 2 2 10 10 10 2 10 10 8 10 2 2 2 10 10 10 2
left_child=1 3 8 14 10 6 7 -5 23 16 28 18 21 -14 -1 -8 24 22 -10 25 -7 -12 -13 -2 -4 29 -20 -21 -3 -6
right_child=2 4 9 5 19 20 15 -9 11 -11 12 17 13 -15 -16 -17 -18 -19 26 27 -22 -23 -24 -25 -26 -27 -28 -29 -30 -31
leaf_value=-0.030674987079344525 -0.00077964303256819901 -0.049975543812193109 0.032870201435156413 -0.0055236324720702879 -0.00054922775544987877 -0.013239049625471819 -0.031791405243795957 -0.02557434388780172 0.016256324073306041 -0.0029728160166681574 0.005997176904500098 0.033207554126584847 -0.040567309200144668 -0.0046404619385486618 -0.04734614373662839 -0.018706416386770043 0.053212809636147253 -0.0041087257532653534 0.025824684463677146 -0.034626971246470947 0.0087753156434373005 -0.029098301534907001 -0.037604433606274641 -0.022675581554855471 -0.027019871586001401 -0.018829687884363948 -0.0083851553031743502 -0.021184429276129887 -0.044776413085772432 0.04998746283386072
leaf_weight=1599.9467551410198 602.75311672687531 8734.9904746115208 500.12521129101515 3797.9326304942369 276.73315988481045 829.88377006351948 40352.359510302544 33506.692235857248 935.25228825211525 276.22417515516281 259.84833152592182 1360.8037218600512 24614.454122886062 272.38382959365845 5505.2235876768827 1990.8557275533676 2983.5442725494504 251.68696212768555 114.20893952250481 1353.2884036302567 919.01353438198566 440.82708986103535 39.854877829551697 1126.8925317972898 55.150946438312531 847.07311329245567 1008.8652760386467 1170.9886747151613 7569.4633391648531 50.713849857449532
leaf_count=10958 2803 72044 683 23756 1502 3669 267680 211587 1910 1181 1499 1572 180045 1866 41063 11963 568 613 243 8930 2851 2805 137 5502 149 4328 2651 6842 60678 106
internal_value=-0.0291821 -0.032682 0.0215246 -0.0283682 -0.0410561 -0.0270393 -0.0275964 -0.023533 0.00483923 0.0453181 -0.0426465 0.0141079 -0.0395144 -0.0401741 -0.0435921 -0.0311762 0.0490875 0.0258155 0.0047095 -0.0230437 -0.0016709 -0.016083 0.0311926 -0.0150452 0.0269218 -0.0115511 -0.00490625 -0.0283911 -0.0475618 0.00727772
internal_weight=143348 134093 9255.36 88501.9 45590.8 81396.7 79647.8 37304.6 5440.32 3815.04 41892 3710.67 25587.5 24886.8 7105.17 42343.2 3538.82 1652.35 2058.33 3698.8 1748.9 700.675 1400.66 1729.65 555.276 1174.52 1123.07 2524.28 16304.5 327.447
internal_count=932184 914172 18012 573527 340645 521506 514986 235343 15431 2581 318937 7126 186215 181911 52021 279643 1400 2322 4804 21708 6520 4304 1709 8305 832 5936 2894 15772 132722 1608
is_linear=0
shrinkage=0.05


Tree=30
num_leaves=31
num_cat=0
split_feature=32 3 33 29 1 34 3 1 1 1 54 32 18 27 1 34 28 1 27 28 2 1 1 34 1 1 3 3 3 3
split_gain=9399.74 1898.28 1397.47 649.007 500.825 762.206 410.933 1495.44 381.591 332.335 306.382 268.936 261.656 224.777 205.64 198.727 192.511 191.383 181.714 171.536 188.332 137.796 125.118 104.089 96.1449 92.1548 87.9241 85.1431 82.7966 79.6466
threshold=10.249001026153566 0.0043500000610947618 138.40708160400393 16.175000190734867 0.99950000643730175 3.1505618095397954 0.0014500000397674742 0.69680002331733715 0.92020002007484447 0.95985001325607311 0.17509016394615176 54.374597549438484 17.845000267028812 0.091949824243783965 0.86605000495910656 1.1873698830604555 0.014999999664723875 0.99369999766349804 14.255126953125002 0.21499999612569812 0.18620000034570697 0.99564999341964733 0.8225499987602235 0.3546272367238999 0.8128499984741212 0.94920000433921825 0.0072500000242143878 0.0014500000397674742 0.013050000183284284 0.0023999999975785617
decision_type=10 2 8 8 2 10 2 2 2 2 10 10 10 8 2 10 10 2 10 8 2 2 2 10 2 2 2 2 2 2
left_child=1 4 10 15 5 6 7 -1 14 -10 21 28 19 -8 -7 25 -17 24 27 -5 -21 29 -18 -6 -14 26 -3 -12 -4 -2
right_child=2 3 11 12 23 8 13 -9 9 -11 18 -13 17 -15 -16 16 22 -19 -20 20 -22 -23 -24 -25 -26 -27 -28 -29 -30 -31
leaf_value=-0.02623879103367413 0.023189061170993522 -0.032338074575526246 0.023078678798396354 -0.01150355110881985 -0.045698120685970074 -0.006809135006779341 -0.046621947229884803 0.0077905162887128695 0.068415247655679703 0.0048646914964125066 0.024071216758522532 0.051109388434151387 0.013242717392205606 -0.029625859166711982 -0.034323354002743708 -0.023652514671797159 -0.025712806191087262 -0.032810845456740421 0.026643378595242663 -0.039460617905167299 -0.029324065335661256 -0.027947100582339613 -0.041729011839996492 -0.033394691556054942 -0.015055718695004331 -0.048102306087885155 -0.044964211105155132 -0.0017310672215470582 -0.029947539598390246 -0.0076955147866942346
leaf_weight=28846.850133061409 270.74147507548332 2072.2442792579532 624.1960676535964 803.21056231856346 2087.7700343355536 2117.2456415593624 2160.8401962220669 3635.3799231052399 239.38576050102711 1462.8256790190935 401.76483164727688 2983.8342850953341 354.90213249623775 19505.228498488665 999.77167040109634 1950.644744373858 1336.0050492957234 1700.5810661315918 1499.4622892737389 10654.631176009774 8040.2282480150461 756.75888025760651 13969.779397159815 9734.3580632805824 1945.6482002586126 13542.020465858281 4120.4786613360047 1565.6942662000656 83.458654448390007 911.6710554510355
leaf_count=185351 1072 15173 1243 4570 16686 11000 14593 21662 1041 7491 743 1068 1799 125032 5450 13828 9770 10344 2045 77331 55234 3704 110538 67745 10769 115880 32885 3920 270 3947
internal_value=-0.0283267 -0.0317327 0.0208223 -0.0382369 -0.0261748 -0.0242918 -0.0259876 -0.0224303 -0.005237 0.0138019 0.00462897 0.0445371 -0.031739 -0.0313209 -0.0156342 -0.0423648 -0.0384457 -0.020092 0.0135311 -0.034129 -0.0351011 -0.0112867 -0.040331 -0.0355675 -0.0106902 -0.0457918 -0.0407392 0.00353789 0.0168249 -0.000623756
internal_weight=140378 131280 9097.58 60490.4 70789.7 58967.5 54148.3 32482.2 4819.23 1702.21 5406.09 3691.49 23499.2 21666.1 3117.02 36991.2 17256.4 4001.13 3466.92 19498.1 18694.9 1939.17 15305.8 11822.1 2300.55 19734.7 6192.72 1967.46 707.655 1182.41
internal_count=932184 914172 18012 458121 456051 371620 346638 207013 24982 8532 15431 2581 160047 139625 16450 298074 134136 22912 6708 137135 132565 8723 120308 84431 12568 163938 48058 4663 1513 5019
is_linear=0
shrinkage=0.05


Tree=31
num_leaves=31
num_cat=0
split_feature=32 3 32 1 34 1 18 1 53 43 3 1 32 34 27 1 58 3 55 11 34 2 55 1 1 21 27 59 43 53
split_gain=8681.94 1872.72 1330.37 910.896 709.883 507.797 506.794 501.88 315.054 299.053 268.64 431.227 251.97 193.497 164.363 205.842 154.658 146.281 142.12 135.876 126.772 126.322 102.302 101.5 97.6207 92.9009 180.531 85.7434 81.9521 78.6599
threshold=10.249001026153566 0.0063000000081956395 54.374597549438484 0.99950000643730175 3.1505618095397954 0.28869999945163732 15.034999847412111 0.29449999332427984 0.82568460702896129 13.544105052948 0.0014500000397674742 0.69680002331733715 1.3697993159294131 23.186078071594242 2.5474863052368169 0.89215001463890087 1.0000000180025095e-35 0.054650001227855689 5.8109831809997567 -0.68301269412040699 0.3546272367238999 0.1678000018000603 8.2278690338134783 0.99564999341964733 0.27899999916553503 0.05333333462476731 1.6186747550964358 -0.16714753210544583 1.6873273253440859 1.1234589815139773
decision_type=10 2 10 2 10 2 10 2 10 10 2 2 8 8 10 2 8 2 2 2 10 2 2 2 2 10 10 8 10 10
left_child=1 3 8 4 5 24 12 -7 13 14 11 -6 -3 19 15 -4 27 -18 -12 28 -5 22 -8 -10 -1 26 -22 -14 -2 -16
right_child=2 6 9 20 10 7 21 -9 23 -11 18 -13 16 -15 29 -17 17 -19 -20 -21 25 -23 -24 -25 -26 -27 -28 -29 -30 -31
leaf_value=-0.015827176571424611 0.012506012898107616 -0.04606412095512457 0.053603015914853419 -0.046276241379523061 -0.029673460683406306 -0.032243449333211466 -0.028885490048707059 -0.022788074326801043 -0.0015970665732499363 -0.041075457464492066 -0.018777974232126893 0.023059910519971721 0.048465798420170597 0.029754452358084479 0.051827075018068935 -0.062237566928353576 -0.038766456724774447 0.016626514762826547 0.003951980101853856 0.01830264563656191 -0.03650598498337488 0.0026715140664537456 -0.0042069060063145937 -0.024191293004714075 -0.0011408252893014351 -0.036124882342207253 0.0033611012101705932 -0.0186205094797425 -0.016393198543008577 0.011773795218538025
leaf_weight=2721.7300561219454 366.56898431479931 15240.198996849358 78.71128798276186 2950.2910086512566 547.15608076751232 24785.447423577309 3125.9625798463821 32352.932169012725 1368.5310890451074 97.795174367725849 3835.8054799437523 1330.1294817477465 52.148322746157646 1306.2276866063476 2966.1344708651304 74.784935683012009 23123.044953525066 119.80165008455515 837.92661795020103 1044.1240179389715 762.70689591020346 444.70934911817312 485.10232575237751 780.57746259123087 1936.5947555750608 12899.224542804062 452.39346583932638 549.60887934267521 741.64387114346027 127.86339302361012
leaf_count=14389 757 132679 17 25128 2854 174108 20759 211466 5560 325 23530 6572 295 1722 845 259 178414 828 2846 2208 5652 2477 1709 3737 9324 94988 2670 3484 2066 516
internal_value=-0.0274898 -0.0308054 0.0201177 -0.0265164 -0.0239364 -0.0255955 -0.0392968 -0.0268896 0.00523103 0.0450721 -0.00828582 0.00769017 -0.0410425 0.0145733 0.0476664 -0.00283571 -0.037833 -0.0384809 -0.0147029 0.00536005 -0.0368502 -0.0224736 -0.0255702 -0.00980351 -0.00972165 -0.0348799 -0.0216631 -0.0128068 -0.00683407 0.0501718
internal_weight=137506 128553 8952.96 85412.3 68347.7 61796.7 43140.6 57138.4 5607.67 3345.29 6551.02 1877.29 39084.8 3458.56 3247.49 153.496 23844.6 23242.8 4673.73 2152.34 17064.6 4055.77 3611.06 2149.11 4658.32 14114.3 1215.1 601.757 1108.21 3094
internal_count=932184 914172 18012 573527 445089 409287 340645 385574 16050 1962 35802 9426 315700 6753 1637 276 183021 179242 26376 5031 128438 24945 22468 9297 23713 103310 8322 3779 2823 1361
is_linear=0
shrinkage=0.05


Tree=32
num_leaves=31
num_cat=0
split_feature=32 3 32 32 27 17 3 2 2 2 27 43 38 2 2 2 2 38 2 3 3 21 3 34 3 2 37 38 2 2
split_gain=8020.55 1813.04 912.173 732.668 600.965 522.976 463.409 711.066 1830.03 749.552 313.77 308.018 280.506 257.653 305.742 229.602 207.107 198.089 173.228 165.532 142.004 141.354 132.432 126.657 123.073 117.054 103.199 98.4635 88.5795 85.171
threshold=16.757418632507328 0.0043500000610947618 5.3923628330230722 4.5117950439453134 42.885154724121101 11.954999923706056 0.0014500000397674742 0.61945000290870678 0.45209999382495886 0.71129998564720165 0.20293549448251727 12.006355285644533 0.85155966877937328 1.0000000180025095e-35 0.079800002276897444 0.18620000034570697 0.050799999386072166 0.79730540513992321 0.084600001573562636 0.0014500000397674742 0.0072500000242143878 0.42499999701976782 0.00530000007711351 1.1873698830604555 0.045949999243021018 0.71325001120567333 0.033654343336820609 0.9917832911014558 0.021749999374151233 0.0063000000081956395
decision_type=10 2 10 10 10 8 2 2 2 2 8 10 10 2 2 2 2 10 2 2 2 10 2 10 2 2 10 10 2 2
left_child=1 3 5 6 12 16 7 8 -1 -9 -8 27 -2 21 19 17 23 26 -16 -15 25 -5 -18 -3 -22 -7 -4 -6 -13 -19
right_child=4 2 15 13 11 20 10 9 -10 -11 -12 28 -14 14 18 -17 22 29 -20 -21 24 -23 -24 -25 -26 -27 -28 -29 -30 -31
leaf_value=-0.019072484643366722 0.025040783327292478 -0.046597165242501931 0.016167072607935009 0.01525028062549268 0.051631244445095675 -0.024975923462046901 -0.043825926066374532 -0.030311798472709407 0.039467505822378179 -0.0048224537668200918 -0.028108825243609512 -0.077851583133419125 -0.0074679301100693419 0.047265039884080873 -0.054195438366685278 0.015377122762087352 -0.021686626724441046 -0.037171441088287169 -0.0050173772388496752 0.0089044628518624054 -0.034453400476482855 -0.025078639952477791 -0.037375742632429647 -0.039746323083991855 0.012535893585192455 0.010497470307514113 -0.013845485717464138 0.014145303914673009 0.023167809303454859 -0.020299249262775765
leaf_weight=10876.873860321939 2028.2506722584367 13838.272443465889 329.03218928724527 246.4727251380682 2652.2557360157371 5373.3393479436636 3646.8513086140156 20225.181159347296 1521.8289611786604 3363.8990788161755 24566.320249222219 61.663519665598869 986.21230974793434 415.10161904990673 196.88624535501003 493.16925043612719 1547.5588962137699 1533.3682551085949 1978.4930781722069 871.96562871336937 8407.7628802657127 1834.3466333150864 10278.364875875413 13164.793334007263 141.69731546938419 243.0724400728941 2211.8695136979222 187.56607696413994 33.483496747910976 1460.3265076056123
leaf_count=71611 2570 125560 989 1041 671 38273 27531 143870 8206 15873 166860 275 3591 1441 989 2076 10838 10056 8413 3431 62131 10909 83434 110157 912 1624 9454 798 62 8538
internal_value=-0.0266724 -0.0292948 -0.0357442 -0.0238369 0.0300855 -0.0378405 -0.0253427 -0.0215815 -0.0118872 -0.0266769 -0.0301404 0.0461905 0.0144052 -0.00639644 0.00196017 -0.0173136 -0.0408406 -0.0202266 -0.00946832 0.0212764 -0.0296171 -0.0203017 -0.0353226 -0.0432572 -0.0336746 -0.0234407 -0.00995903 0.0491554 -0.0423015 -0.0289412
internal_weight=134716 128767 59022.6 69744.2 5949.43 52994.9 64201 35987.8 12398.7 23589.1 28213.2 2934.97 3014.46 5543.27 3462.45 6027.77 38829 5534.6 2175.38 1287.07 14165.9 2080.82 11825.9 27003.1 8549.46 5616.41 2540.9 2839.82 95.147 2993.69
internal_count=932184 924217 464042 460175 7967 432929 433951 239560 79817 159743 194391 1806 6161 26224 14274 31113 329989 29037 9402 4872 102940 11950 94272 235717 63043 39897 10443 1469 337 18594
is_linear=0
shrinkage=0.05


Tree=33
num_leaves=31
num_cat=0
split_feature=32 1 32 34 1 2 1 2 1 1 2 27 53 43 1 2 27 27 1 34 46 27 30 1 33 42 33 6 55 34
split_gain=7443.26 1364.8 1202.65 680.995 633.593 574.354 706.877 2291.93 574.044 379.801 1030.88 288.903 270.058 264.664 223.911 218.449 183.951 159.541 190.172 149.995 135.479 369.173 133.192 132.041 129.724 112.98 90.6213 86.1476 84.5059 81.2819
threshold=10.249001026153566 0.95309999585151683 54.374597549438484 5.706895351409913 0.9212000072002412 0.18329999595880511 0.37475000321865087 0.57785001397132885 0.28965000808238989 0.87380000948905956 0.084600001573562636 0.18786325305700305 0.93964123725891124 13.544105052948 0.86800000071525585 0.07400000095367433 2.4904651641845708 2.5474863052368169 0.89215001463890087 23.186078071594242 3.5000000000000004 2.0520119667053227 17.724999427795414 0.99469998478889476 6.194277524948121 1.3399121165275576 20.394166946411136 8.5000000000000018 6.9094996452331552 0.88269254565238964
decision_type=10 2 10 10 2 2 2 2 2 2 2 8 10 10 2 2 10 10 2 8 2 10 10 2 10 10 10 2 2 10
left_child=1 4 12 11 5 9 8 -8 -7 14 -11 -3 19 17 -1 16 29 18 -4 25 22 -22 -13 26 -25 27 -5 -2 -26 -6
right_child=2 3 13 23 15 6 7 -9 -10 10 -12 20 -14 -15 -16 -17 -18 -19 -20 -21 21 -23 -24 24 28 -27 -28 -29 -30 -31
leaf_value=-0.03611533749027248 0.024367126768674478 -0.045779960952062111 0.05246667540299467 -0.015439383456071057 -0.023276552484782342 -0.013620518236690863 -0.018656217271726772 0.085669744590916627 -0.03076961630273066 -0.048094364332037724 -0.0068724546714823784 -0.036972832640746016 -0.01209633166901743 -0.037769393980457096 -0.054602727198810375 0.035483231914057882 0.014990107373850281 0.048973483632188217 -0.060300477572946445 0.02474517822505555 -0.036477896055478097 0.0049852297216104371 -0.021895700536875281 0.0062283056627543418 -0.032051896674810038 -0.0096173561457049399 0.0086202766926671334 0.00074197096627483348 -0.013996102257570885 -0.0020782679358673077
leaf_weight=7846.9215804859996 781.42952737212181 8303.751905426383 74.668968938291073 1095.414127252996 1155.5741372779012 5945.5807469338179 20443.165267966688 540.36463908851147 27222.779123827815 2618.2517549470067 3604.8678478896618 32469.778464533389 1637.3992293700576 96.479526862502098 2069.8300084620714 344.30317885428667 700.98075726628304 2874.9204771369696 74.879200667142868 1464.4813253358006 1853.8399631381035 755.67003439366817 1534.0163155421615 325.92612848430872 2268.9215431809425 896.24763105809689 608.93679757416248 762.26270359754562 907.10724578797817 742.92549414932728
leaf_count=57811 1626 75887 17 6208 9214 33455 135956 3022 198611 18539 25994 268109 7889 325 13699 2578 4121 1361 259 2143 15372 4956 10545 1879 15799 2573 2700 1819 4136 5581
internal_value=-0.0258724 -0.0290185 0.0189285 -0.0353756 -0.0246676 -0.0256193 -0.0231518 -0.0159696 -0.0276956 -0.033898 -0.0242157 -0.0373598 0.00494775 0.0437538 -0.039974 -0.00194206 -0.00689907 0.0463543 -0.00399616 0.0120955 -0.0354501 -0.0244709 -0.0362927 -0.0182572 -0.0238122 0.00450308 -0.00684326 0.0127012 -0.026895 -0.0149812
internal_weight=132022 123359 8662.77 50123.4 73235.5 70291.8 54151.9 20983.5 33168.4 16139.9 6223.12 44917.1 5541.82 3120.95 9916.75 2943.78 2599.48 3024.47 149.548 3904.42 36613.3 2609.51 34003.8 5206.31 3501.95 2439.94 1704.35 1543.69 3176.03 1898.5
internal_count=932184 914172 18012 405591 508581 487087 371044 138978 232066 116043 44533 374869 16050 1962 71510 21494 18916 1637 276 8161 298982 20328 278654 30722 21814 6018 8908 3445 19935 14795
is_linear=0
shrinkage=0.05


Tree=34
num_leaves=31
num_cat=0
split_feature=32 3 32 1 34 18 1 1 38 32 39 3 1 27 1 34 50 1 2 34 2 11 49 38 1 27 46 27 1 1
split_gain=6866.7 1831.01 1146.5 864.817 646.495 496.471 429.716 475.257 279.066 257.042 253.557 231.124 397.886 168.937 182.254 160.83 150.827 131.387 129.049 126.375 116.738 114.648 112.474 104.028 91.4791 89.282 88.6039 137.621 85.0156 99.2977
threshold=10.249001026153566 0.0063000000081956395 54.374597549438484 0.99950000643730175 3.1505618095397954 15.034999847412111 0.28869999945163732 0.29449999332427984 0.9294133484363557 1.3697993159294131 2.1077735424041752 0.0014500000397674742 0.69680002331733715 2.5474863052368169 0.89215001463890087 23.186078071594242 0.75165623426437389 0.8303000032901765 0.2384000048041344 0.3546272367238999 0.1678000018000603 -0.68301269412040699 0.2430062219500542 0.9917832911014558 0.27419999241828924 3.6084958314895634 1.0000000180025095e-35 1.6186747550964358 0.84959998726844799 0.9715000092983247
decision_type=10 2 10 2 10 10 2 2 10 8 10 2 2 10 2 8 10 2 2 10 2 2 10 10 2 10 2 10 2 2
left_child=1 3 8 4 6 9 24 -8 15 -3 13 12 -6 14 -4 21 17 -11 -13 -5 28 22 -2 -15 -1 -18 -21 -28 -7 -30
right_child=2 5 10 19 11 20 7 -9 -10 16 -12 18 -14 23 -16 -17 25 -19 -20 26 -22 -23 -24 -25 -26 -27 27 -29 29 -31
leaf_value=-0.015139986742412818 0.0037962197206070124 -0.044057119143817262 0.051128885535345794 -0.044172748161132105 -0.0277421774435835 -0.059399301298724429 -0.029538614018170664 -0.020077243611975992 -0.011873681901268862 -0.030656107081776091 -0.041404848873572389 -0.01559254784905661 0.023440352825549043 0.050642981968685143 -0.059087078845305563 0.025951202689688431 -0.031062381545389695 -0.039349327041149407 0.0090623237705944222 -0.033703214273710681 0.0044875831699032823 0.015892897630199406 -0.029046529954707075 0.0074411038277572231 -0.0010151631488909294 -0.009092232418713023 -0.034170244147938782 -0.0030461506913570181 -0.0060913664099674844 -0.02625295213502131
leaf_weight=2336.5432232916355 875.49215959012508 13890.574083082378 72.264748647809029 2681.9841567128897 532.84826268255711 153.150645442307 23302.646160006523 30836.715597972274 1735.1967560648918 6307.0540554821491 86.281352713704109 3899.4379191622138 1321.2484326958656 2631.1117705181241 77.986573174595833 1379.5782706737518 1112.1883935034275 13981.776311613619 614.37207897007465 11753.185628823936 435.6186825633049 1152.7019444853067 371.21696205437183 147.13561220467091 2250.252059713006 791.51362138986588 813.284996278584 630.5193966627121 810.15209545195103 2480.6382172331214
leaf_count=12783 2057 132679 18 25128 2854 1030 174108 211466 8274 48273 336 23068 6572 693 272 1858 9134 120566 3308 92831 2477 2617 1244 643 10930 5048 6491 3988 5027 16411
internal_value=-0.0250801 -0.0281381 0.0182807 -0.023816 -0.0212638 -0.0368956 -0.0229047 -0.0241496 0.00472587 -0.038723 0.0430733 -0.00613174 0.00873102 0.0455623 -0.0060777 0.0123479 -0.0353843 -0.0366469 -0.0122368 -0.0342781 -0.0198995 0.00452643 -0.00598295 0.048355 -0.00821044 -0.0219277 -0.0322673 -0.0205781 -0.0229841 -0.0212894
internal_weight=129465 120936 8528.97 80973 65094.1 39962.7 58726.2 54139.4 5514.19 36083.1 3014.78 6367.91 1854.1 2928.5 150.251 3778.99 22192.5 20288.8 4513.81 15879 3879.56 2399.41 1246.71 2778.25 4586.8 1903.7 13197 1443.8 3443.94 3290.79
internal_count=932184 914172 18012 573527 445089 340645 409287 385574 16050 315700 1962 35802 9426 1626 290 7776 183021 168839 26376 128438 24945 5918 3301 1336 23713 14182 103310 10479 22468 21438
is_linear=0
shrinkage=0.05


Tree=35
num_leaves=31
num_cat=0
split_feature=32 1 27 34 1 2 1 1 1 1 2 38 27 39 1 2 33 27 28 27 28 21 1 33 38 1 32 34 1 1
split_gain=6333.12 1301.11 1096.35 665.05 609.809 555.653 665.801 2081.88 523.662 371.933 1003.28 307.208 291.669 270.134 226.827 199.335 188.201 160.513 155.618 265.367 134.559 132.318 121.315 106.88 98.2055 80.1984 80.1586 76.3137 69.2654 66.8759
threshold=10.249001026153566 0.95309999585151683 42.885154724121101 5.706895351409913 0.9212000072002412 0.18329999595880511 0.37475000321865087 0.51790001988410961 0.28965000808238989 0.87380000948905956 0.084600001573562636 0.85155966877937328 0.18786325305700305 2.1077735424041752 0.86800000071525585 0.07400000095367433 60.250944137573249 2.4904651641845708 1.0000000180025095e-35 1.6336091160774233 10.525000095367433 0.15250000357627871 0.99759998917579662 6.194277524948121 0.95559534430503856 0.99564999341964733 54.374597549438484 0.88269254565238964 0.98020002245903026 0.99079999327659618
decision_type=10 2 10 10 2 2 2 2 2 2 2 10 8 10 2 2 8 10 8 10 10 10 2 10 10 2 10 10 2 2
left_child=1 4 11 12 5 9 8 -8 -7 14 -11 16 -3 24 -1 17 21 27 19 -14 -20 -2 -5 -24 -4 -13 -23 -6 -15 -18
right_child=2 3 13 22 15 6 7 -9 -10 10 -12 25 18 28 -16 -17 29 -19 20 -21 -22 26 23 -25 -26 -27 -28 -29 -30 -31
leaf_value=-0.034450538967436162 0.024710876152401515 -0.044444335333843447 0.050502925465907816 -0.0081566215684644224 -0.021311418766833273 -0.012474170335639944 0.027494748549394023 -0.020499200040786574 -0.029010634850279007 -0.046774202642717928 -0.005346789887006001 -0.0024214414981629366 -0.035846582322654585 0.018053865580478348 -0.053481636367716717 0.03522200831700141 0.039212068108445811 0.01509525841216755 -0.035598609979523847 -0.0061548003064412519 -0.021851903673915971 0.0009385103989938752 0.0062610504748430457 -0.026934020112375223 0.015669296413240354 -0.022670151033450194 -0.06057329506995799 -0.00045847996715338101 -0.070042207611607163 0.01394372822394762
leaf_weight=7512.182404756546 702.69959983229637 7789.7367918491364 2320.5373611524701 2330.5072079673409 1109.0223311334848 5860.5261694639921 2586.1814343258739 17890.645306766033 26146.881797336042 2497.2083822712302 3523.5814696252346 1377.037057928741 1736.8528378084302 35.147370934486389 1977.9337852224708 344.87965087592602 781.38862538337708 698.93897984176874 29891.18864197284 1327.8039947971702 1892.8738592863083 1687.0981787294149 268.87901444733143 2470.5839186906815 221.66650246083736 758.2754330933094 54.679625697433949 725.92441929131746 61.099185392260551 393.82841043919325
leaf_count=57811 1349 75887 604 12697 9214 33455 14789 124189 198611 18539 25994 5638 15388 80 13699 2578 689 4121 260101 9462 14031 4048 1578 16447 836 3730 199 5581 286 553
internal_value=-0.0243076 -0.0272784 0.0176643 -0.0336619 -0.0229813 -0.0239356 -0.0214785 -0.0144377 -0.0259828 -0.03225 -0.0225294 0.0054287 -0.0356976 0.0443527 -0.038417 -0.000441037 0.0143014 -0.00529503 -0.0337424 -0.0229822 -0.0347799 0.00639628 -0.0165422 -0.0236759 0.0474656 -0.009612 -0.00099253 -0.0130618 -0.0378712 0.0307444
internal_weight=126976 118582 8393.46 47708.4 70873.9 67995.1 52484.2 20476.8 32007.4 15510.9 6020.79 5755.01 42638.5 2638.45 9490.12 2878.77 3619.69 2533.89 34848.7 3064.66 31784.1 2444.48 5069.97 2739.46 2542.2 2135.31 1741.78 1834.95 96.2466 1175.22
internal_count=932184 914172 18012 405591 508581 487087 371044 138978 232066 116043 44533 16206 374869 1806 71510 21494 6838 18916 298982 24850 274132 5596 30722 18025 1440 9368 4247 14795 366 1242
is_linear=0
shrinkage=0.05


Tree=36
num_leaves=31
num_cat=0
split_feature=32 3 32 55 17 3 2 2 2 32 31 2 38 3 1 38 3 19 1 2 1 32 1 53 1 2 1 3 1 3
split_gain=5862.71 1787.94 916.834 733.475 510.479 439.473 761.312 1421.97 643.468 334.234 332.207 243.972 209.512 199.495 200.262 182.659 158.371 157.074 149.675 1007.34 114.878 111.507 110.204 95.3722 89.9988 91.1827 85.2554 78.2547 71.9141 64.4809
threshold=20.775242805480961 0.0043500000610947618 5.3923628330230722 5.6454348564147958 11.954999923706056 0.0014500000397674742 0.61945000290870678 0.45209999382495886 0.70745000243186962 0.29856945574283605 143.80341339111331 0.18620000034570697 0.95559534430503856 0.0072500000242143878 0.99369999766349804 0.79730540513992321 0.0043500000610947618 29.162857055664066 0.37475000321865087 0.51014998555183422 0.99950000643730175 2.5302191972732548 0.99079999327659618 0.0095530878752470034 0.92020002007484447 0.084600001573562636 0.99369999766349804 0.008200000040233137 0.62039998173713695 0.0043500000610947618
decision_type=10 2 10 2 8 2 2 2 2 8 10 2 10 2 2 10 2 10 2 2 2 10 2 10 2 2 2 2 2 2
left_child=1 3 4 5 13 6 7 -1 -8 -7 16 15 -12 14 -3 23 -2 -11 27 -20 24 -15 -18 -4 25 -5 -17 -6 -13 -14
right_child=10 2 11 20 18 9 8 -9 -10 17 12 28 29 21 -16 26 22 -19 19 -21 -22 -23 -24 -25 -26 -27 -28 -29 -30 -31
leaf_value=-0.013986533400558974 0.03090247293128023 -0.026499400906212073 0.01727065162294036 -0.050420404961899971 -0.029703112965365125 -0.041219142840633785 -0.027376450888639332 0.036526955430434216 -0.0060071162199470639 -0.024451669126893536 0.047428773115278766 -0.036713401542404836 0.025115058648123509 -0.042234435008091993 -0.039041727410137311 -0.017319860380765474 0.017810746330750703 0.0034335331502375931 -0.02647581769228154 0.060473644448864529 -0.0077595078796264712 -0.032208039918336075 -0.014438736302094333 -0.011401832904725762 0.030512913411517368 0.010052174846257044 -0.034081671337737263 -0.046799628537705085 0.023734332846012309 -0.024749651275177812
leaf_weight=11493.610879898071 938.86891392618418 6222.5363451689482 331.529380813241 67.231563910841942 1642.8010239601135 3125.0608063340187 17590.081276804209 1585.3864088356495 4404.9566876292229 24559.598671130836 2420.4224520847201 54.708524063229561 129.44399606436491 18929.874739892781 6514.5607822686434 1502.6404280364513 566.41860678792 515.60909683257341 10044.812165409327 344.53037396073341 820.03654495626688 3248.9615957215428 497.65194685012102 2316.4853211268783 600.73571705818176 855.97774875164032 1532.0964285358787 1129.519886277616 488.95859549939632 129.88186247646809
leaf_count=78912 1577 53227 1096 264 12915 26490 135515 8393 24243 176916 788 284 445 185962 62153 8875 1146 2822 78917 1973 3688 28647 1448 9703 1360 2438 10440 9135 1902 510
internal_value=-0.0235461 -0.0256892 -0.0324003 -0.0201353 -0.0347383 -0.0211528 -0.0174163 -0.00786348 -0.0230968 -0.0257999 0.0313389 -0.0143472 0.0428526 -0.0379016 -0.0329143 -0.0174085 0.0159347 -0.0238783 -0.0263467 -0.0235924 0.00733014 -0.0407657 0.00272808 -0.00781206 0.0154499 0.00564833 -0.0257821 -0.0366687 0.0176516 0.000140606
internal_weight=124605 119922 54304 65618.3 48077.6 63274.3 35074 13079 21995 28200.3 4682.69 6226.42 2679.75 34915.9 12737.1 5682.75 2002.94 25075.2 13161.7 10389.3 2343.98 22178.8 1064.07 2648.01 1523.95 923.209 3034.74 2772.32 543.667 259.326
internal_count=932184 926270 465229 461041 432929 453291 247063 87305 159758 206228 5914 32300 1743 329989 115380 30114 4171 179738 102940 80890 7750 214609 2594 10799 4062 2702 19315 22050 2186 955
is_linear=0
shrinkage=0.05


Tree=37
num_leaves=31
num_cat=0
split_feature=32 3 32 1 3 1 1 1 29 27 38 1 43 3 1 34 18 28 27 1 34 11 28 38 28 34 29 18 38 3
split_gain=5427.47 1830.86 1263.13 829.969 486.989 2186.36 1125.12 487.232 425.387 327.821 319.415 311.827 231.564 173.611 241.154 166.135 160.213 173.919 142.495 152.185 135.423 129.633 116.308 96.5431 88.0771 133.385 70.1744 69.5991 68.4917 66.3741
threshold=8.0900058746337908 0.0072500000242143878 54.374597549438484 0.99950000643730175 0.0014500000397674742 0.69680002331733715 0.8050999939441682 0.28869999945163732 2.2549999952316289 1.6476538181304934 0.92352664470672619 0.99660000205039989 13.544105052948 0.045949999243021018 0.92890000343322765 23.186078071594242 14.815000057220461 0.074999999254941954 2.5474863052368169 0.89215001463890087 0.3546272367238999 -0.68301269412040699 10.525000095367433 0.9917832911014558 0.27500000596046453 1.7620021104812624 0.6850000023841859 99.040000915527358 0.59934896230697643 0.0043500000610947618
decision_type=10 2 10 2 2 2 2 2 8 8 10 2 10 2 2 8 10 8 10 2 10 2 10 10 10 10 10 10 10 2
left_child=1 3 10 4 5 7 -7 -1 -6 -3 15 -10 18 16 -15 21 17 -11 19 -4 -5 22 -2 -20 25 -22 -21 -18 -17 -12
right_child=2 9 12 20 8 6 -8 -9 11 13 29 -13 -14 14 -16 28 27 -19 23 26 24 -23 -24 -25 -26 -27 -28 -29 -30 -31
leaf_value=-0.0025528535929724085 -0.015596016597596846 -0.041681641527374483 0.050108199537141622 -0.042587468647902305 -0.037723936460011605 0.073036077339387967 0.0060089716500633383 -0.023080414400376007 -0.021563681903678845 -0.013865495868073549 -0.0036453823541403221 0.18723781254881322 -0.03634777994521092 0.045373720226725499 -0.059144554539111729 0.035153105447304149 -0.021571401634016853 -0.03583635672649884 0.04925823815758993 0.037990258518085122 -0.033399228036936963 0.013430164530078659 0.0092978218212934928 0.0085652251336918554 -0.031916453704470001 -0.0069588299931744538 -0.080089467337841877 0.050684312854612945 0.012831150834350748 -0.019998666557931644
leaf_weight=3306.2912731170654 1164.5962368994951 14844.692270986736 65.863321267068386 2666.4749171882868 4634.0030138716102 750.69067190587521 3772.1012989580631 22996.366560608149 29742.542420081794 971.3017508238554 1085.947123862803 17.891539499163628 92.939700067043304 163.95109852403402 83.192937105894089 663.55381919443607 2543.4748857915401 12395.942827410996 2333.7900375500321 16.080263495445251 962.57956379652023 1664.4346785768867 785.80074180662632 155.46368387341499 11227.307758890092 945.54165095090866 57.846325159072876 33.769721567630768 712.79818478226662 1447.602026835084
leaf_count=15881 4063 152595 17 27614 39387 4493 23221 172033 220432 7313 5332 127 325 1142 661 810 18080 109202 682 16 8540 4565 2031 679 96475 6822 243 170 1226 8007
internal_value=-0.0228036 -0.0259886 0.0120283 -0.0220331 -0.0195421 -0.0149783 0.0171341 -0.0205001 -0.0236324 -0.0363149 0.00146982 -0.0214382 0.0412163 -0.0313946 0.0101911 0.00880929 -0.0320391 -0.0342399 0.0439583 -0.00516272 -0.0323141 0.00318045 -0.00556647 0.0467168 -0.0302286 -0.0202971 -0.0544052 -0.0206246 0.0235928 -0.0129892
internal_weight=122305 112058 10246.7 81021.8 65219.9 30825.4 4522.79 26302.7 34394.4 31036.3 7524.73 29760.4 2721.98 16191.6 247.144 4991.18 15944.5 13367.2 2629.04 139.79 15801.9 3614.83 1950.4 2489.25 13135.4 1908.12 73.9266 2577.24 1376.35 2533.55
internal_count=932184 904188 27996 615025 475574 215628 27714 187914 259946 289163 26034 220559 1962 136568 1803 12695 134765 116515 1637 276 139451 10659 6094 1361 111837 15362 259 18250 2036 13339
is_linear=0
shrinkage=0.05


Tree=38
num_leaves=31
num_cat=0
split_feature=32 1 32 1 1 1 1 34 1 28 1 1 38 33 1 43 25 34 34 1 11 27 1 50 1 25 59 1 38 1
split_gain=5007.25 1268.79 1196.38 547.683 514.307 556.661 1828.09 473.324 465.737 374.872 335.487 835.083 293.922 232.893 230.911 217.63 185.885 168.578 151.038 148.267 136.62 135.191 140.574 108.847 107.999 107.705 102.534 102.065 95.7111 94.6016
threshold=8.0900058746337908 0.95309999585151683 54.374597549438484 0.9212000072002412 0.81769999861717235 0.37475000321865087 0.51790001988410961 2.2196146249771123 0.28965000808238989 0.054999999701976783 0.87380000948905956 0.91440001130104076 0.85155966877937328 17.077500343322757 0.86800000071525585 13.544105052948 0.12944196909666064 23.186078071594242 0.88269254565238964 0.99369999766349804 -0.68301269412040699 2.5474863052368169 0.89215001463890087 0.24404864013195041 0.93955001235008251 4.3710577487945566 -0.0012780997203662989 0.99564999341964733 0.9917832911014558 0.92504999041557323
decision_type=10 2 8 2 2 2 2 10 2 10 2 2 10 10 2 10 8 8 10 2 2 10 2 10 2 10 10 2 10 2
left_child=1 3 12 4 5 8 -7 16 -1 26 14 -12 17 -11 -6 21 -3 20 29 -15 23 22 -4 -2 -20 -18 -9 -14 -23 -5
right_child=2 7 15 18 10 6 -8 9 -10 13 11 -13 27 19 -16 -17 25 -19 24 -21 -22 28 -24 -25 -26 -27 -28 -29 -30 -31
leaf_value=-0.01077944223111642 0.019246532237533798 -0.042875766436541521 0.049408847942032909 0.029641960940908915 -0.032161694459267497 0.026310478909395574 -0.018781496904792031 0.017475813674776897 -0.026601880804269715 -0.030619696206351427 -0.0042750969732791343 -0.043464480748126054 -0.0035764068530645997 0.0040163779306795211 -0.052252761312822395 -0.034566389202868544 -0.033851011671513706 0.025968791248870183 0.026743043579307204 -0.022063690994832654 0.014884094091654332 0.048759419649629189 -0.052278286814386045 -0.012021153494579453 -0.0016887235326793074 0.00082352192110100939 -0.010335457760599631 -0.022486073562368602 0.0081533119691683514 -0.015233413938169231
leaf_weight=5727.2168036773801 348.32406302541494 7141.3237889483571 63.515532307326794 130.64753036201 6712.4550046697259 2589.4504197835922 17030.78314332664 451.76141233742237 24747.127487793565 12213.968200482428 3247.5795012488961 2337.9681670814753 1974.3157962113619 788.01347170770168 1817.3339666426182 92.845286935567856 19302.884035468102 1169.7513883784413 704.37462452799082 1766.8629691973329 1496.2919855713844 2242.1090263426304 73.106193259358406 1385.2102820500731 635.21650075167418 226.58067417144775 1244.0010646730661 1117.5023758411407 155.15992569923401 1161.8756302669644
leaf_count=33453 808 76083 17 1036 55693 14755 124453 3020 198609 106491 25190 18744 8922 4710 13484 325 185326 1633 5203 12643 3880 682 259 4457 4650 1701 8818 6334 679 10126
internal_value=-0.0220756 -0.0251724 0.0115839 -0.0208581 -0.0217745 -0.0193991 -0.0128303 -0.0318577 -0.0236283 -0.0251916 -0.0302045 -0.0206788 0.00140307 -0.027748 -0.0364422 0.0406192 -0.0359729 0.00970552 0.00149603 -0.0140197 0.00381542 0.0433742 -0.00500387 -0.00573845 0.0132611 -0.0334487 -0.00292637 -0.0104111 0.0461312 -0.0106974
internal_weight=120096 109977 10118.1 66842 64209.9 50094.6 19620.2 43135.4 30474.3 16464.6 14115.3 5585.55 7491.4 14768.8 8529.79 2626.74 26670.8 4399.58 2632.11 2554.88 3229.83 2533.89 136.622 1733.53 1339.59 19529.5 1695.76 3091.82 2397.27 1292.52
internal_count=932184 904188 27996 505396 484381 371270 139208 398792 232062 135682 113111 43934 26034 123844 69177 1962 263110 10778 21015 17353 9145 1637 276 5265 9853 187027 11838 15256 1361 11162
is_linear=0
shrinkage=0.05


Tree=39
num_leaves=31
num_cat=0
split_feature=32 3 31 1 21 3 1 38 29 27 38 3 1 34 1 1 1 23 50 3 1 3 1 1 27 11 16 21 3 34
split_gain=4635.07 1818.53 1242.03 789.504 395.412 368.584 1583.15 320.739 310.078 297.757 199.153 164.181 215.229 162.28 150.08 143.437 231.322 140.678 156.744 130.454 121.725 120.793 123.805 111.533 106.081 103.31 94.2898 93.2517 80.5866 72.1916
threshold=7.2725863456726083 0.0072500000242143878 143.80341339111331 0.99469998478889476 12.614999771118166 0.0014500000397674742 0.69680002331733715 0.79730540513992321 2.2549999952316289 1.6476538181304934 0.95559534430503856 0.045949999243021018 0.92890000343322765 0.28078879415988928 0.99759998917579662 0.87860000133514415 0.8128499984741212 16.515000343322757 0.65215608477592479 0.0023999999975785617 0.99564999341964733 0.0043500000610947618 0.99950000643730175 0.69680002331733715 14.255126953125002 -0.25000000000000006 97.490001678466811 28.219999313354496 0.0023999999975785617 69.779380798339858
decision_type=10 2 10 2 10 2 2 10 8 8 10 2 2 8 2 2 2 10 10 2 2 2 2 2 10 2 8 10 2 10
left_child=1 3 7 4 5 6 -1 14 -7 -3 -4 17 -13 -5 19 16 -6 18 -11 23 27 22 -15 -2 -21 -16 -19 -9 -17 -27
right_child=2 9 10 13 15 8 -8 20 -10 11 -12 12 -14 21 25 28 -18 26 -20 24 -22 -23 -24 -25 -26 29 -28 -29 -30 -31
leaf_value=-0.01905868117057577 6.602522112459855e-05 -0.040456354574470527 0.045658728237226213 -0.041122638175934909 0.016867293808984558 -0.035663145644859291 0.015374152487671294 -0.01180105652641981 -0.020461194968672162 -0.034357721515991556 0.0016685692100243178 0.043100959843203238 -0.05831509156613867 -0.0091652601731878527 -0.015457644344040565 0.056400649095797534 -0.033512030414554556 -0.018650709031057065 -0.015778694347044275 0.0025633088832435016 -0.021887444558931279 -0.033290149837339897 -0.026441822750660218 0.042632299834321409 0.024926527789562961 0.016920472526976295 0.055685397786433943 0.008051414256204625 0.014880575439310557 -0.055281863393328891
leaf_weight=25399.67671944201 204.71482964605093 14009.635760933161 2192.579599276185 2705.1928650215268 494.73556756228209 3867.4983017668128 3843.3699965327978 1417.548679895699 25282.858040519059 12187.029432103038 291.48986574262381 163.46446699649096 76.938498571515083 1197.4295059517026 861.59984491020441 148.95044641196728 422.38051377236843 1453.040305711329 1251.8402463123202 1792.0498254075646 1432.870803847909 6018.6364429965615 7737.8318949863315 619.85206397622824 753.14405224472284 522.41066128760576 43.948692232370377 1015.1014382764697 542.53452748060226 37.076808899641037
leaf_count=186955 456 152508 829 29635 2974 34090 24038 7463 193982 110877 1090 1123 651 8368 3171 818 2796 11037 10384 5069 8531 57877 66190 929 1023 1406 264 3933 3555 162
internal_value=-0.0213594 -0.0245594 0.00933149 -0.0205606 -0.0178257 -0.0184994 -0.0145332 0.000388163 -0.0224781 -0.0352 0.0404968 -0.0303477 0.0106438 -0.0298534 0.00903338 0.00662946 -0.00633505 -0.0310075 -0.0326271 0.0147803 -0.0103265 -0.0278147 -0.0241266 0.0320644 0.00918077 -0.00459405 -0.0164683 -0.00351698 0.0238243 0.0121357
internal_weight=117987 106847 11140.4 77661.1 60002 58393.4 29243 8656.37 29150.4 29185.9 2484.07 15176.3 240.403 17659.1 4790.85 1608.6 917.116 14935.9 13438.9 3369.76 3865.52 14953.9 8935.26 824.567 2545.19 1421.09 1496.99 2432.65 691.485 559.487
internal_count=932184 898122 34062 611278 449208 439065 210993 32143 228072 286844 1919 134336 1774 162070 12216 10143 5770 132562 121261 7477 19927 132435 74558 1385 6092 4739 11301 11396 4373 1568
is_linear=0
shrinkage=0.05


Tree=40
num_leaves=31
num_cat=0
split_feature=32 3 27 2 18 3 2 38 27 29 43 33 18 34 3 2 23 28 3 2 17 2 38 3 2 2 5 16 22 2
split_gain=4275.21 1756.5 1179.63 754.261 375.343 343.147 1351.3 309.995 296.711 285.225 228.206 223.053 165.044 159.843 157.141 205.302 142.395 161.781 117.118 117.033 114.112 110.933 95.9881 91.8753 117.45 90.9634 86.0828 85.9385 78.9598 74.9848
threshold=7.2725863456726083 0.0072500000242143878 42.885154724121101 0.00530000007711351 13.295000076293947 0.0014500000397674742 0.2973999977111817 0.85155966877937328 1.5168124437332156 2.2549999952316289 12.006355285644533 41.561222076416023 0.15333333611488345 0.28078879415988928 0.045949999243021018 0.071100000292062773 16.515000343322757 0.074999999254941954 0.0043500000610947618 1.0000000180025095e-35 74.030002593994155 0.078800000250339522 0.95559534430503856 0.0043500000610947618 0.0072500000242143878 0.0092000002041459101 30.500000000000004 97.490001678466811 69.114997863769545 0.021749999374151233
decision_type=10 2 10 2 10 2 2 10 8 8 10 8 10 8 2 2 10 8 2 2 8 2 10 2 2 2 2 8 10 2
left_child=1 3 7 13 5 6 -5 11 -3 -7 22 12 -2 -1 16 -16 17 -10 19 -15 21 -6 -4 28 -25 26 -13 -18 -9 -12
right_child=2 8 10 4 20 9 -8 23 14 -11 29 25 -14 18 15 -17 27 -19 -20 -21 -22 -23 -24 24 -26 -27 -28 -29 -30 -31
leaf_value=-0.040404261899405533 0.027294143548681246 -0.040012776008312823 0.04837601264462027 0.014346319993800288 0.012424939724417378 -0.034804289100524625 -0.018350195755073257 -0.0094719373212506629 -0.012321072691108751 -0.020006622841993199 -0.071867369241529214 0.010817093025867487 -0.0031177207443385648 -0.025621815163753711 -0.05780302420128175 0.040384880678769934 -0.01783492894284926 -0.033457573709216058 -0.032459544822593882 -0.0087597058130599141 0.045631776537858243 -0.0087926221911229108 0.01388752910456542 -0.030642613406771376 -0.0064321088481893848 0.032280565016540523 -0.12532641631272309 0.052039388655054968 0.014659294993490514 0.023467532649703856
leaf_weight=2617.856813929975 522.9372855424881 12841.444427803159 1912.8404869362712 3618.3130234181881 915.53760726004839 3767.3605326190591 24948.95150449872 1019.6929076761007 973.94195450097322 24011.169696412981 56.409141570329666 610.90843693166971 3037.1368908956647 7590.0223262906075 77.391680002212524 170.57510038465261 1446.6382211893797 12848.302687086165 5867.8902399986982 1190.4080369323492 132.51861522346735 1883.169409237802 225.53525814414024 937.93447370827198 1075.1881406083703 1066.2524511069059 11.835765123367308 45.384580254554749 507.80687893182039 32.51450028270483
leaf_count=29635 1361 144842 599 22662 5742 34090 186134 5519 7758 187846 275 1054 9848 66190 686 1147 11136 121010 57877 8368 836 11898 870 5818 5487 1331 55 265 1783 62
internal_value=-0.0206577 -0.0237683 0.00897289 -0.0198278 -0.0171491 -0.0180566 -0.0142089 0.000736939 -0.034387 -0.0220135 0.0414748 0.0084488 0.00134946 -0.0290243 -0.0297449 0.00973994 -0.0303842 -0.0319683 -0.0269906 -0.0233357 0.000294949 -0.00185175 0.0447385 -0.0106961 -0.017712 0.0234128 0.00822957 -0.0157095 -0.00144967 -0.0370086
internal_weight=115964 104947 11017 76543.2 59277 56345.8 28567.3 8789.69 28403.7 27778.5 2227.3 5249.07 3560.07 17266.2 15562.2 247.967 15314.3 13822.2 14648.3 8780.43 2931.23 2798.71 2138.38 3540.62 2013.12 1689 622.744 1492.02 1527.5 88.9236
internal_count=932184 898122 34062 611278 449208 430732 208796 32256 286844 221936 1806 13649 11209 162070 142002 1833 140169 128768 132435 74558 18476 17640 1469 18607 11305 2440 1109 11401 7302 337
is_linear=0
shrinkage=0.05


Tree=41
num_leaves=31
num_cat=0
split_feature=32 3 27 1 1 1 2 1 1 27 38 1 39 33 18 3 1 32 18 43 3 18 1 38 49 11 1 5 3 17
split_gain=3941.1 1694.29 1113.8 719.558 365.507 1609.08 1576.63 710.232 593.494 294.518 281.426 274.795 227.217 204.735 149.64 146.957 187.063 143.1 137.27 117.578 108.657 108.152 107.654 92.0516 87.3788 86.8533 84.8281 76.5788 70.811 66.7509
threshold=7.2725863456726083 0.0072500000242143878 42.885154724121101 0.99469998478889476 0.37475000321865087 0.51790001988410961 0.54304999113082897 0.52465000748634349 0.28965000808238989 1.5168124437332156 0.85155966877937328 0.37379999458789831 2.1077735424041752 41.561222076416023 0.12333333119750024 0.045949999243021018 0.92890000343322765 0.2118254825472832 14.815000057220461 2.8718450069427495 0.0043500000610947618 0.092500001192092909 0.99950000643730175 0.95559534430503856 0.13501940667629245 -0.68301269412040699 0.99079999327659618 30.500000000000004 0.008200000040233137 102.29500198364259
decision_type=10 2 10 2 2 2 2 2 2 8 10 2 10 8 10 2 2 8 10 10 2 10 2 10 10 2 2 2 2 8
left_child=1 3 10 4 8 6 -6 -7 21 -3 13 -10 23 14 -2 18 -17 -5 19 -11 22 -1 -19 -4 28 -16 -15 -28 -12 -20
right_child=2 9 12 17 5 7 -8 -9 11 15 24 -13 -14 26 25 16 -18 20 29 -21 -22 -23 -24 -25 -26 -27 27 -29 -30 -31
leaf_value=-0.0054834854987600929 0.026192912993425538 -0.039288822953210616 0.04791181945561291 -0.039049425000225804 0.10217382323762635 -0.05474470799841781 0.004313763664060756 -0.014319555968656923 -0.023161121677435989 -0.032991768229758911 0.0081912681938771555 -0.058330494949048864 -0.036599275683335583 0.031171875476920786 -0.010816887966439459 0.037393384208261098 -0.057369945784191148 -0.0086487638529156741 -0.019755373100981161 -0.015578957220961989 -0.031604825588603162 0.13337976784645011 -0.024930244592411038 0.013405991357929428 -0.015905141601178532 0.0061235821159845837 0.01032037900980177 -0.11705733213075974 -0.018940649494851757 0.026689686761345029
leaf_weight=5033.2041755616665 515.53532694280148 12434.563406608999 1842.3657788261771 2578.029574662447 543.98246942460537 1131.6911567673087 1691.0523640438914 27219.887533254921 22379.040440067649 11691.504996493459 871.33393981307745 569.55387210100889 90.634652510285378 1049.4033633321524 1626.9831934571266 174.89367225021124 74.158876642584801 1175.9049119278789 2140.0384816676378 1057.1128265112638 5703.1469379216433 14.060835212469099 7432.329121440649 215.93306024372578 2315.9814842268825 1414.3463997617364 608.36224521696568 12.032825782895086 332.15126952528954 80.26163087785244
leaf_count=28831 1344 144842 604 29880 2963 8137 9627 207314 187607 113574 3748 4664 366 1331 5697 1147 686 8321 16683 9381 57729 65 66140 836 13163 4168 1054 55 1696 531
internal_value=-0.019971 -0.0229925 0.00862832 -0.0191131 -0.0164917 -0.0127132 0.0281318 -0.0159332 -0.0206198 -0.0335803 0.000704011 -0.024034 0.0408802 0.00806389 0.00128353 -0.0289159 0.00917628 -0.0282057 -0.0295497 -0.0315479 -0.0262523 -0.00509664 -0.0227062 0.0442919 -0.0102259 -0.00293886 0.0225068 0.00784983 0.000703099 -0.0180764
internal_weight=114019 103124 10895.1 75471.9 58582.5 30586.6 2235.03 28351.6 27995.9 27652.5 8746.13 22948.6 2148.93 5226.66 3556.86 15218 249.053 16889.4 14968.9 12748.6 14311.4 5047.27 8608.23 2058.3 3519.47 3041.33 1669.8 620.395 1203.49 2220.3
internal_count=932184 898122 34062 611278 449208 228041 12590 215451 221167 286844 32256 192271 1806 13649 11209 142002 1833 162070 140169 122955 132190 28896 74461 1440 18607 9865 2440 1109 5444 17214
is_linear=0
shrinkage=0.05


Tree=42
num_leaves=31
num_cat=0
split_feature=29 3 55 1 34 3 1 29 34 17 1 39 50 34 2 2 30 27 55 1 49 30 3 1 43 27 1 1 6 53
split_gain=3532.69 1552.41 737.472 699.009 627.923 435.136 1778.85 364.852 347.906 244.903 219.23 211.641 163.484 122.142 121.612 488.053 119.508 113.38 109.267 83.5641 75.8903 74.229 73.6425 87.3802 69.3206 64.4108 62.4118 71.7904 62.377 53.171
threshold=85.405002593994155 0.0072500000242143878 5.8109831809997567 0.99950000643730175 5.8169949054718026 0.0014500000397674742 0.69680002331733715 2.2549999952316289 69.779380798339858 11.305000305175783 0.99950000643730175 2.1077735424041752 0.87164524197578441 0.3546272367238999 0.61945000290870678 0.51014998555183422 4.236875295639039 2.9683656692504887 25.97100925445557 0.94920000433921825 0.20769949257373813 0.08249999582767488 0.0043500000610947618 0.99079999327659618 9.9872846603393572 42.885154724121101 0.97630000114440929 0.96760001778602611 3.5000000000000004 1.1960020065307619
decision_type=10 2 2 2 10 2 2 8 8 8 2 10 10 10 2 2 10 10 2 2 10 10 2 2 10 10 2 2 2 10
left_child=1 2 3 5 9 6 -1 -7 18 17 20 25 26 -5 15 -11 -15 19 22 -3 -4 -19 -2 -24 -14 -10 27 -6 -12 -27
right_child=8 4 10 13 12 7 -8 -9 11 14 28 -13 24 16 -16 -17 -18 21 -20 -21 -22 -23 23 -25 -26 29 -28 -29 -30 -31
leaf_value=-0.016992386967478398 0.016606272755968678 -0.032773144315202334 0.020919431652467162 -0.039104217122460559 -0.010452897618240692 -0.034031027286878311 0.017110458474286126 -0.018096268654891254 0.018725272843733296 -0.025467897442470702 0.015631510494628232 -0.047109058449936951 0.018347501417823653 -0.019502272084407492 -0.04076735743987725 0.059902810133679686 -0.03008732703101874 0.011685515523837633 0.028191656963022144 -0.04029904263538709 0.0025589329961529243 -0.027125785212372678 0.0097435963057634269 -0.024372390311910273 -0.030708266524327173 0.049046065369004105 -0.021265524508754741 0.033126110114832803 -0.016751798931365032 0.0022762905054604303
leaf_weight=24687.430763214827 610.59038783609867 5468.9033165052533 1429.1678254827857 2269.0993367359042 831.46011469513178 4124.6626099646091 4524.6569855958223 27828.990728713572 221.69310745596886 6066.3389756828547 172.67764378339052 65.732343658804893 554.52259637415409 4069.7788798362017 1156.0977541580796 172.16413046419621 7733.8000769391656 134.7846977263689 684.81979352235794 11329.515281103551 928.41160148382187 1432.8809588477015 387.72573334723711 363.78976187109947 82.763230562210083 1672.0046180486679 1897.3874840661883 106.62325219064951 1071.0706154033542 63.061320617794991
leaf_count=188084 1966 58184 3698 27614 4444 39354 27855 221054 608 54944 685 290 2145 39238 10866 1042 72537 876 710 137787 2778 13755 1322 1434 395 727 11833 520 5154 285
internal_value=-0.0193016 -0.0210236 -0.0173746 -0.0184326 -0.0308648 -0.0161209 -0.0117102 -0.0201532 0.0264315 -0.0335554 0.0047288 0.0411391 -0.0109065 -0.0284801 -0.0258722 -0.0231119 -0.0264377 -0.0366488 0.0118994 -0.0378489 0.0136891 -0.0237889 0.00370826 -0.0067711 0.0119767 0.0441036 -0.0160496 -0.00549968 -0.0122558 0.0473462
internal_weight=112143 108073 78839.7 75238.4 29233.4 61165.7 29212.1 31953.7 4069.42 25760.7 3601.33 2022.49 3472.76 14072.7 7394.6 6238.5 11803.6 18366.1 2046.93 16798.4 2357.58 1567.67 1362.11 751.515 637.286 1956.76 2835.47 938.083 1243.75 1735.07
internal_count=932184 924842 628051 615736 296791 476347 215939 260408 7342 277454 12315 1910 19337 139389 66852 55986 111775 210602 5432 195971 6476 14631 4722 2756 2540 1620 16797 4964 5839 1012
is_linear=0
shrinkage=0.05


Tree=43
num_leaves=31
num_cat=0
split_feature=32 3 32 1 27 1 2 1 27 38 33 34 11 3 1 23 28 3 3 30 33 49 1 3 1 38 34 16 34 28
split_gain=3380.36 1567.58 983.219 656.154 347.336 559.784 1511.13 562.514 290.49 207.357 185.949 151.981 149.882 140.134 173.74 134.873 155.656 128.564 112.082 110.637 102.214 100.429 94.8408 88.0153 145.76 79.4907 79.3445 74.0211 72.1374 69.7245
threshold=7.2725863456726083 0.0072500000242143878 54.374597549438484 0.99469998478889476 0.13174950331449511 0.37475000321865087 0.57785001397132885 0.28965000808238989 1.5168124437332156 0.80210414528846752 138.40708160400393 0.28078879415988928 -0.25000000000000006 0.045949999243021018 0.92890000343322765 16.515000343322757 0.074999999254941954 0.0014500000397674742 0.0043500000610947618 27.624375343322757 5.05383324623108 0.13395126909017566 0.99759998917579662 0.0014500000397674742 0.88250002264976513 0.9948612153530122 15.965449810028078 97.490001678466811 0.31963251531124121 0.18500000238418582
decision_type=10 2 10 2 8 2 2 2 8 10 8 8 2 2 2 10 8 2 2 10 8 10 2 2 2 10 8 8 10 10
left_child=1 3 9 4 23 7 -7 -6 28 12 17 -5 22 15 -15 16 -10 -4 20 29 -13 -11 26 24 -1 -12 -2 -17 -3 -19
right_child=2 8 10 11 5 6 -8 -9 13 21 25 18 -14 14 -16 27 -18 19 -20 -21 -22 -23 -24 -25 -26 -27 -28 -29 -30 -31
leaf_value=-0.031561196005920784 -0.0015340606676740864 -0.043015357613631178 0.060491112638821613 -0.038306679499639201 -0.0040989913119937283 -0.010690447346615372 0.07905296246222529 -0.022677747144061462 -0.0098847528433641842 0.0029664788239752615 0.046802737492043237 -0.013988363257547799 0.01967225444633787 0.036603434131105665 -0.056786934979825204 -0.015433810946931491 -0.031077303976121153 0.011867107215986064 -0.03018574680994526 0.028736927526055833 -0.025363477013872711 -0.01375055649294029 -0.013201568796899011 -0.034720331286290942 0.013565993493577684 0.0023798318491965544 0.019036423076168554 0.048999438714110187 -0.034867922936832642 -0.05455195011624267
leaf_weight=509.98181958496571 1160.3990943431854 4299.2761698514223 84.385361596941948 2381.5549252852798 4986.4947929903865 26018.660332135856 477.68217366933823 22268.39052528888 934.16441256552935 1371.1168046891689 1739.033842690289 3213.0953575372696 1650.8731080889702 176.00175357609987 69.452922880649567 1384.6982305049896 11951.949694857001 57.70183426886797 5479.0255130529404 116.3713810518384 5124.6181580126286 2605.9852813780308 854.97558356076479 2728.0627303346992 275.6584350168705 106.89283038675785 786.51510447263718 46.055900312960148 7381.0578198954463 125.35019336640835
leaf_count=3449 3492 55337 66 29635 28881 193578 2577 192265 7758 5830 574 29163 3864 1147 686 11136 121010 134 57877 194 45395 14452 3173 26632 1826 494 1289 265 89505 500
internal_value=-0.0186423 -0.0215035 0.00812006 -0.0177564 -0.0152432 -0.0142476 -0.00907253 -0.0192786 -0.031993 0.000310246 0.0376463 -0.0266412 0.00772143 -0.0272817 0.0101781 -0.0279239 -0.029541 0.00598052 -0.0246305 -0.00938199 -0.0209799 -0.00798731 0.000680003 -0.0304736 -0.0157274 0.0442303 0.00677601 -0.0133597 -0.0378668 -0.0336153
internal_weight=110365 99705.9 10659.6 73463.2 57264.9 53751.2 26496.3 27254.9 26242.7 8429.86 2229.74 16198.3 4452.76 14562.3 245.455 14316.9 12886.1 383.809 13816.7 299.423 8337.71 3977.1 2801.89 3513.7 785.64 1845.93 1946.91 1430.75 11680.3 183.052
internal_count=932184 898122 34062 611278 449208 417301 196155 221146 286844 32100 1962 162070 11818 142002 1833 140169 128768 894 132435 828 74558 20282 7954 31907 5275 1068 4781 11401 144842 634
is_linear=0
shrinkage=0.05


Tree=44
num_leaves=31
num_cat=0
split_feature=31 3 1 34 27 34 3 1 46 30 25 50 1 1 3 2 2 2 43 34 30 27 29 1 53 3 3 1 53 1
split_gain=3054.6 1445.78 616.39 606.628 577.608 485.002 345.113 1069.64 304.637 291.267 277.146 209.98 195.622 194.182 199.865 193.641 189.354 599.317 169.814 120.772 148.78 176.187 112.44 98.3392 96.2933 94.6772 93.7531 93.753 85.3346 75.6907
threshold=33.395668029785163 0.0063000000081956395 0.99950000643730175 3.1505618095397954 42.885154724121101 3.117301464080811 0.0014500000397674742 0.69680002331733715 2.5000000000000004 12.511250019073488 0.12944196909666064 0.87164524197578441 0.92020002007484447 0.99079999327659618 0.0043500000610947618 0.1678000018000603 0.61945000290870678 0.49760000407695776 16.871461868286136 0.4286202341318131 0.011249999515712263 1.4741456508636477 2.2549999952316289 0.98209998011589061 0.7460746467113496 0.00530000007711351 0.008200000040233137 0.94534999132156383 0.98609769344329845 0.84769999980926525
decision_type=10 2 2 10 10 10 2 2 2 8 8 10 2 2 2 2 2 2 10 10 10 10 8 2 10 2 2 2 10 2
left_child=1 2 3 6 13 9 7 -1 12 22 -8 15 -5 24 -15 29 17 -11 28 -4 21 -21 -3 -10 -2 -16 -27 -24 -6 -7
right_child=4 5 19 8 18 11 10 -9 23 16 -12 -13 -14 14 25 -17 -18 -19 -20 20 -22 -23 27 -25 -26 26 -28 -29 -30 -31
leaf_value=-0.015462794774262205 0.028997603157890423 -0.041695845026051753 -0.03666575512627223 -0.011343083447140849 0.046372190347969897 -0.051993381825633914 -0.034300531717503087 0.014555562650122931 0.015499133486770469 -0.021631617053506039 -0.017926490741207189 0.0015916548844873005 0.0077068917730689695 0.013986712754277304 -0.057393288047725158 0.0065172893376687149 -0.03885861972762665 0.06375061905409149 -0.063691515170568619 -0.023408324873883966 -0.025097935475658185 0.029254766412046326 -0.0268999618551371 0.05017283073994705 0.0073479886406707931 0.0048097381914357328 -0.029438063653022185 -0.035756747710760706 0.011224632258956846 -0.022860937724350126
leaf_weight=23667.781533934176 902.27925044298172 4955.589853130281 2125.52805750072 3359.0963853597641 1643.883383680135 232.21965029090643 2941.6316893771291 3393.011108584702 582.42823370546103 4297.3995628207922 21272.066061012447 1187.7526346072555 2250.4953146055341 706.93631201982498 150.95935796946287 569.82932789623737 1355.4460323601961 215.84642466902733 38.302519768476486 362.77009203284979 10362.195963695645 282.49219015240669 4406.0088351666927 315.12624022364616 1192.3395104035735 358.81955701112747 450.99033705145121 9283.7509397491813 192.96436241641641 5592.1104576513171
leaf_count=185362 1116 65828 26920 19968 645 2086 28548 21658 2576 39185 173723 6630 13388 2362 764 4264 13218 1300 186 3403 97725 1507 47109 1193 4655 1214 1987 114062 772 48830
internal_value=-0.0180003 -0.0199616 -0.0159765 -0.0137541 0.0178369 -0.0287664 -0.0155792 -0.011699 0.00062696 -0.0321846 -0.0199157 -0.0177146 -0.00370048 0.0065381 -0.00619222 -0.0213009 -0.0224701 -0.0175482 0.0405071 -0.0257543 -0.0236474 -0.00035272 -0.0352423 0.0276729 0.0166738 -0.0210399 -0.0142632 -0.0329062 0.0426799 -0.0240225
internal_weight=108648 103011 70914.6 57781.6 5637.47 32096 51274.5 27060.8 6507.15 24514 24213.7 7581.91 5609.59 3762.32 1667.71 6394.16 5868.69 4513.25 1875.15 13133 11007.5 645.262 18645.3 897.554 2094.62 960.769 809.81 13689.8 1836.85 5824.33
internal_count=932184 918483 575971 446416 13701 342512 409291 207020 37125 280702 202271 61810 33356 12098 6327 55180 53703 40485 1603 129555 102635 4910 226999 3769 5771 3965 3201 161171 1417 50916
is_linear=0
shrinkage=0.05


Tree=45
num_leaves=31
num_cat=0
split_feature=32 3 27 2 21 3 2 34 29 38 39 34 18 34 3 2 2 2 11 50 3 0 30 38 2 30 2 2 3 3
split_gain=2895.54 1453.72 868.572 597.359 331.928 303.337 1080.84 286.23 252.282 214.775 190.283 148.427 146.046 145.356 128.466 155.851 122.402 221.611 108.721 112.528 108.493 100.033 97.8511 88.2909 74.477 78.1385 72.7297 69.6882 68.1056 62.0589
threshold=7.2725863456726083 0.0072500000242143878 42.885154724121101 0.00530000007711351 12.614999771118166 0.0014500000397674742 0.2973999977111817 1.6596198678016665 2.7350000143051152 0.85155966877937328 1.8763591647148135 23.186078071594242 14.815000057220461 0.28078879415988928 0.045949999243021018 0.25970000028610235 0.12139999866485597 0.13199999928474429 -0.68301269412040699 0.24404864013195041 0.0043500000610947618 31.860000610351566 4.236875295639039 0.95559534430503856 0.0043500000610947618 1.3858333230018618 0.027550000697374347 0.084600001573562636 0.0043500000610947618 0.008200000040233137
decision_type=10 2 10 2 10 2 2 8 8 10 10 8 10 8 2 2 2 2 2 10 2 10 10 10 2 10 2 2 2 2
left_child=1 3 9 13 5 6 -5 -3 -7 11 23 18 14 -1 21 -16 27 -18 19 -2 22 -9 -15 -4 25 -11 -14 -6 -27 -13
right_child=2 7 10 4 16 8 -8 12 -10 24 -12 29 26 20 15 -17 17 -19 -20 -21 -22 -23 -24 -25 -26 28 -28 -29 -30 -31
leaf_value=-0.036905420639687485 0.018071001952411774 -0.037877006690503583 0.046423156394096304 0.013355266768822311 0.018900501298726599 -0.030654004680043187 -0.015034620841379902 -0.029274164176367176 -0.016551233961563605 0.03889597931897304 -0.026711156664816674 0.027797000686268288 -0.021695996681494068 -0.012236047787763426 -0.015683972127969348 0.078819343566004507 -0.054243898684763606 0.0087257618775995784 0.011439141712101612 -0.011525975213085321 -0.028734452388887628 0.053438324144529425 -0.023670450023225389 0.011408008961847814 -0.003252711125275825 -0.0077209517789366428 -0.002942372994601033 0.070003926654730916 -0.031927254616613304 0.0038824236189591295
leaf_weight=2239.2468356341124 400.61524567753077 8556.4024513885379 1563.0054385848343 3905.5732869654894 610.45351245999336 3672.8939875513315 23675.418782226741 13955.21646374464 23214.08062852174 56.441677406430244 105.57973422855139 1012.1616834774613 1367.3392787650228 2945.177126199007 167.87610813230276 58.945413045585155 173.97320765256882 709.7306756451726 1724.3658713176847 1618.9722517952323 5247.8177776858211 36.650577791035175 5130.0699567273259 203.46508723497391 2208.9550104886293 517.05994596332312 831.30432313680649 74.896019026637077 663.401870444417 370.61230816692114
leaf_count=29635 1039 114336 588 23965 3899 36679 187028 152235 191393 315 412 1324 11748 27099 1501 382 1217 4553 4902 5651 57877 295 47459 806 10710 3030 6347 474 4552 733
internal_value=-0.0173705 -0.0200752 0.00763804 -0.0164522 -0.0140454 -0.0146986 -0.0110145 -0.0304623 -0.0184777 0.000900073 0.0384929 0.00738843 -0.026598 -0.0251185 -0.0284524 0.00887515 0.0086274 -0.00367096 0.00221812 -0.00565497 -0.0231374 -0.0290575 -0.0195001 0.0423901 -0.00875327 -0.0185766 -0.0146053 0.0244852 -0.0213245 0.0213874
internal_weight=107018 96573.1 10444.6 71599.3 56037 54468 27581 24973.7 26887 8572.59 1872.05 5126.73 16417.3 15562.3 14218.7 226.822 1569.05 883.704 3743.95 2019.59 13323.1 13991.9 8075.25 1766.47 3445.86 1236.9 2198.64 685.35 1180.46 1382.77
internal_count=932184 898122 34062 611278 449208 439065 210993 286844 228072 32256 1806 13649 172508 162070 154413 1883 10143 5770 11592 6690 132435 152530 74558 1394 18607 7897 18095 4373 7582 2057
is_linear=0
shrinkage=0.05


Tree=46
num_leaves=31
num_cat=0
split_feature=32 3 27 2 3 2 2 2 32 34 38 21 39 33 21 3 2 18 34 55 33 34 43 59 2 3 2 5 55 2
split_gain=2662.68 1391.45 818.317 568.381 365.625 1463.94 494.767 432.825 310.355 282.148 194.748 193.7 183.252 151.81 141.208 129.275 148.914 119.718 114.535 108.872 79.2831 77.4635 77.3404 71.2877 70.5987 69.8421 93.185 67.8403 66.1962 65.9364
threshold=7.2725863456726083 0.0072500000242143878 42.885154724121101 1.0000000180025095e-35 0.0014500000397674742 0.079800002276897444 0.060449998825788505 0.61945000290870678 0.2118254825472832 1.6596198678016665 0.85155966877937328 12.614999771118166 1.3302766084671023 41.561222076416023 11.045000076293947 0.045949999243021018 0.071100000292062773 0.12333333119750024 0.2048815190792084 6.1862978935241708 5.2114999294281015 4.6968419551849374 5.0312647819519052 -0.083046667277812944 0.0092000002041459101 0.0043500000610947618 0.0072500000242143878 30.500000000000004 9.7611074447631854 0.027550000697374347
decision_type=10 2 10 2 2 2 2 2 8 8 10 10 10 8 10 2 2 10 10 2 10 10 10 10 2 2 2 2 2 2
left_child=1 3 10 18 5 6 -5 -7 -6 -3 13 -10 -4 17 15 19 -17 23 -1 -11 21 -20 -14 -2 27 -12 -27 -15 -22 -16
right_child=2 9 12 4 8 7 -8 -9 11 14 25 -13 22 24 29 16 -18 -19 20 -21 28 -23 -24 -25 -26 26 -28 -29 -30 -31
leaf_value=-0.037460861663425986 0.050723448391393193 -0.0371742932957062 0.043375564289506237 0.031737172061564095 -0.033961975325745943 -0.0019475310389637603 0.13992938732632287 -0.016159161122530959 -0.016932529562743822 -0.028919203171153166 -0.00024810701637400606 0.0028260450380783765 0.020113149577769773 0.0087595451009008906 -0.020157932444977249 -0.055554189493762444 0.033740230567110847 -0.002544836501235838 -0.019738845627856244 -0.0021807632355819399 -0.027605648659199324 0.015562446616937384 -0.043577039174257037 0.010688153346344287 0.028064242244903517 -0.026624901638811024 -0.0045862199782452191 -0.11135050568021437 0.02478310756551956 -0.00095953142913071101
leaf_weight=1706.3314700871706 164.98767704516649 8289.0764516070485 1616.2518961578608 1248.7325205281377 2633.994550190866 7418.9262561053038 115.43771032989025 19281.618133954704 26038.192224927247 13525.913694545627 1497.3168561011553 1302.4378802105784 107.36697950214148 592.14152064919472 1218.8606883436441 64.326496250927448 170.30096170306206 3007.5017357543111 4395.1428479701281 391.72590103000402 6375.7746797800064 161.0978120341897 85.720451444387436 341.00585190951824 989.99646561592817 881.44424483925104 1052.1915954723954 11.994399048388003 60.872888408601284 706.45071877539158
leaf_count=23785 373 114336 1144 7605 28622 47147 635 159752 220897 151055 7302 8887 294 1054 11122 738 1189 9865 47082 2640 65288 1265 368 971 1331 5818 5487 55 313 5764
internal_value=-0.0167557 -0.0193765 0.00733086 -0.0158269 -0.0137305 -0.00962914 0.0408925 -0.0122104 -0.0175704 -0.0296811 0.000858367 -0.0159913 0.0378756 0.00704724 -0.0258178 -0.0275462 0.00925888 0.00124089 -0.0254084 -0.0281666 -0.0235376 -0.0184907 -0.00816187 0.0237423 0.0198445 -0.00835495 -0.0146325 0.0063749 -0.0271102 -0.0131135
internal_weight=105453 95105.2 10347.9 70738.6 58039.3 28064.7 1364.17 26700.5 29974.6 24366.7 8538.58 27340.6 1809.34 5107.63 16077.6 14152.3 234.627 3513.5 12699.2 13917.6 10992.9 4556.24 193.087 505.994 1594.13 3430.95 1933.64 604.136 6436.65 1925.31
internal_count=932184 898122 34062 611278 473545 215139 8240 206899 258406 286844 32256 229784 1806 13649 172508 155622 1927 11209 137733 153695 113948 48347 662 1344 2440 18607 11305 1109 65601 16886
is_linear=0
shrinkage=0.05


Tree=47
num_leaves=31
num_cat=0
split_feature=32 2 31 2 2 2 2 2 2 34 2 2 2 2 2 2 2 34 28 33 2 53 2 14 5 32 59 2 34 49
split_gain=2447.64 1075.19 773.338 556.916 1608.44 513.041 1820.18 785.889 449.071 385.115 312.595 290.668 714.619 290.354 721.119 350.38 249.694 204.162 180.037 166.154 174.212 156.651 99.3861 100.203 93.7524 90.4245 97.5565 82.2442 79.4722 70.4625
threshold=7.2725863456726083 0.18329999595880511 143.80341339111331 0.62525001168251049 0.57785001397132885 0.48209999501705175 0.54304999113082897 0.47535000741481787 0.71035000681877147 0.4286202341318131 0.61945000290870678 0.62619999051094066 0.64650002121925365 0.12619999796152118 0.046900000423192985 0.078800000250339522 0.13199999928474429 3.5078729391098027 0.095000002533197417 21.074138641357425 0.008200000040233137 0.82917732000350963 0.97099998593330394 inf 26.500000000000004 20.775242805480961 -0.083046667277812944 0.18039999902248385 69.779380798339858 0.16480049490928653
decision_type=10 2 10 2 2 2 2 2 2 8 2 2 2 2 2 2 2 10 10 8 2 10 2 8 2 10 8 2 10 10
left_child=1 9 18 4 5 7 -7 -3 11 -1 -6 -5 -13 14 17 -16 -15 -11 25 -20 24 -4 23 -10 -21 26 -2 -18 -23 -22
right_child=2 3 21 8 10 6 -8 -9 22 13 -12 12 -14 16 15 -17 27 -19 19 20 29 28 -24 -25 -26 -27 -28 -29 -30 -31
leaf_value=-0.034179501828569464 0.035044640629003164 -0.0087219861377400721 0.04424534881949721 -0.057095851575900906 0.095986947765611383 0.077676555184029272 -0.022056997026002764 -0.052411331993966803 0.1190718572840644 -0.025764368696463303 0.0028496377870339384 0.081305108119703942 -0.020632005482368654 -0.050006872988940368 0.013318617163468405 -0.012598570023021786 -0.023966514802354982 -0.016172647463290262 -0.015141957245462249 0.00023709871195555428 0.018785673265951527 -0.0071866095186342493 0.065222713697756035 -0.0055464232233478211 -0.021864258608249559 0.032315184686225157 0.00033166979470462154 -0.0427243983726011 0.031155500925862157 0.0020358509353280078
leaf_weight=7529.3461413681507 253.69574628770351 13681.167411826551 1402.444839220494 535.54939489066601 447.99645530432463 730.8963762447238 1222.9282434955239 1113.0622389316559 16.180647790431976 21834.380068384111 112.76622319221497 173.34921760112047 20988.137241460383 1430.8392046913505 1920.9940586984158 4060.7166880965233 4495.9742927327752 7437.6015831083059 2069.6663404405117 1126.6773266717792 1301.1075211316347 262.21429599821568 50.636393487453461 5240.0148834660649 835.75694955140352 510.2046603821218 1001.0424396544695 671.65330797433853 278.8830235414207 1213.4720213897526
leaf_count=99396 898 113469 531 4950 2399 4296 7423 8960 72 248882 614 1516 192141 11607 17184 35174 43326 67889 11001 4355 3600 794 286 33092 3619 904 3817 5446 594 3949
internal_value=-0.016157 -0.0186953 0.0070339 -0.0130411 -0.00603978 -0.00882877 0.0152518 -0.012009 -0.0175288 -0.0237692 0.0772576 -0.0207176 -0.019797 -0.0218964 -0.0200946 -0.00427541 -0.0315226 -0.0233272 0.000394364 -0.00342651 0.0019894 0.0354281 -0.0044912 -0.0051628 -0.00917538 0.0145671 0.00735029 -0.0264045 0.012575 0.0107026
internal_weight=103949 93694.2 10255.2 44312.7 17308.8 16748.1 1953.82 14794.2 27003.9 49381.5 560.763 21697 21161.5 41852.2 35253.7 5981.71 6598.47 29272 8311.62 6546.68 4477.01 1943.54 5306.83 5256.2 1962.43 1764.94 1254.74 5167.63 541.097 2514.58
internal_count=932184 898122 34062 369218 137161 134148 11719 122429 232057 528904 3013 198607 193657 429508 369129 52358 60379 316771 32143 26524 15523 1919 33450 33164 7974 5619 4715 48772 1388 7549
is_linear=0
shrinkage=0.05


Tree=48
num_leaves=31
num_cat=0
split_feature=32 3 32 1 32 1 2 1 34 55 5 23 6 34 6 3 1 33 6 30 34 50 38 3 39 25 1 3 1 56
split_gain=2252.71 1369.07 785.334 526.559 279.827 427.868 1189.21 520.182 247.193 222.9 168.763 150.428 134.351 128.649 120.925 115.256 149.135 110.113 108.256 107.904 104.823 94.4245 91.9841 80.744 71.8577 69.2729 62.7333 58.1911 121.656 56.0129
threshold=6.3514029979705819 0.0072500000242143878 54.374597549438484 0.99469998478889476 0.16125828772783282 0.37475000321865087 0.57785001397132885 0.28965000808238989 1.6596198678016665 5.3272142410278329 11.500000000000002 16.255000114440922 9.5000000000000018 0.28078879415988928 6.5000000000000009 0.045949999243021018 0.69680002331733715 4.6784443855285653 7.5000000000000009 29.027500152587894 3.2171199321746831 0.5485714077949525 0.9917832911014558 0.0023999999975785617 0.64761349558830272 19.792158126831058 0.8128499984741212 0.0014500000397674742 0.88250002264976513 12.500000000000002
decision_type=10 2 10 2 8 2 2 2 8 2 2 10 2 8 2 2 2 8 2 10 10 10 10 2 8 8 2 2 2 2
left_child=1 3 9 4 27 7 -7 -6 -3 12 19 15 14 -5 -2 21 -17 20 -11 23 -15 -10 -12 -4 26 -13 -20 28 -1 -26
right_child=2 8 10 13 5 6 -8 -9 11 18 22 25 -14 17 -16 16 -18 -19 24 -21 -22 -23 -24 -25 29 -27 -28 -29 -30 -31
leaf_value=-0.031100817226820544 -0.0027544014675284631 -0.035992862306048999 0.047176727874342517 -0.03480789992711307 -0.0013462692055259864 -0.0084880648503826202 0.069169387242557043 -0.019544774938533127 -0.028710827215079976 0.015913248999394693 0.042570315404054405 -0.011818887111686618 0.012486895920291473 -0.017454528776020935 -0.020503967035168519 0.093398784132657453 -0.010605632233227219 -0.024876971405510002 0.016401944220306771 0.038171469134471371 0.0090577433400719481 -0.015792478276683838 0.00069848358267851542 -0.064158846517747878 0.0037423993620046246 0.034303574546734515 -0.014504901147211835 -0.032008937325753078 0.013154345449782879 0.031717695691674229
leaf_weight=429.61306518316269 1777.8528660014272 7863.3535846062005 20.00459024310112 2048.2853058762848 4840.2201800495386 24758.824334017932 502.99778363108635 20804.31693778187 11905.875007510185 1886.8240150213242 1591.3470827750862 1195.8209009692073 634.74738352000713 4060.9786034524441 2084.8525458425283 42.275457702577114 186.63890038058162 7735.8786527439952 198.36019476503134 64.914711330085993 410.5093809813261 1605.2420348078012 142.94407644867897 87.577722944319248 2070.4753570407629 87.357294499874115 952.90588284283876 2091.5785801187158 243.20037849247456 195.85354471951723
leaf_count=3030 10438 114336 7 29635 28881 194576 2581 192263 138358 4528 804 10441 3551 44446 12994 249 1660 81175 437 88 3655 17515 653 410 6013 635 3354 23488 1601 382
internal_value=-0.0155727 -0.018234 0.00506854 -0.0146705 -0.0124016 -0.0115603 -0.0069418 -0.0161099 -0.0288104 -0.000642825 0.0344279 -0.025051 -0.00883136 -0.0232123 -0.0123345 -0.0265799 0.0086017 -0.0212666 0.00629998 -0.0127379 -0.0150205 -0.027176 0.0391191 -0.0434563 0.000992586 -0.00867892 -0.00917973 -0.0278945 -0.015104 0.00615999
internal_weight=102522 90813 11708.7 67926.4 53670.8 50906.4 25261.8 25644.5 22886.6 9801.87 1906.79 15023.2 4497.45 14255.7 3862.71 13740 228.914 12207.4 5304.42 172.497 4471.49 13511.1 1734.29 107.582 3417.59 1283.18 1151.27 2764.39 672.813 2266.33
internal_count=932184 888525 43659 605331 446420 418301 197157 221144 283194 41697 1962 168858 26983 158911 23432 157782 1909 129276 14714 505 48101 155873 1457 417 10186 11076 3791 28119 4631 6395
is_linear=0
shrinkage=0.05


Tree=49
num_leaves=31
num_cat=0
split_feature=18 3 32 1 34 32 28 1 1 1 29 46 1 23 2 1 3 34 28 34 38 55 59 1 3 3 3 1 3 3
split_gain=2079.14 1246.83 601.36 486.803 532.352 448.952 320.754 293.479 346.97 214.918 209.539 176.516 170.126 168.965 161.947 119.543 133.821 106.323 147.163 149.282 104.477 103.067 100.748 94.4 91.2159 75.1826 73.0834 73.0742 72.6713 72.0218
threshold=34.344999313354499 0.0063000000081956395 54.374597549438484 0.99950000643730175 3.1505618095397954 3.102707147598267 0.074999999254941954 0.28869999945163732 0.29449999332427984 0.8303000032901765 2.2549999952316289 13.500000000000002 0.92020002007484447 16.255000114440922 0.18620000034570697 0.99079999327659618 0.0043500000610947618 0.4286202341318131 0.39499999582767492 2.2400509119033818 0.9917832911014558 6.1862978935241708 1.0000000180025095e-35 0.27899999916553503 0.012099999934434892 0.0043500000610947618 0.021749999374151233 0.98890000581741344 0.00530000007711351 0.008200000040233137
decision_type=10 2 8 2 10 10 10 2 2 2 8 2 2 10 2 2 2 10 10 10 10 2 10 2 2 2 2 2 2 2
left_child=1 3 15 4 7 10 22 23 -9 -7 -3 21 -8 14 -12 26 -17 -5 19 -19 -4 -11 -6 -1 -13 -20 27 -2 -18 -30
right_child=2 5 20 17 6 9 12 8 -10 11 13 24 -14 -15 -16 16 28 18 25 -21 -22 -23 -24 -25 -26 -27 -28 -29 29 -31
leaf_value=-0.0065660790970297955 0.0126304824009117 -0.038667709861384708 0.043227463604938593 -0.033138725037999021 0.045120812284945161 0.012930369791584094 -0.010016547315734287 -0.019173953460435156 -0.010196136410491991 -0.023291437979386858 -0.030205140056128454 0.029442958172459805 0.0083423575492559097 0.0024550649648642582 -0.01939746407662217 0.010440384367232713 -0.049732175512968345 -0.022372222844976558 -0.019650630162960966 0.006833238478170126 -0.0042171617326111589 -0.0069601084699590521 0.014669752723980849 0.0085571400996840193 -0.0133111741795506 -0.029878157033406336 -0.023278887730200246 0.063305032987104159 0.0048741776639487505 -0.025021303847660277
leaf_weight=2435.614356637001 1808.9420512244105 4334.8560488857329 1577.9340993911028 1842.0761535055935 448.93579556792974 665.17341315746307 3124.8470301404595 18496.818963438272 25735.49950107187 4284.08052906394 12602.735617987812 291.48702070116997 2116.6093716099858 492.86050819605589 4781.1346823275089 716.74609404057264 152.42660101503134 826.96302790939808 5762.9220314994454 929.14291854202747 125.24478115141392 1247.3763721995056 687.74093509465456 1790.3710773140192 218.09816201776266 2610.9619270786643 136.39520176500082 74.054128438234329 353.95050660520792 467.62493754923344
leaf_count=14385 5334 66570 1974 26920 1747 4318 19281 174108 210799 42249 166447 1420 12923 4402 49446 2562 791 8943 57175 6353 577 5766 3114 9324 1135 30045 543 178 1282 2073
internal_value=-0.0150041 -0.0167089 0.0151423 -0.0129547 -0.0109604 -0.0253824 0.00261874 -0.0127477 -0.0139504 -0.0140443 -0.0288056 -0.0170145 -0.00260284 -0.0264142 -0.0272327 0.00385104 -0.00595758 -0.0220891 -0.0200798 -0.00691983 0.0397386 -0.0196086 0.0266965 -0.000159012 0.0111445 -0.0228396 0.0120634 0.0146234 -0.0180245 -0.0121418
internal_weight=101140 95726.3 5413.32 66808.5 54836.4 28917.8 6378.13 48458.3 44232.3 6706.22 22211.6 6041.04 5241.46 17876.7 17383.9 3710.14 1690.75 11972.1 10130 1756.11 1703.18 5531.46 1136.68 4225.99 509.585 8373.88 2019.39 1883 974.002 821.575
internal_count=932184 916870 15314 575117 445681 341753 37065 408616 384907 54888 286865 50570 32204 220295 215893 12763 6708 129436 102516 15296 2551 48015 4861 23709 2555 87220 6055 5512 4146 3355
is_linear=0
shrinkage=0.05


Tree=50
num_leaves=31
num_cat=0
split_feature=32 3 34 27 3 2 2 2 55 2 1 34 27 29 39 30 1 1 6 1 5 2 3 59 3 28 2 3 1 33
split_gain=1922.01 1136.45 584.338 389.064 298.39 423.821 1163.28 485.188 294.407 221.596 337.728 213.499 212.249 173.014 171.331 159.301 140.942 130.094 128.946 126.959 118.457 112.835 96.6283 84.4986 84.2794 83.438 72.4835 71.8569 72.5399 64.1072
threshold=20.775242805480961 0.0043500000610947618 2.8777164220809941 4.4940402507781991 0.0014500000397674742 0.61945000290870678 0.45209999382495886 0.70745000243186962 6.0023798942565927 0.18620000034570697 0.37475000321865087 0.30005408823490148 42.885154724121101 2.1650000810623173 1.1814201474189761 0.08249999582767488 0.94339999556541454 0.87185001373291027 5.5000000000000009 0.88250002264976513 23.500000000000004 0.18620000034570697 0.011099999770522119 -0.13124178349971768 0.008200000040233137 0.054999999701976783 0.46954999864101415 0.0023999999975785617 0.98309999704360973 27.697333335876468
decision_type=10 2 8 10 2 2 2 2 2 2 2 8 10 10 10 10 2 2 2 2 2 2 2 8 2 10 2 2 2 8
left_child=1 3 13 4 5 6 -1 -7 9 17 -11 -6 24 -3 -14 23 19 -4 29 -15 -20 -10 -18 -5 25 -2 -13 -16 -29 -17
right_child=12 2 8 15 11 7 -8 -9 21 10 -12 26 14 16 27 18 22 -19 20 -21 -22 -23 -24 -25 -26 -27 -28 28 -30 -31
leaf_value=-0.0077888919887746629 0.04094656063521597 -0.036522504840809308 -0.033479011083340525 0.084731739196145683 -0.032648038219029861 -0.017976754657851764 0.039331781847627423 0.0016168339290377745 -0.0047623744296908695 -0.027659477748860906 -0.0035402662224845154 -0.01296888953667019 0.042487044059837276 -0.023288979721287226 0.042916676981165795 0.0071466502589359968 -0.025443686963408749 -0.02032712666080198 0.01672556544789178 -0.0028528518029356802 -0.0095997813882557053 0.02923912793774577 -0.036243186375687859 0.023269140429790797 -0.0067194981307614979 0.010730854724731027 -0.019264805119372022 0.014641581234857041 -0.04790674488548171 0.033178321202546726
leaf_weight=9391.980013012886 289.5995269715786 5129.0273203365505 2272.4938013404608 74.037832573056221 1923.6143289878964 14328.60324254632 1522.05680128932 4053.301449611783 2500.9248305037618 2150.3521250188351 4465.0824311599135 12864.491141110659 1349.5432739034295 2670.8260528892279 64.542328804731369 764.84073525667191 6381.1537234000862 10894.047919418663 521.04198829829693 1062.2544600144029 2375.6709719076753 270.37777677923441 3066.6964357271791 228.51664631068707 508.68090776354074 1082.4783926382661 7091.6027182787657 87.973528333008289 97.980146005749702 342.37724331766367
leaf_count=73584 420 79082 23908 246 23754 135507 8242 24234 10683 22186 40456 111982 972 30553 156 4119 84724 116274 2185 11774 13200 751 44838 875 1350 2338 61882 220 458 1231
internal_value=-0.0144488 -0.0157675 -0.0220951 -0.0111072 -0.0123218 -0.00902228 -0.00121751 -0.0136563 -0.0167078 -0.018846 -0.0113802 -0.0167397 0.0220519 -0.028731 0.035438 0.0033264 -0.0256991 -0.0225971 0.000682917 -0.0174738 -0.00486455 -0.00144507 -0.0289491 0.0383096 0.0106638 0.0171084 -0.0152062 -0.00253855 -0.0183155 0.0151962
internal_weight=99826.2 96345.4 40863.2 55482.1 51175.6 29295.9 10914 18381.9 22553.3 19782 6615.43 21879.7 3480.8 18310 1600.04 4306.49 13180.9 13166.5 4003.93 3733.08 2896.71 2771.3 9447.85 302.554 1880.76 1372.08 19956.1 250.496 185.954 1107.22
internal_count=932184 926270 465229 461041 439185 241567 81826 159741 214258 202824 62642 197618 5914 250971 1806 21856 171889 140182 20735 42327 15385 11434 129562 1121 4108 2758 173864 834 678 5350
is_linear=0
shrinkage=0.05


Tree=51
num_leaves=31
num_cat=0
split_feature=18 3 32 34 34 3 51 47 17 50 38 55 38 7 17 14 39 21 18 26 3 3 29 59 33 3 3 33 3 20
split_gain=1789.15 1168.92 647.988 490.731 358.627 297.813 452.46 203.911 171.422 156.109 155.219 137.332 116.492 96.7311 88.4834 86.4948 86.1112 83.4483 80.2967 76.5678 75.492 74.5993 71.9307 66.7235 66.3076 56.7819 54.0331 53.2993 51.1639 47.4836
threshold=22.914999961853031 0.0072500000242143878 54.374597549438484 0.14931169152259829 2.8777164220809941 0.0014500000397674742 0.70428571105003368 1.0000000180025095e-35 11.305000305175783 0.7325379252433778 0.85155966877937328 5.8109831809997567 0.95916548371315014 2.5000000000000004 0.21166666597127917 23.263333320617679 1.9773815870285036 13.84500026702881 0.30250000953674322 1.1588333249092104 0.0014500000397674742 0.0043500000610947618 1.544999957084656 0.65607169270515453 19.246055603027347 1.0000000180025095e-35 0.043999999761581428 17.077500343322757 0.018850000575184826 1.1225141882896426
decision_type=10 2 8 8 10 2 8 2 8 10 10 2 8 2 10 10 10 10 10 10 2 2 10 10 8 2 2 10 2 10
left_child=1 3 10 20 8 6 19 -8 22 27 13 17 -4 28 -14 26 23 -7 -13 -5 -1 25 -3 -11 -15 -12 -10 -6 -2 -27
right_child=2 4 12 5 9 11 7 -9 15 16 21 18 14 24 -16 -17 -18 -19 -20 -21 -22 -23 -24 -25 -26 29 -28 -29 -30 -31
leaf_value=-0.017737045017039436 0.027365780325185475 -0.037872314906127941 0.043300390101006433 0.0025204298139729743 -0.02172770052827229 -0.015842968372417308 -0.010250123315074328 0.022786510918564193 -0.0228811782097832 0.014459852594213682 -0.054255374995579635 0.025969343617669435 0.064307280454839397 -0.019740402633865783 0.0071860761759666575 0.029211248756665704 -0.040511841442793239 -0.0020849622729064948 -0.0051060119109678529 0.02134666812234878 -0.03401157163291376 -0.013270445947106069 -0.02976098519583574 -0.014602764846236805 0.0070353599356857257 -0.041224812668706159 0.01249706326209948 -0.0080794130954782561 -0.027884279099650262 0.0058052840947632224
leaf_weight=945.22534491121769 744.34170497953892 4035.3121176324785 1270.1871906742454 907.69180312752724 3455.6336052045226 32405.964861821383 26323.314615212381 475.51546450704336 4385.0188574045897 733.88381671905518 43.354740977287292 247.60811851546168 79.485180273652077 262.27172527462244 461.02780894935131 83.957271695137024 107.16769809275866 1140.9704970344901 1295.4909882619977 1333.548808157444 2894.9184965379536 1816.9502972587943 8470.2516608536243 270.20558966696262 1952.7190314531326 55.97291100397706 110.64969619363546 902.05577573925257 44.401929788291454 1304.5175856426358
leaf_count=9332 1564 62859 599 6837 39223 311433 217508 3007 47870 4817 218 511 530 1297 2775 674 732 9050 6037 9384 40374 11311 122863 1780 5163 397 803 6339 138 6759
internal_value=-0.01391 -0.015917 0.00870141 -0.0126441 -0.0257804 -0.0116045 -0.00785905 -0.00966392 -0.0293476 -0.0146366 0.00104325 -0.0147042 0.0350274 0.00921923 0.015586 -0.0210714 0.00209181 -0.015375 -0.000119611 0.0137221 -0.0300057 -0.00658171 -0.0323784 0.00663895 0.00386491 0.0020753 -0.0220104 -0.0189025 0.0242555 0.00387039
internal_weight=98559.6 90524.4 8035.23 67970.2 22554.1 64130.1 29040.1 26798.8 17085.2 5468.95 6224.53 35090 1810.7 3003.73 540.513 4579.63 1111.26 33546.9 1543.1 2241.24 3840.14 3220.8 12505.6 1004.09 2214.99 1403.85 4495.67 4357.69 788.744 1360.49
internal_count=932184 901433 30751 613473 287960 563767 236736 220515 235069 52891 26847 327031 3904 8162 3305 49347 7329 320483 6548 16221 49706 18685 185722 6597 6460 7374 48673 45562 1702 7156
is_linear=0
shrinkage=0.05


Tree=52
num_leaves=31
num_cat=0
split_feature=27 3 32 1 38 1 34 1 34 3 1 3 30 18 28 28 39 38 1 2 34 28 34 49 28 5 3 1 1 1
split_gain=1646.16 1180.43 723.648 476.575 316.857 309.078 248.144 320.188 215.115 179.972 153.312 348.141 137.246 135.292 132.208 132.052 130.675 121.24 97.9398 151.306 89.6633 83.6161 83.1959 78.1997 74.5838 69.1181 65.7796 67.6462 65.1989 75.8089
threshold=4.8815078735351571 0.0072500000242143878 54.374597549438484 0.99369999766349804 0.79730540513992321 0.99274998903274547 0.16735149919986728 0.37475000321865087 1.6596198678016665 0.0043500000610947618 0.99950000643730175 0.0023999999975785617 16.332499504089359 0.2216666638851166 18.914999961853031 0.095000002533197417 1.8763591647148135 0.95916548371315014 0.8303000032901765 0.61945000290870678 23.186078071594242 10.525000095367433 2.8777164220809941 0.45102138817310339 10.525000095367433 23.500000000000004 0.020800000056624416 0.99179998040199291 0.9715000092983247 0.96860000491142284
decision_type=10 2 8 2 10 2 8 2 8 2 2 2 10 10 10 10 10 8 2 2 8 10 10 10 10 2 2 2 2 2
left_child=1 3 4 5 13 6 -1 -8 -3 10 11 -5 18 -2 15 -6 17 -4 19 -10 21 -15 -20 24 -7 -17 27 -16 29 -14
right_child=2 8 16 9 14 23 7 -9 12 -11 -12 -13 28 20 26 25 -18 -19 22 -21 -22 -23 -24 -25 -26 -27 -28 -29 -30 -31
leaf_value=-0.027358170064515776 0.035200825364405934 -0.033316515532885525 0.044030943746482643 0.028102994246679586 0.0047077812669114412 0.025395138486486099 -0.013778543211134836 -0.0056364028890203526 -0.012165484107485086 -0.02779047805295284 -0.019372226498083331 -0.019923525531037694 0.005041683704138075 -0.0023540739290822976 0.013817109332411799 0.0027026029243515069 -0.026750344935565603 0.01377640435991339 -0.030624343044025011 -0.035224551543254705 0.021535086503548365 0.016847180205784913 -0.020332654211429945 0.11196701947856838 0.14173921580261281 -0.02078220362074314 -0.034958928912134805 -0.0059692716810125293 -0.01573905216186686 0.11557991923831333
leaf_weight=2093.9668840244412 446.43716086447239 7017.0841463729739 1272.8919601812959 595.63865944743156 776.41008225083351 205.58802628144622 24567.800416044891 23744.137335523963 3051.0029808096588 5410.6414986811578 6984.3667252585292 1029.589982047677 434.41562237590551 2326.9273932427168 938.82163704931736 351.26395197957754 86.703050583600998 447.56462823599577 5612.8499181643128 927.71347159147263 756.81844437867403 749.6439238935709 3020.3477516397834 36.758277386426926 14.76440244913101 2898.6845554336905 111.16693083941936 800.11174304783344 652.94022085517645 16.085144676268101
leaf_count=23096 1349 114336 591 4260 4831 1746 221134 188860 31933 71230 78454 9106 3392 9562 3566 2438 372 2823 77570 10864 1236 1774 34289 314 103 22511 552 3829 5929 134
internal_value=-0.0133809 -0.0158138 0.00398972 -0.0124861 -0.00119752 -0.0102283 -0.0105072 -0.00977688 -0.0261961 -0.0206445 -0.0161537 -0.00232203 -0.0225531 0.00915101 -0.00873436 -0.0138181 0.0331421 0.0361604 -0.0240326 -0.0175421 0.00611724 0.00232454 -0.0270238 0.044453 0.0331906 -0.0182439 0.0023293 0.00471307 -0.00564358 0.00898846
internal_weight=97379.1 85415.7 11963.4 64683.3 10156.3 50663 50405.9 48311.9 20732.4 14020.2 8609.6 1625.23 13715.4 4279.83 5876.46 4026.36 1807.16 1720.46 12611.9 3978.72 3833.39 3076.57 8633.2 257.111 220.352 3249.95 1850.1 1738.93 1103.44 450.501
internal_count=932184 876750 55434 598303 51648 435253 433090 409994 278447 163050 91820 13366 164111 13921 37727 29780 3786 3414 154656 42797 12572 11336 111859 2163 1849 24949 7947 7395 9455 3526
is_linear=0
shrinkage=0.05


Tree=53
num_leaves=31
num_cat=0
split_feature=31 3 27 1 29 1 1 2 1 38 1 2 1 38 3 38 3 18 27 3 33 3 3 3 27 33 1 2 3 1
split_gain=1517.56 1062.4 510.254 380.307 335.942 318.219 263.117 1085.04 415.158 227.041 220.064 167.838 220.865 139.442 138.501 118.724 111.134 93.8089 89.4004 79.0211 76.734 76.386 73.0381 62.7386 60.9891 60.6391 58.7834 117.702 111.262 53.5228
threshold=19.592666625976566 0.00530000007711351 42.885154724121101 0.99950000643730175 2.1650000810623173 0.99660000205039989 0.37475000321865087 0.57785001397132885 0.28965000808238989 0.53934344649314891 0.99179998040199291 0.18620000034570697 0.79060000181198131 0.79730540513992321 0.010149999987334015 0.95559534430503856 0.0043500000610947618 2.3950001001358037 3.5015256404876713 0.0043500000610947618 32.528165817260749 0.00530000007711351 0.0023999999975785617 0.00530000007711351 1.9015884399414065 0.50816667079925548 0.91830000281333934 0.18329999595880511 0.0043500000610947618 0.99274998903274547
decision_type=10 2 10 2 8 2 2 2 2 8 2 2 2 10 2 10 2 10 10 2 10 2 2 2 10 10 2 2 2 2
left_child=1 3 10 5 -3 6 8 -8 -1 18 13 14 -13 -2 -11 -4 20 -7 -6 22 -12 -18 -5 -17 -23 -24 27 -15 -28 -22
right_child=2 4 15 19 9 17 7 -9 -10 11 16 12 -14 26 -16 23 21 -19 -20 -21 29 24 25 -25 -26 -27 28 -29 -30 -31
leaf_value=0.00052734591840436138 0.020991133571973662 -0.034920051189376751 0.040308887437708857 -0.022357620823822526 -0.014713928082870947 0.081907947224634445 -0.0070515972219729025 0.067916257282350886 -0.016208143223272298 -0.019718227142854223 -0.0094064744375840503 -0.016975429977873501 0.019133570315137918 -0.020098257266725941 -0.028540301674320447 0.026989018904191711 -0.037345957249287791 0.28054965217280586 0.0088739121921103999 -0.028896898595710419 -0.047586291595927227 -0.063647239284618906 -0.029092891741063467 -0.025967384173691835 -0.0093409093570825542 -0.0097000369611376352 0.03652418403647105 0.0091047731919130775 0.00097427095084404397 0.017372043206801774
leaf_weight=4604.2186637595296 1576.9533774703741 4598.6977774687111 1216.7254720106721 3920.5189787633717 750.63511499390006 12.932285308837892 23994.682015776634 492.55925519764423 18990.273230522871 9411.9221230857074 663.59606194123626 5483.0085492953658 458.92962089180946 662.5215415135026 8436.8705638647079 112.56858418881893 341.01386169344187 10.998103588819502 864.14933929592371 2007.9274699389935 33.286502130329609 53.545910626649857 467.00044507905841 111.15664725005627 1499.7582394406199 2945.7716824300587 300.88338779658079 720.02293729037046 819.69853918626904 669.95267509669065
leaf_count=27680 2888 76540 757 42934 7947 71 187034 2474 186269 119189 4326 57275 4918 3824 115341 474 2227 78 3881 26873 128 433 7311 499 8125 31172 1188 3406 4701 2221
internal_value=-0.0128694 -0.0148591 0.00694474 -0.0108763 -0.0224847 -0.00908359 -0.00917432 -0.00554362 -0.0129424 -0.0202338 0.001606 -0.0214652 -0.0141865 0.00934548 -0.0238883 0.0341536 -0.00807698 0.173201 -0.00209093 -0.0201084 0.00278919 -0.0159174 -0.017702 0.000677922 -0.011213 -0.0123537 0.00200879 -0.00488945 0.0105196 0.0142974
internal_weight=96232.8 87451.1 8781.68 57446.9 30004.2 48105.7 48081.7 24487.2 23594.5 25405.5 7341.23 23790.7 5941.94 4080.08 17848.8 1440.45 3261.15 23.9304 1614.78 9341.22 1366.84 1894.32 7333.29 223.725 1553.3 3412.77 2503.13 1382.54 1120.58 703.239
internal_count=932184 896987 35197 511896 385091 403606 403457 189508 213949 308551 33467 296723 62193 16007 234530 1730 17460 149 11828 108290 6675 10785 81417 973 8558 38483 13119 7230 5889 2349
is_linear=0
shrinkage=0.05


Tree=54
num_leaves=31
num_cat=0
split_feature=27 3 34 34 1 1 1 1 30 38 34 55 3 23 31 6 1 6 3 1 3 3 59 3 49 11 55 1 1 1
split_gain=1412.06 1067.81 577.265 426.124 311.352 313.018 1005.36 423.451 251.402 240.029 208.348 187.07 136.728 133.03 123.596 120.66 110.33 104.987 99.8694 136.388 100.692 84.7504 95.662 74.006 71.7049 93.1629 67.0469 55.5127 55.901 50.8282
threshold=4.8815078735351571 0.0072500000242143878 23.186078071594242 0.14931169152259829 0.99369999766349804 0.37475000321865087 0.51790001988410961 0.28965000808238989 0.08249999582767488 0.85155966877937328 1.6596198678016665 5.3272142410278329 0.0043500000610947618 16.515000343322757 143.80341339111331 9.5000000000000018 0.99950000643730175 5.5000000000000009 0.045949999243021018 0.92890000343322765 0.013050000183284284 0.012099999934434892 -0.13124178349971768 0.0014500000397674742 0.4583673775196076 -0.25000000000000006 48.773323059082038 0.9715000092983247 0.96860000491142284 0.88250002264976513
decision_type=10 2 8 8 2 2 2 2 10 10 8 2 2 10 10 2 2 2 2 2 2 2 10 2 8 2 2 2 2 2
left_child=1 3 8 23 5 7 -7 -5 21 14 -3 15 16 18 -4 17 -6 -10 20 -20 -12 22 -2 29 25 -13 -11 28 -15 -1
right_child=2 10 9 4 12 6 -8 -9 11 26 13 24 -14 27 -16 -17 -18 -19 19 -21 -22 -23 -24 -25 -26 -27 -28 -29 -30 -31
leaf_value=-0.030930260168288339 0.070872789260752439 -0.031991546204412719 0.020133629777042895 0.00063553052050261674 -0.001079730608181368 0.027671749936413949 -0.0078883679570804065 -0.015999776633293494 -0.0028727870547041994 -0.0013731143072994246 -0.018896048941911037 0.00077781554962956133 -0.02449614454647284 0.0073592907546997351 0.043423155457315468 0.0092116767537053553 -0.016501470731874232 -0.020722846819550167 0.035408903267186383 -0.055340487292805413 -0.028065248709307392 -0.013327024695549208 0.022394323656775544 -0.032296982334578665 -0.013270603147893689 0.021636826236501396 0.038483757131764405 -0.013107217678053238 0.10658226596668792 -0.0065741164897451842
leaf_weight=345.16323163360357 135.61004866659641 6651.0266132466495 1321.4968510940671 4770.4956139177084 1440.2772505655885 2188.8124510124326 21623.777512252331 19310.279635958374 1166.8790308386087 1071.9362493492663 6422.4753034412861 1775.9019081145525 4573.5174795463681 377.77457700669765 1001.3198991678655 565.56061993539333 5954.6739289909601 2801.3500803783536 156.42644796520472 56.305737171322107 5609.0349213145673 111.69327680766582 407.68899106234312 2709.713635507971 522.5853371694684 766.26958145946264 117.03460129350424 598.64112685620785 14.749205335974692 564.5689195767045
leaf_count=2627 440 114336 3980 28883 11344 12363 178947 192251 8424 4580 81950 5775 59805 2963 409 4045 64989 21663 1138 750 71613 506 1528 40388 1881 2102 101 5582 115 6706
internal_value=-0.0123733 -0.0146617 0.00384206 -0.0114946 -0.0104872 -0.00868464 -0.00461974 -0.0127043 -0.00338231 0.020821 -0.024772 -0.00594435 -0.0177006 -0.021144 0.0301733 -0.0123946 -0.0134979 -0.0154739 -0.0225702 0.0113894 -0.0231707 0.0263399 0.0344948 -0.0281543 0.00359766 0.00706521 0.00255014 -0.00352551 0.0110876 -0.0158151
internal_weight=95133 83367.7 11765.3 63481.3 59861.8 47893.4 23812.6 24080.8 8253.54 3511.79 19886.4 7598.55 11968.5 13235.4 2322.82 4533.79 7394.95 3968.23 12244.2 212.732 12031.5 654.992 543.299 3619.45 3064.76 2542.17 1188.97 991.165 392.524 909.732
internal_count=932184 876750 55434 598303 548582 412444 191310 221134 46364 9070 278447 43890 136138 164111 4389 34132 76333 30087 155451 1888 153563 2474 1968 49721 9758 7877 4681 8660 3078 9333
is_linear=0
shrinkage=0.05


Tree=55
num_leaves=31
num_cat=0
split_feature=32 2 1 27 2 1 2 27 1 2 1 1 2 1 1 38 43 1 2 1 1 1 2 2 38 17 49 34 28 1
split_gain=1304.94 833.294 494.118 492.859 343.091 593.418 717.106 296.546 321.228 720.878 267.386 256.407 231.525 223.871 181.921 157.177 142.956 137.574 214.911 120.343 101.419 126.393 149.513 93.308 89.2475 73.1392 65.2762 61.6749 56.7149 55.2153
threshold=6.3514029979705819 0.18329999595880511 0.79060000181198131 42.885154724121101 0.21710000187158587 0.75290000438690197 0.2384000048041344 0.13174950331449511 0.87380000948905956 0.084600001573562636 0.9212000072002412 0.86605000495910656 0.19970000535249713 0.90279999375343334 0.28869999945163732 0.85155966877937328 12.006355285644533 0.80125001072883617 0.19680000096559527 0.8631500005722047 0.51790001988410961 0.62039998173713695 0.18329999595880511 0.3960499912500382 0.95559534430503856 9.7650003433227557 0.15784219652414325 1.530753552913666 0.095000002533197417 0.98020002245903026
decision_type=10 2 2 10 2 2 2 8 2 2 2 2 2 2 2 10 10 2 2 2 2 2 2 2 10 10 10 10 10 2
left_child=1 7 4 15 -3 14 -7 27 11 10 -10 19 17 -11 -6 20 24 -4 -19 -9 -2 23 -23 -22 -5 -14 -17 -1 -28 -18
right_child=3 2 12 16 5 6 -8 8 9 13 -12 -13 25 -15 -16 26 29 18 -20 -21 21 22 -24 -25 -26 -27 28 -29 -30 -31
leaf_value=-0.030678846397847306 0.055930609142457677 -0.040992128396788272 -0.047399437930001703 0.041840520332565939 -0.0012958868473451866 0.0017329927971589318 0.078731950522552177 -0.023539054849294902 -0.038663871365844378 0.0031424407128110448 -0.016270713059015784 -0.046973518640896057 0.044327904274757551 0.040014696470727723 -0.011933331036119313 0.00037150554693166294 0.021089825369211796 0.0057691260817440875 0.085364704670909092 0.029512289727093122 -0.085071763957534283 0.0028300634618673237 0.027441121542133358 -0.0089540105946697059 0.0060851420797261857 0.10445008955821107 0.0055105491858628885 -0.0090102985903163634 -0.015871152522260724 -0.066731938482458869
leaf_weight=5531.2342063300312 98.398694887757301 872.25128013640642 100.99274158477783 1092.6015521660447 4590.6196892485023 1297.918486200273 394.2240740917623 4315.1449596136808 1402.6120205000043 1651.7586213983595 26879.883105032146 1370.7913171201944 315.01105895265937 548.31338378041983 32294.75237922743 1640.387490876019 28.4656618013978 806.24756520241499 94.7734764367342 109.61273092404008 64.421464201062918 4694.7820098139346 710.49249798059464 107.35343846678734 207.69951217621565 60.261834010481834 366.43233285099268 349.11646890640259 2018.6941209882498 48.20839000493288
leaf_count=88828 88 7946 920 599 28542 12143 3601 45903 13593 14997 333699 12548 2986 5586 303314 8488 62 7419 845 1148 266 15452 1472 300 870 467 2191 4040 13596 275
internal_value=-0.0118942 -0.0140459 -0.00895456 0.00422433 -0.00998234 -0.0092812 0.0196717 -0.0189765 -0.0172882 -0.0152367 -0.0173813 -0.0280785 0.0204843 0.0123319 -0.0106094 0.000250975 0.0322171 0.00793867 0.0141413 -0.0222248 0.00561102 0.00472321 0.00606505 -0.0375008 0.0361292 0.0539824 -0.00730599 -0.0293924 -0.0125862 -0.0341276
internal_weight=94063.5 82985.5 40827.1 11077.9 39449.8 38577.5 1692.14 42158.5 36278.1 30482.6 28282.5 5795.55 1377.29 2200.07 36885.4 9700.96 1376.98 1002.01 901.021 4424.76 5675.45 5577.05 5405.27 171.775 1300.3 375.273 4025.51 5880.35 2385.13 76.6741
internal_count=932184 888525 368183 43659 355546 347600 15744 520342 427474 367875 347292 59599 12637 20583 331856 41853 1806 9184 8264 47051 17578 17490 16924 566 1469 3453 24275 92868 15787 337
is_linear=0
shrinkage=0.05


Tree=56
num_leaves=31
num_cat=0
split_feature=18 3 32 34 34 3 30 17 21 38 32 38 30 38 21 21 30 3 11 3 29 3 50 3 3 56 3 17 55 20
split_gain=1215.11 954.534 495.153 397.469 316.774 275.159 440.877 158.468 126.881 113.809 134.612 103.798 103.175 105.695 97.9229 91.6102 86.9773 85.5036 83.1761 72.8018 72.1765 62.5677 59.6657 52.51 51.2934 50.8794 53.6527 48.7954 47.4086 50.8862
threshold=22.914999961853031 0.0072500000242143878 54.374597549438484 0.14931169152259829 2.8777164220809941 0.0014500000397674742 5.4275000095367441 11.305000305175783 0.21499999612569812 0.61270552873611461 1.6801080107688906 0.85477557778358471 36.675001144409187 0.9917832911014558 7.9949998855590829 0.15250000357627871 29.027500152587894 1.0000000180025095e-35 -0.25000000000000006 0.0014500000397674742 1.544999957084656 0.0043500000610947618 0.26544298231601721 0.043999999761581428 1.0000000180025095e-35 25.500000000000004 0.035299999639391906 0.45499999821186071 6.1862978935241708 0.90595504641532909
decision_type=10 2 8 8 10 2 8 8 10 8 10 10 8 10 8 8 10 2 2 2 10 2 10 2 2 2 2 10 2 10
left_child=1 3 11 19 7 6 17 20 25 10 -7 18 -4 -14 -11 -8 23 -5 22 27 -3 24 -2 -9 -13 26 -6 -1 -10 -30
right_child=2 4 12 5 8 9 15 16 28 14 -12 21 13 -15 -16 -17 -18 -19 -20 -21 -22 -23 -24 -25 -26 -27 -28 -29 29 -31
leaf_value=-0.010779196308108054 0.01419280082401321 -0.035147669535068614 0.0040403362848062318 0.04126477713108704 0.010963924468307634 -0.021386820496012537 0.042200864606797367 -0.01952468033155344 -0.017269335123955145 -0.016073353158287715 0.0033225499166487423 -0.051607109699574522 0.042634709277584934 -0.00557926150272585 -0.01040683860041243 -0.0081150314550016214 0.055998190709847073 0.0091028705763823627 0.020666305092364053 -0.030909220557084206 -0.026506303332757553 -0.011526151671258131 -0.0036523738542990798 0.015097626665907971 0.0044499557053305624 -0.01911714450718472 0.09894161219877988 -0.053810965836271811 0.015320533376903487 -0.013165368072761023
leaf_weight=811.54156786948442 706.94739836081862 3542.400925334543 267.28666316345334 220.77831197530031 588.88205586001277 736.03512652218342 90.799980662763119 4100.7773752883077 3720.1056286990643 15026.36254767701 2194.7805775888264 42.097687847912312 1204.3627212867141 125.51720997691154 15476.959069814533 24411.907222211361 39.439831949770451 3229.8792101219296 882.81555597856641 2573.580473035574 7602.1275585927069 1749.1353158280253 1388.1873631328344 112.5189995020628 1331.5785845890641 148.30375332385302 17.854935802519321 71.698265351355076 244.87587390840054 435.7642765417695
leaf_count=8566 2059 62859 1436 1262 3622 8674 442 48222 44358 162134 13135 216 1881 587 143088 210300 301 24732 1978 40374 122863 11228 4254 824 7112 1198 113 766 1185 2415
internal_value=-0.0114231 -0.0131382 0.007603 -0.0101621 -0.0225276 -0.00923314 -0.00557214 -0.0261196 -0.0118006 -0.012294 -0.00288288 0.00111462 0.0323869 0.0380842 -0.0131982 -0.00792858 -0.0179082 0.0111606 0.00779325 -0.0266584 -0.029253 -0.0052542 0.002369 -0.0186001 0.00273203 0.00713592 0.0135529 -0.0142724 -0.0150495 -0.00291691
internal_weight=93095.3 85397.4 7697.93 64844.3 20553.1 61387.5 27953.4 15397.3 5155.79 33434.1 2930.82 6100.76 1597.17 1329.88 30503.3 24502.7 4252.74 3450.66 2977.95 3456.82 11144.5 3122.81 2095.13 4213.3 1373.68 755.041 606.737 883.24 4400.75 680.64
internal_count=932184 901433 30751 613473 287960 563767 236736 235069 52891 327031 21809 26847 3904 2468 305222 210742 49347 25994 8291 49706 185722 18556 6313 49046 7328 4933 3735 9332 47958 3600
is_linear=0
shrinkage=0.05


Tree=57
num_leaves=31
num_cat=0
split_feature=27 3 32 1 1 21 0 1 34 33 3 1 3 24 39 21 1 3 1 3 6 6 5 28 3 3 59 3 28 27
split_gain=1126.05 960.818 521.936 384.321 285.834 217.093 202.375 222.743 194.757 179.008 158.138 131.505 312.936 126.537 119.94 119.838 113.394 97.9078 117.815 98.9908 97.7491 130.681 88.7947 77.2924 76.7083 71.8367 69.4411 102.549 68.2831 66.1149
threshold=4.8815078735351571 0.0072500000242143878 54.374597549438484 0.99369999766349804 0.99274998903274547 0.10500000044703485 12.97499990463257 0.28869999945163732 1.6596198678016665 19.783415794372562 0.0043500000610947618 0.99950000643730175 0.0023999999975785617 5.7880356311798105 1.1814201474189761 10.894999980926515 0.99179998040199291 0.045949999243021018 0.92890000343322765 0.013050000183284284 5.5000000000000009 9.5000000000000018 27.500000000000004 0.57499998807907116 0.00530000007711351 1.0000000180025095e-35 -0.083046667277812944 0.011099999770522119 10.525000095367433 8.507761478424074
decision_type=10 2 8 2 2 10 10 2 8 8 2 2 2 10 10 10 2 2 2 2 2 2 2 8 2 2 10 2 10 10
left_child=1 3 5 4 6 26 7 -1 -3 20 11 12 -5 -8 29 17 25 19 -19 -10 -7 -22 -18 24 -6 -11 27 -2 -25 -4
right_child=2 8 14 10 23 9 13 -9 15 16 -12 -13 -14 -15 -16 -17 22 18 -20 -21 21 -23 -24 28 -26 -27 -28 -29 -30 -31
leaf_value=0.0019971804199376262 0.049190149676004512 -0.030191719134856066 0.0073044559612494399 0.028254810611928711 0.12384113747783743 0.00096327346707441783 0.053913366019562203 -0.010049801817987078 -0.017317535457322432 -0.042620598993180589 -0.024714716332672707 -0.016491096099500138 -0.017717176401903893 0.0038157739203108585 -0.0061098710691962245 -0.0057028238870881175 0.0010969110666115573 0.033404229118347527 -0.054930489703283993 -0.026810508283727653 -0.023446919773223551 0.0066408370137156841 -0.01965845779223533 0.01969842300766167 8.884088197604295e-05 0.010049570171482957 0.011011493607520611 -0.018088822046319578 0.12857969646501219 0.039572689122160165
leaf_weight=4220.7311954721808 296.90883504599333 6201.2087105587125 182.58991733565927 593.78244966268539 48.228843539953232 955.4627847224474 134.96123098582029 42199.141813777387 5880.135459985584 66.261063233017921 4937.0627380013466 6541.6255112998188 983.00163929909468 1907.8684975132346 199.22505052015185 1422.3276104740798 1487.8832311481237 160.97063608467579 49.309440735727549 5152.6000593416393 1969.5776030644774 441.84877637028694 788.33658601343632 175.33793140947819 16.913427893072367 2815.7365441843867 1026.160343002528 69.990329757332802 15.687834739685057 1215.3367321155965
leaf_count=24252 1036 114336 1321 4260 334 6505 744 394118 78662 279 71230 78454 9106 13976 729 14233 6548 1147 715 69354 16023 3007 3982 1496 230 10060 3864 344 103 1736
internal_value=-0.0109673 -0.0130559 0.00365866 -0.0100397 -0.00799817 -0.000613012 -0.00827662 -0.00895443 -0.0229317 -0.00360329 -0.0176581 -0.0133668 -0.00040513 0.00712551 0.0301854 -0.019377 0.00225028 -0.0211069 0.0126903 -0.021751 -0.0125712 -0.0179339 -0.00609142 0.0446786 0.0917103 0.00883861 0.0176866 0.0363559 0.0286402 0.035358
internal_weight=92156.2 80640.9 11515.3 61774.3 48718.9 9918.17 48462.7 46419.9 18866.6 8525.11 13055.5 8118.41 1576.78 2042.83 1597.15 12665.3 5158.22 11243 210.28 11032.7 3366.89 2411.43 2276.22 256.168 65.1423 2882 1393.06 366.899 191.026 1397.93
internal_count=932184 876750 55434 598303 435253 51648 433090 418370 278447 46404 163050 91820 13366 14720 3786 164111 20869 149878 1862 148016 25535 19030 10530 2163 564 10339 5244 1380 1599 3057
is_linear=0
shrinkage=0.05


Tree=58
num_leaves=31
num_cat=0
split_feature=31 3 34 31 1 1 1 34 1 58 53 46 29 3 1 3 21 3 3 32 1 1 1 1 1 33 3 55 3 1
split_gain=1035.39 852.35 425.292 362.195 267.125 295.881 246.232 196.267 186.444 144.926 130.943 106.608 172.976 102.437 145.062 86.3332 84.4244 77.5571 73.8476 65.2387 64.8479 173.575 113.43 59.0846 110.839 57.8592 56.6337 56.4637 62.1935 86.3879
threshold=19.592666625976566 0.008200000040233137 0.14931169152259829 143.80341339111331 0.99950000643730175 0.99660000205039989 0.37475000321865087 1.6596198678016665 0.99179998040199291 0.11406484618782999 0.78955921530723583 13.500000000000002 4.2550001144409189 0.045949999243021018 0.92890000343322765 0.0043500000610947618 10.894999980926515 0.0014500000397674742 0.021749999374151233 16.757418632507328 0.62039998173713695 0.60199999809265148 0.8128499984741212 0.9715000092983247 0.96570000052452099 5.2114999294281015 0.00530000007711351 48.773323059082038 0.0063000000081956395 0.93759998679161083
decision_type=10 2 8 10 2 2 2 8 2 8 10 2 10 2 2 2 10 2 2 10 2 2 2 2 2 10 2 2 2 2
left_child=1 2 17 8 5 6 -4 -3 18 -9 -5 25 -13 16 -15 19 -11 -1 20 -10 21 -2 -22 24 -20 -6 -17 28 29 -12
right_child=3 7 4 10 11 -7 -8 9 15 13 27 12 -14 14 -16 26 -18 -19 23 -21 22 -23 -24 -25 -26 -27 -28 -29 -30 -31
leaf_value=-0.013361349745513654 0.016249383622129545 -0.030526382337384819 -0.011161792160027292 0.04040196437223513 -0.012643233369420562 0.14886041434393324 -0.0042615796044354285 0.0050530716586953571 -0.0050587521468606275 -0.022255614638521836 -0.025087446381275691 -0.020196141706145462 0.026575460511487181 0.033100114171535473 -0.055067306116378903 -0.033623392029447523 -0.0074847702836694013 -0.030521018481045287 -0.015088581311462604 0.01967780711811706 0.029263346822643345 -0.060604013238263726 0.0075375152945356232 -0.051260097424741947 0.089961745716128041 -0.020702869518509758 -0.010652021810863154 0.038750261079539348 -0.024001217308179945 0.035716090959342389
leaf_weight=867.48638664931059 209.8174657523632 5070.2897894345224 23471.830782175064 911.99279717355967 3619.7227398455143 30.326930187642574 28783.415168058127 606.6444234251976 925.79100408777595 9711.4854250699282 87.294411148875952 426.81914177164435 368.21863739192486 190.13740822672844 61.821533653885126 328.45965940877795 1074.4042985849082 2733.0735232159495 195.77761073037982 374.30963829904795 794.27371502295136 113.05501675605774 2466.1448733359575 81.749419987201691 28.803691111505032 5786.7014858350158 1465.2478134632111 126.93305566906929 158.79242948070168 176.58571451157331
leaf_count=9332 714 95989 222867 454 47759 205 249347 4650 5753 129906 311 5530 2412 1295 857 2231 11441 45837 933 884 2637 529 10450 488 109 69560 8529 109 563 503
internal_value=-0.0105275 -0.0122284 -0.00967721 0.00615006 -0.0087144 -0.00727038 -0.00736099 -0.0223156 0.00141288 -0.0187404 0.0287841 -0.0161154 0.00146594 -0.0200481 0.011467 -0.00774758 -0.0207843 -0.0263867 0.00869912 0.00206311 0.0107135 -0.0106611 0.0128302 -0.0148639 -0.00161534 -0.0176014 -0.0148585 0.00950579 0.000723364 0.0156016
internal_weight=91247.4 82802.4 66087.6 8445.03 62487 52285.6 52255.2 16714.8 6983.43 11644.5 1461.6 10201.5 795.038 11037.8 251.959 3093.81 10785.9 3600.56 3889.62 1300.1 3583.29 322.872 3260.42 306.331 224.581 9406.42 1793.71 549.606 422.673 263.88
internal_count=932184 896987 652849 35197 597680 472419 472214 244138 33257 148149 1940 125261 7942 143499 2152 17397 141347 55169 15860 6637 14330 1243 13087 1530 1042 117319 10760 1486 1377 814
is_linear=0
shrinkage=0.05


Tree=59
num_leaves=31
num_cat=0
split_feature=55 3 27 56 1 1 55 27 50 21 30 1 3 34 39 6 49 1 1 27 42 1 21 1 1 1 2 6 39 3
split_gain=973.86 863.75 374.43 329.814 256.848 291.663 246.234 232.215 138.907 132.905 109.232 104.302 87.6327 87.4646 85.553 82.2336 84.2676 77.7318 77.2025 70.7853 125.415 68.4957 67.7298 65.3424 122.501 63.2721 113.279 61.2955 60.8242 60.6598
threshold=6.0023798942565927 0.0072500000242143878 0.13174950331449511 66.500000000000014 0.99950000643730175 0.37475000321865087 48.773323059082038 1.5016078352928164 0.62502503395080578 11.045000076293947 0.011249999515712263 0.8303000032901765 0.0014500000397674742 0.28078879415988928 1.8763591647148135 8.5000000000000018 0.39135129749774938 0.94729998707771312 0.88250002264976513 7.7276089191436776 1.1394698619842532 0.989850014448166 0.05333333462476731 0.88250002264976513 0.99950000643730175 0.88250002264976513 0.18620000034570697 9.5000000000000018 0.64761349558830272 0.015949999913573269
decision_type=2 2 8 2 2 2 2 8 10 10 10 2 2 10 10 2 10 2 2 10 10 2 10 2 2 2 2 2 10 2
left_child=1 2 12 4 5 -4 15 13 9 11 -6 -9 23 -3 19 16 -2 18 -15 20 -8 25 29 -1 -25 26 -17 -11 -23 -10
right_child=6 7 3 -5 10 -7 14 8 22 27 -12 -13 -14 17 -16 21 -18 -19 -20 -21 -22 28 -24 24 -26 -27 -28 -29 -30 -31
leaf_value=-0.025738838027103431 0.015719610827034904 -0.034853642358097341 -0.010675320545909419 0.041157701974489848 0.0092778318735706553 -0.0030032890115648902 0.030882182580897411 -0.014176703740883116 0.0263688726436496 -0.011447056907419866 -0.016790855763500812 -0.025594660392364185 -0.026974594626760186 -0.021468050090139711 -0.066505205578623161 -0.029096468010458561 -0.0046197900317638558 -0.027591720900503026 0.0036751595042962787 0.037165117840279892 -0.09066268865169691 -0.021952135393314105 -0.0097089653617613431 0.023122361832784176 -0.019452045953738659 0.015500617037919141 0.010803231522811881 0.0097806026676858695 -0.0013187193963403699 -0.010921680508126079
leaf_weight=447.72668815404177 1988.3453313149512 2657.5910880193114 23154.275326117873 343.24268469586968 420.83847761526704 26641.980311863124 67.160643726587296 3260.4828661978245 320.99464704468846 1859.9292971305549 8900.6346648298204 5174.1740812696517 3270.0770756341517 1008.3717974983156 22.167654372751713 289.77489401400089 684.56954922527075 3577.7879047989845 437.87693034112453 906.78365058451891 31.029017947614193 568.50828659161925 847.96470417454839 295.61706584692001 394.3487399071455 818.03230269253254 460.72217184305191 416.15645976364613 960.79671311751008 165.16888469830155
leaf_count=3447 6100 53502 221156 949 4294 220637 71 38022 2613 16216 109908 76247 50794 16278 99 1145 2338 67330 6604 638 153 3020 9600 2068 5984 2527 1253 3841 4017 1333
internal_value=-0.0100998 -0.0115797 -0.00875513 -0.0077128 -0.00799655 -0.00657063 0.00809952 -0.0207249 -0.0163926 -0.0182877 -0.0156139 -0.021181 -0.0228162 -0.0275179 0.0306553 0.00408479 0.0105104 -0.0236375 -0.0138555 0.0327985 -0.00752734 -0.00145945 -0.00117868 -0.0108636 -0.00121097 0.00588186 -0.00460247 -0.00756582 -0.00898905 0.0136998
internal_weight=90393.1 83595.2 63868.7 59461 59117.7 49796.3 6797.89 19726.5 12044.9 10710.7 9321.47 8434.66 4407.77 7681.63 1027.14 5770.75 2672.91 5024.04 1446.25 1004.97 98.1897 3097.83 1334.13 1137.69 689.966 1568.53 750.497 2276.09 1529.3 486.164
internal_count=932184 910823 619237 556944 555995 441793 21361 291586 147872 134326 114202 114269 62293 143714 961 20400 8438 90212 22882 862 224 11962 13546 11499 8052 4925 2398 20057 7037 3946
is_linear=0
shrinkage=0.05


Tree=60
num_leaves=31
num_cat=0
split_feature=27 1 1 1 1 1 32 32 1 38 1 28 27 28 28 28 59 43 38 14 1 1 30 53 11 38 5 1 1 51
split_gain=892.874 687.978 675.185 516.699 508.219 783.339 433.039 275.998 274.573 202.541 179.034 162.167 162.657 134.685 120.841 118.138 117.419 107.05 96.3998 93.1652 91.0884 90.3438 130.137 78.4342 73.1934 71.1946 64.5848 64.2084 62.1045 54.891
threshold=4.8815078735351571 0.95309999585151683 0.9212000072002412 0.91440001130104076 0.87860000133514415 0.84379997849464428 54.374597549438484 0.47517494857311254 0.89605000615119945 0.5712660849094392 0.92504999041557323 0.054999999701976783 1.6336091160774233 11.105000019073488 0.054999999701976783 10.525000095367433 -0.11166731268167494 12.006355285644533 0.93515661358833324 13.704999923706056 0.9618000090122224 0.93955001235008251 0.24000000208616259 3.2349116802215581 -0.68301269412040699 0.90877538919448864 23.500000000000004 0.98695001006126415 0.99369999766349804 0.05999999679625035
decision_type=10 2 2 2 2 2 8 10 2 10 2 10 10 10 10 10 10 10 8 10 2 2 8 8 2 10 2 2 2 8
left_child=1 2 3 4 5 -1 9 19 -6 16 -4 12 -9 14 -11 20 -2 18 -8 27 -13 22 -12 -14 -18 -15 -16 -3 -17 -29
right_child=6 7 10 -5 8 -7 17 11 -10 13 21 15 23 25 26 28 24 -19 -20 -21 -22 -23 -24 -25 -26 -27 -28 29 -30 -31
leaf_value=-0.0074705341319351087 0.044621746946056355 -0.035346621412705531 0.067363764348857921 -0.036717430849389221 0.037431815491254829 -0.031311304824179778 0.040934262069165478 -0.014549738121122077 0.00048687971183466604 0.0054779548646475933 -0.01845935507078943 -0.038541042364101802 0.019342405149466415 0.010705122683407666 0.0020976498487486387 0.0097618938052573979 -0.0024037758145819843 -0.028555605102694104 0.013381619976216508 0.0087370191465299934 -0.017301341792584427 0.0050892356720144026 0.037554160209440163 -0.019782940671507401 0.017075169335312394 -0.003614267722242387 -0.018076087509258945 -0.028949277149675118 -0.010756392077039758 -0.0175544610303436
leaf_weight=41971.040720012039 257.66934607177973 1993.9353191442788 192.15816050767899 1658.7452748455107 863.48762078583241 3753.6169881001115 940.0011516995728 1184.9013262651861 1204.3156963810325 921.867052488029 123.25044492259622 521.20301003009081 807.95907416194677 1597.8805151060224 465.38033667206764 548.61371333897114 843.82275738567114 77.942168593406677 479.34749624505639 178.43766985833645 16024.860226061195 851.93216716498137 653.51486938819289 152.22856195643544 1125.5056599229574 1900.4312681853771 2689.5329923331738 2739.6083979979157 1125.1312693990767 1720.6853395551443
leaf_count=396974 746 32393 1945 17941 8684 41008 545 15038 11959 5445 1614 6751 7405 4453 2885 4509 2631 370 2871 1827 218864 9600 6820 1618 3207 11202 21079 53031 11669 27100
internal_value=-0.00968717 -0.0115839 -0.00818235 -0.00928336 -0.0083312 -0.00942766 0.00345163 -0.018044 0.0159146 -0.000373976 0.0217191 -0.0151589 -0.00215546 -0.004271 -0.010447 -0.0166899 0.0128817 0.0284961 0.0316291 -0.0269025 -0.0179704 0.0163338 0.0286664 0.0131395 0.00872878 0.00292622 -0.0151003 -0.0278878 -0.00403099 -0.0245534
internal_weight=89569 78269.6 51272.1 49451.2 47792.5 45724.7 11299.4 26997.6 2067.8 9802.09 1820.86 20364.9 2145.09 7575.09 4076.78 18219.8 2227 1497.29 1419.35 6632.67 16546.1 1628.7 776.765 960.188 1969.33 3498.31 3154.91 6454.23 1673.74 4460.29
internal_count=932184 876750 496545 476566 458625 437982 55434 380205 20643 51648 19979 265854 24061 45064 29409 241793 6584 3786 3416 114351 225615 18034 8434 9023 5838 15655 23964 112524 16178 80131
is_linear=0
shrinkage=0.05


Tree=61
num_leaves=31
num_cat=0
split_feature=55 3 14 1 29 1 3 55 28 28 1 3 11 39 1 3 3 3 27 20 38 1 42 38 38 33 1 11 3 1
split_gain=822.764 820.595 315.904 294.733 282.064 244.287 229.954 218.357 187.891 208.466 185.886 95.9038 87.2767 75.8987 74.81 73.1875 72.7571 68.9699 63.8403 120.96 59.9745 59.7047 58.9969 66.811 56.1032 52.1681 49.295 48.9145 47.7171 74.6732
threshold=6.0023798942565927 0.00530000007711351 99.30749893188478 0.99950000643730175 2.2549999952316289 0.99660000205039989 0.0014500000397674742 48.773323059082038 1.0000000180025095e-35 9.7150001525878924 0.8147999942302705 0.04110000096261502 -0.25000000000000006 1.8763591647148135 0.9715000092983247 0.0043500000610947618 0.0023999999975785617 0.015949999913573269 7.7276089191436776 0.785179764032364 0.89983290433883678 0.99759998917579662 1.9395306110382082 0.78769567608833324 0.5712660849094392 2.0661666393280034 0.99854999780654918 0.68301269412040722 0.0092000002041459101 0.88250002264976513
decision_type=2 2 10 2 8 2 2 2 8 10 2 2 2 10 2 2 2 2 10 10 10 2 10 10 10 10 2 2 2 2
left_child=1 2 3 5 -3 6 -1 12 11 10 -10 17 21 18 -11 16 -5 -6 19 -9 -4 28 23 27 -21 -13 -7 -14 29 -2
right_child=7 4 20 15 8 26 -8 13 9 14 -12 25 22 -15 -16 -17 -18 -19 -20 24 -22 -23 -24 -25 -26 -27 -28 -29 -30 -31
leaf_value=-0.0028113901518966402 -0.0045086648694228479 -0.030373377970910394 0.052165094293631357 -0.018460591724623537 0.0046707097561663304 0.21337139124731708 -0.0099374779743801409 0.029875838349066364 -0.010803119423305677 0.0073899977263174842 -0.021804672939121961 0.038666071403503283 0.031949974940625743 -0.062369131588942361 -0.010203396158004599 -0.025048371832451177 -0.0080276885600212983 -0.019211317783104649 0.035966050588179546 -0.13783654953658758 0.016469819569496114 -0.010066582000694808 -0.0072683170890623502 -0.0058057882653969883 0.012352699811512447 0.2120016757285702 0.0619663555509051 0.012822302557522489 -0.0075280324244722686 0.015846071934447741
leaf_weight=25387.514910943806 749.43139819055796 3810.1253897622228 226.41503075882792 3626.3998808376491 1290.7713193744421 14.437226265668869 20431.902680851519 67.639952652156353 5312.4397445246577 966.16727663576603 13848.260530095547 9.6551840305328387 564.23937743157148 21.989348046481609 1612.9303207062185 1782.4174905195832 3099.341996986419 394.77382344380021 852.18887184746563 20.289675436913971 245.02050145342946 1164.6319100037217 323.63230900838971 289.16395384073257 8.965591009706257 7.8863697946071616 8.5656461492180824 819.9394732825458 704.58411948010325 1129.932652823627
leaf_count=216226 2272 77481 162 43989 13495 80 190782 82 60573 7297 213070 103 1516 99 15318 27445 39223 4412 638 111 1041 5809 1106 971 31 61 65 2738 2749 3239
internal_value=-0.00928816 -0.010665 -0.00714003 -0.00749352 -0.0177559 -0.00590729 -0.00598907 0.0075367 -0.0157052 -0.0169581 -0.0187544 0.00028768 0.00383043 0.0294656 -0.00361266 -0.0160402 -0.0136529 -0.000922732 0.0315934 -0.00686421 0.0336131 -0.000667436 0.0122735 0.016053 -0.0918094 0.116595 0.156992 0.0206194 0.00356893 0.00772924
internal_weight=88791.7 82075 54822 54350.6 27253 45842.4 45819.4 6716.63 23442.9 21739.8 19160.7 1703.09 5745.56 971.073 2579.1 8508.16 6725.74 1685.55 949.084 96.8952 471.436 3748.58 1996.98 1673.34 29.2553 17.5416 23.0029 1384.18 2583.95 1879.36
internal_count=932184 910823 519013 517810 391810 407153 407008 21361 314329 296258 273643 18071 20400 961 22615 110657 83212 17907 862 224 1203 14069 6331 5225 142 164 145 4254 8260 5511
is_linear=0
shrinkage=0.05


Tree=62
num_leaves=31
num_cat=0
split_feature=27 3 32 3 1 2 1 1 1 34 34 1 28 3 27 3 55 2 1 1 7 2 39 11 1 59 51 49 1 3
split_gain=763.974 768.879 376.52 309.801 424.615 1308.81 564.742 1136.59 354.626 274.207 171.276 165.056 161.642 142.335 141.024 136.469 133.97 125.172 528.013 249.188 112.281 103.676 101.501 99.9993 84.4072 76.7997 72.5227 82.1746 72.1151 68.4188
threshold=4.8815078735351571 0.0072500000242143878 54.374597549438484 0.0014500000397674742 0.69680002331733715 0.19099999964237216 0.56915000081062328 0.45404998958110815 0.99950000643730175 0.48363198339939123 2.8777164220809941 0.93759998679161083 0.095000002533197417 1.0000000180025095e-35 0.091949824243783965 0.045949999243021018 4.2081668376922616 0.22000000625848773 0.57690000534057628 0.79060000181198131 3.5000000000000004 0.19970000535249713 1.1767985224723818 0.25000000000000011 0.92309999465942394 -0.16714753210544583 0.12714286893606189 0.21051494032144549 0.79060000181198131 0.014999999664723875
decision_type=10 2 8 2 2 2 2 2 2 8 10 2 10 2 8 2 2 2 2 2 2 2 10 2 2 8 10 10 2 2
left_child=1 3 12 4 6 8 7 -1 -6 -5 11 15 25 -8 -7 24 20 19 -19 -11 23 -12 -4 -14 -3 29 -18 -28 -23 -2
right_child=2 10 22 9 5 14 13 -9 -10 17 21 -13 16 -15 -16 -17 26 18 -20 -21 -22 28 -24 -25 -26 -27 27 -29 -30 -31
leaf_value=-0.0076356443859460048 0.049549807963754265 -0.019191431010990703 0.032570193283411666 -0.024557443425254968 0.0094441637524207839 1.0895473544812954e-05 0.01199203440459605 0.047149334196093073 -0.015909519528161605 -0.042484619862836713 -0.012601638299302552 -0.027603341214517092 -0.018063412497700475 -0.035197049360029299 0.074444514609970355 0.02600631892031351 -0.043045563148241012 -0.01225312635978372 0.011733419622484897 -0.011181154557207452 0.012382944251916645 0.012083990002913757 -0.0061873953127783883 0.00050213209601165021 0.0076982584636988358 0.0091477186347919473 0.010969408936769827 -0.0041546861312505698 0.10678837977233635 -0.037352034284441331
leaf_weight=17611.066488265991 204.90300312638283 5970.8620474301279 1235.4928964152932 3475.3679538220167 3282.0866389423609 69.878143116831779 173.47345457971096 1000.5068968906999 2378.8499110341072 661.03413847833872 3332.7797113694251 7323.0958341062069 2551.4619665406644 2026.9058227688074 712.23304855823517 182.30751597881317 82.055833227932453 8328.936513915658 3166.5523179322481 16617.837963763624 506.02508724480867 242.12322309613228 195.68008488789201 1013.3820814341307 306.83961439505219 1670.1883491240442 2094.2459150291979 1572.5071271248162 21.921325571835041 25.464188508689404
leaf_count=164044 787 85836 3050 56788 21537 479 1341 6164 29251 5884 40923 143482 20570 15716 4226 1439 362 79816 26788 186269 3500 2293 736 7342 4298 7336 5872 5733 176 146
internal_value=-0.00890294 -0.0106768 0.00332727 -0.00797456 -0.00405014 0.0071663 -0.00752257 -0.00469055 -0.00121001 -0.0112912 -0.0199287 -0.0224643 -0.00019812 -0.0314768 0.0677942 -0.0166387 -0.00337686 -0.00968888 -0.00564578 -0.0123787 -0.0096572 -0.0102123 0.027271 -0.0127858 -0.0178771 0.0128805 0.00344302 0.00448336 0.0199465 0.0399439
internal_weight=88036.1 76884.7 11151.4 59504.7 27255 6443.05 20812 18611.6 5660.94 32249.7 17379.9 13783.1 9720.23 2200.38 782.111 6460.01 7819.68 28774.4 11495.5 17278.9 4070.87 3596.82 1431.17 3564.84 6277.7 1900.56 3748.81 3666.75 264.045 230.367
internal_count=932184 876750 55434 598303 242758 55493 187265 170208 50788 355545 278447 235055 51648 17057 4705 91573 43379 298757 106604 192153 31412 43392 3786 27912 90134 8269 11967 11605 2469 933
is_linear=0
shrinkage=0.05


Tree=63
num_leaves=31
num_cat=0
split_feature=32 25 31 24 21 28 14 32 47 38 49 51 53 32 47 59 38 59 17 5 43 32 38 22 50 37 43 25 21 52
split_gain=708.135 509.656 325.68 200.079 227.979 187.508 173.559 157.037 146.302 137.453 125.377 147.296 112.055 108.427 95.6129 87.5261 85.7893 77.1756 76.1309 72.5974 71.1526 60.5994 60.3073 53.3458 50.0899 47.0699 60.8984 46.0997 43.715 54.1832
threshold=4.9031856060028085 0.12944196909666064 143.80341339111331 3.7903572320938115 12.835000038146974 0.095000002533197417 26.015000343322757 1.8620556592941286 0.45000003278255468 0.85155966877937328 0.19530694931745532 0.16928570717573169 1.4290546178817751 1.7437064051628115 0.050000002607703216 0.1214176043868065 0.53934344649314891 -0.13124178349971768 30.585000038146976 27.500000000000004 1.1558446884155276 20.775242805480961 0.63718804717063915 31.644999504089359 1.0510259270668032 0.14626660197973254 4.5484964847564706 2.5929539203643803 0.49500000476837164 378.50000000000006
decision_type=10 8 10 10 10 10 10 10 2 10 10 10 10 10 2 8 8 8 10 2 8 10 10 10 10 10 10 10 10 2
left_child=1 13 5 6 12 17 7 18 -9 -4 11 -7 14 28 -5 25 -13 24 -3 22 -6 -19 -12 -22 -2 26 -15 -14 29 -1
right_child=2 3 9 4 20 10 -8 8 -10 -11 19 16 27 15 -16 -17 -18 21 -20 -21 23 -23 -24 -25 -26 -27 -28 -29 -30 -31
leaf_value=-0.021600176635310983 -5.7178986215946426e-05 -0.0079427706982811187 0.038439083288888592 -0.016352589228770732 -0.023762945431174774 -0.042577740932824043 0.076487946207162844 0.0019206914484612677 0.045344040976564248 0.0049582986232092514 0.0062717698000212679 0.019482464026022397 0.0042049633352667674 0.20072559784772068 0.016882448721682847 -0.016319430651116646 0.00084471917230685689 0.0044598136582859492 0.052910398336094094 -0.017638617796643455 0.0011867501172090637 0.026509736716348854 -0.0092147745889579798 0.021906928068981618 0.046600222119127246 0.0050755525691784696 0.044679094477049229 -0.011255191281019815 -0.036676037016697242 -0.036325721109405601
leaf_weight=5349.8048740848899 75.939434610307217 42996.108121287078 812.56857070699334 17613.120157778263 238.29640971124172 178.17820800840855 61.917433254420757 1474.544984254986 223.35594831034541 492.26127938739955 883.00236069783568 730.72805169224739 998.07555329799652 6.8766690939664832 219.09530004486442 272.00656231865287 3982.0987163260579 1650.6541864201427 51.458141747862101 1699.159603856504 1633.2147115655243 384.10663014650345 2182.2619844041765 383.59721183031797 237.21129747480154 87.967566885054111 68.858358267694712 932.85440612211823 681.55503604933619 707.27341247722507
leaf_count=90893 425 451316 458 226779 2252 986 456 16719 1980 1478 3295 2173 12513 48 2123 2900 22612 7871 387 11200 15763 765 15878 2849 839 1031 531 10902 11008 13754
internal_value=-0.00853385 -0.0104435 0.0020845 -0.00908386 -0.0129867 -0.000494383 -0.007166 -0.00728176 0.00763296 0.0258081 -0.00357604 0.00204737 -0.0147053 -0.0231075 -0.0159442 0.00106572 0.00373452 0.0121785 -0.00787003 -0.00934885 0.00207486 0.00862223 -0.00475361 0.00512772 0.0352857 0.0299527 0.058848 -0.00326401 -0.0246705 -0.0233197
internal_weight=87308.2 74000 13308.2 66825.6 22018.3 12003.3 44807.4 44745.5 1697.9 1304.83 9655.43 4891 19763.1 7174.34 17832.2 435.709 4712.83 2347.91 43047.6 4764.42 2255.11 2034.76 3065.26 2016.81 313.151 163.703 75.735 1930.93 6738.63 6057.08
internal_count=932184 864204 67980 744039 273181 66044 470858 470402 18699 1936 56144 25771 252317 120165 228902 4510 24785 9900 451703 30373 20864 8636 19173 18612 1264 1610 579 23415 115655 104647
is_linear=0
shrinkage=0.05


Tree=64
num_leaves=31
num_cat=0
split_feature=3 29 34 32 1 34 1 1 17 1 2 3 2 56 39 1 1 30 29 50 43 3 34 30 3 50 3 3 1 1
split_gain=708.324 579.76 342.419 292.656 228.719 335.83 207.519 171.692 156.014 150.733 390.658 200.794 128.551 97.5905 101.756 93.2032 88.8145 83.6174 142.631 82.8193 79.4952 68.2105 63.4425 64.483 61.6126 73.3157 60.0294 79.8142 55.2363 126.795
threshold=0.008200000040233137 85.405002593994155 0.14931169152259829 3.102707147598267 0.99950000643730175 3.1505618095397954 0.28869999945163732 0.9212000072002412 11.305000305175783 0.37475000321865087 0.51014998555183422 0.0092000002041459101 0.19970000535249713 9.5000000000000018 2.1077735424041752 0.68810001015663158 0.57009997963905346 0.011249999515712263 4.2550001144409189 0.7325379252433778 9.9872846603393572 0.0014500000397674742 1.1418552994728091 3.745000004768372 1.0000000180025095e-35 0.30654440820217138 0.0043500000610947618 0.0072500000242143878 0.88250002264976513 0.99950000643730175
decision_type=2 10 8 10 2 10 2 2 8 2 2 2 2 2 10 2 2 10 10 10 10 2 10 10 2 10 2 2 2 2
left_child=1 2 21 8 5 6 -4 -7 22 -10 16 -12 19 24 -15 -14 -11 18 -6 -5 -21 28 -2 -24 25 -3 -26 -28 -1 -30
right_child=3 13 4 12 17 7 -8 -9 9 10 11 -13 15 14 -16 -17 -18 -19 -20 20 -22 -23 23 -25 26 -27 27 -29 29 -31
leaf_value=-0.026635358183742203 -0.028757847497259476 -0.16506289501618526 0.0045048006135224887 -0.01328851747953887 -0.01619550841112331 -0.00173950525855671 -0.0072889549115372669 0.013060905341242669 -0.034375170878811138 -0.035230683950682504 -0.061521080398176442 0.10921291356702341 -0.014856360438607505 0.043297647018845614 -0.075567614738328681 0.030977045108460829 -0.0084178191534529032 -0.013733187121985383 0.028563739929526395 0.0080086245360433198 -0.033317131614949751 -0.026857875642621949 -0.0092918215066753115 -0.024229636825337224 0.022168393316322612 0.020886958485905972 -0.011368862620874746 0.029959823694156503 0.030303457324447371 -0.020797335755581504
leaf_weight=311.74063974618912 4977.5059213452041 10.455119004473092 4103.5257446467876 3873.2870389968157 396.13113668188453 4331.9793310463428 40960.80612872541 3577.8752217665315 660.98528927564621 351.98540825396776 20.784971356391907 100.42227698117495 162.62150246649981 494.0037078987807 18.685945369303226 348.87884709052742 2519.7412098273635 10016.23671618849 323.21024240553379 898.00171891413629 133.69470450654626 2401.7605678476393 1005.4960931800306 2566.5071607641876 1019.3113078586757 10.752452231943606 372.71060906350613 170.15079943835735 205.81343326717615 295.94142916798592
leaf_count=2627 101907 58 24449 34786 5471 27070 408292 23246 9137 4095 140 662 1030 451 91 1706 32043 126172 2090 5094 809 45853 17409 46470 2635 27 1265 393 1521 5185
internal_value=-0.00817246 -0.00588826 -0.00669924 -0.0171202 -0.00589579 -0.00454714 -0.00621502 0.00495518 -0.0214132 -0.0127655 -0.00799307 0.079935 -0.00744792 0.0200055 0.0389654 0.0164052 -0.0117043 -0.0125506 0.00391545 -0.00993537 0.00265333 -0.0226195 -0.0251091 -0.0200247 0.0138664 -0.0707844 0.0150156 0.00158492 -0.0101061 0.000163557
internal_weight=86641 69021.1 66925 17619.9 63709.8 52974.2 45064.3 7909.85 12203.4 3653.92 2992.93 121.207 5416.48 2096.07 512.69 511.5 2871.73 10735.6 719.341 4904.98 1031.7 3215.26 8549.51 3572 1583.38 21.2076 1562.17 542.861 813.496 501.755
internal_count=932184 676896 671976 255288 616790 483057 432741 50316 211863 46077 36940 802 43425 4920 542 2736 36138 133733 7561 40689 5903 55186 165786 63879 4378 85 4293 1658 9333 6706
is_linear=0
shrinkage=0.05


Tree=65
num_leaves=31
num_cat=0
split_feature=3 18 3 2 2 2 2 2 34 27 27 2 17 2 2 3 2 2 2 27 56 2 34 2 28 2 2 18 11 38
split_gain=656.923 539.173 311.946 492.302 1163.58 552.463 964.367 340.571 283.917 268.866 225.687 137.187 137.102 128.252 349.373 166.873 124.265 490.9 227.682 118.541 103.673 112.388 81.988 73.0312 72.2931 68.8225 85.1504 131.454 66.1245 65.333
threshold=0.008200000040233137 22.914999961853031 0.0014500000397674742 0.2973999977111817 0.19389999657869342 0.43085001409053808 0.61945000290870678 1.0000000180025095e-35 0.48363198339939123 3.1691240072250371 42.885154724121101 0.42990000545978552 9.5850000381469744 0.62525001168251049 0.51014998555183422 0.0092000002041459101 0.22000000625848773 0.24710000306367877 0.20940000563859942 0.17350862920284274 6.5000000000000009 0.00530000007711351 1.0840406417846682 0.43085001409053808 0.034999999217689044 0.0043500000610947618 1.0000000180025095e-35 165.75000000000003 -0.25000000000000006 0.78769567608833324
decision_type=2 10 2 2 2 2 2 2 8 10 8 2 8 2 2 2 2 2 2 8 2 2 10 2 10 2 2 10 2 10
left_child=1 2 3 4 7 11 -7 -1 -4 12 28 -5 22 14 23 -16 18 -18 -10 -6 21 -11 -2 -14 -24 26 -12 -28 -3 -30
right_child=9 10 8 5 19 6 -8 -9 16 20 25 -13 13 -15 15 -17 17 -19 -20 -21 -22 -23 24 -25 -26 -27 27 -29 29 -31
leaf_value=-0.012662736348003771 -0.028533808850269529 0.00064818798918035183 -0.023263680693655159 -0.024334168612115056 0.0077517748884512946 0.030417247384287513 -0.007729571849560384 0.01129202504989771 -0.0098449599859935823 -0.022116641831196698 0.009583909973907118 -0.056139270801716483 -0.0099744266057388373 -0.033650564842760189 -0.060580914984391665 0.09728759528635951 0.035587270064725673 -0.006989947261771364 -0.038829657491950498 0.073570050666502518 0.0077850793653908741 -0.003815080310773611 -0.0011526622806963373 -0.034169756142711005 -0.021329407238710546 0.038594956086878379 -0.01019445181429576 -0.38638554402042452 0.027294475138526803 0.0059598106346490211
leaf_weight=2519.0353444032371 4583.2877586297691 2759.8161155842245 3606.4307449609041 1800.4423282369971 75.998834490776062 1841.2895698100328 16533.998252339661 3610.3011905066669 19743.606934200972 1290.2521512359381 78.306899076327682 417.70641747862101 3180.4291607402265 642.35641138255596 19.874009720981121 106.12432304769754 720.52444893121719 11202.857356842607 701.61161149293184 685.05630974471569 1021.0828391257674 2397.7146403118968 513.83849103376269 345.78704672306776 3264.0801491849124 748.74447487853467 6.5003779977560026 3.6128193642944098 554.99223013967276 1015.2991039566696
leaf_count=30800 96874 11836 64667 14186 528 10542 159702 23073 226197 12245 202 3394 42669 9140 140 661 5891 106923 6445 3843 5205 18364 6903 4157 58930 1574 37 34 1192 5830
internal_value=-0.00782601 -0.00562769 -0.00689235 -0.0028816 0.00868724 -0.00675243 -0.00390708 0.00144709 -0.00995644 -0.0165138 0.00990351 -0.0303235 -0.0203089 -0.0130475 -0.00942382 0.0723866 -0.00847378 -0.00441703 -0.0108396 0.0669974 -0.00631429 -0.010218 -0.0240386 -0.0123471 -0.0185851 0.0336685 -0.00804933 -0.144584 0.0053089 0.0135002
internal_weight=85991 68626.1 63458.9 27483.8 6890.39 20593.4 18375.3 6129.34 35975 17364.8 5167.27 2218.15 12655.8 4294.57 3652.21 125.998 32368.6 11923.4 20445.2 761.055 4709.05 3687.97 8361.21 3526.22 3777.92 837.165 88.4201 10.1132 4330.11 1570.29
internal_count=932184 676896 656191 246068 58244 187824 170244 53873 410123 255288 20705 17580 219474 56767 47627 801 345456 112814 232642 4371 35814 30609 162707 46826 65833 1847 273 71 18858 7022
is_linear=0
shrinkage=0.05


Tree=66
num_leaves=31
num_cat=0
split_feature=3 18 32 32 28 27 1 1 3 59 17 1 2 3 1 59 1 1 3 50 43 32 2 3 3 34 48 28 1 3
split_gain=608.382 502.121 306.057 262.905 218.561 348.765 235.203 305.27 169.495 148.045 142.586 135.151 296.723 143.02 114.612 85.2843 85.0192 79.6716 76.9979 74.3074 73.1774 65.3157 63.899 95.9127 81.2431 64.9938 59.6165 59.0352 65.208 58.4915
threshold=0.008200000040233137 72.846668243408217 0.16125828772783282 3.102707147598267 0.074999999254941954 0.99766695499420177 0.99369999766349804 0.9212000072002412 0.0043500000610947618 0.18231263011693957 11.305000305175783 0.37475000321865087 0.51014998555183422 0.0092000002041459101 0.79835000634193432 0.70737171173095714 0.68810001015663158 0.57009997963905346 0.0014500000397674742 0.7325379252433778 9.9872846603393572 2.3377321958541875 0.19680000096559527 0.045949999243021018 0.047900000587105758 0.28078879415988928 267.50000000000006 0.36500000953674322 0.88250002264976513 1.0000000180025095e-35
decision_type=2 10 8 10 8 10 2 2 2 10 8 2 2 2 2 8 2 2 2 10 10 10 2 2 2 10 2 10 2 2
left_child=1 2 18 10 5 21 7 -6 -8 -7 22 -12 17 -14 16 29 -5 -13 27 -16 -21 -4 25 -24 -25 -2 -20 28 -1 -3
right_child=3 15 4 14 6 9 8 -9 -10 -11 11 12 13 -15 19 -17 -18 -19 26 20 -22 -23 23 24 -26 -27 -28 -29 -30 -31
leaf_value=-0.021125146571078373 -0.031923829934345664 -0.085081215449432118 -0.015937580491027021 -0.013956930228911974 -0.0059351591691075211 0.026509398527172674 -0.0071950974272961795 0.0067201116677037031 -0.019257540078521859 0.0037710019518586214 -0.032908984894916012 -0.033705426044764626 -0.060249133349827302 0.087307141995268858 -0.012313809833107134 0.03566778559348447 0.030039593607453625 -0.007655494894105358 -0.020288161781170839 0.0078973400954328917 -0.031977864669162678 0.010626950417720528 -0.014746868150038454 0.24426589674697985 0.036287617779790289 -0.021930868848810355 -0.037756588130428245 -0.047091614350143224 0.0072814013526548279 0.014012810397555928
leaf_weight=330.70864998549223 2463.8511264547706 15.129507394507526 1551.5786102451384 161.56559104658663 40965.642726060003 1544.5382394567132 6825.2957089059055 5392.4557898752391 5079.5959479287267 1334.1878722384572 624.0420567728579 332.84652093797922 19.211275041103363 113.0981068983674 3822.8517760559916 672.22171008400619 342.74104031175375 2483.8904410116374 2068.7262879945338 900.58175597339869 131.90893551334739 271.95214052125812 894.95161061733961 5.4761105813086024 32.944420501589775 4791.3704078868032 639.38441758230329 86.667059376835823 519.18719321116805 946.49886534549296
leaf_count=2778 54846 55 19187 1030 373459 10887 73792 50789 72564 8619 9137 4095 140 662 34809 1012 1676 32043 39009 5101 809 1608 14747 60 285 95848 13043 973 6704 2417
internal_value=-0.00749404 -0.0053798 -0.0060515 -0.0159212 -0.00523608 0.0051332 -0.00607296 -0.00446308 -0.0123419 0.015971 -0.0201037 -0.0117696 -0.00729637 0.065882 -0.00674279 0.0220048 0.0159444 -0.0107337 -0.0201386 -0.00909922 0.00280296 -0.0119759 -0.0237402 -0.0114259 0.0659309 -0.0253244 -0.0244125 -0.00778074 -0.00377206 0.0124537
internal_weight=85365.1 68243.8 66609.9 17121.3 62965.2 4702.26 58263 46358.1 11904.9 2878.73 11761.7 3573.09 2949.05 132.309 5359.65 1633.85 504.307 2816.74 3644.67 4855.34 1032.49 1823.53 8188.59 933.372 38.4205 7255.22 2708.11 936.563 849.896 961.628
internal_count=932184 676896 673412 255288 610905 40301 570604 424248 146356 19506 211863 46077 36940 802 43425 3484 2706 36138 62507 40719 5910 20795 165786 15092 345 150694 52052 10455 9482 2472
is_linear=0
shrinkage=0.05


Tree=67
num_leaves=31
num_cat=0
split_feature=3 18 3 1 1 1 1 1 32 32 32 30 3 2 1 1 1 3 3 1 1 3 1 50 39 11 48 38 1 1
split_gain=563.472 462.782 282.134 448.285 1033.75 534.597 883.062 305.804 247.514 243.538 206.581 135.723 130.737 127.963 464.478 222.866 126.677 138.436 120.131 103.73 97.9452 88.7189 76.4174 67.711 67.2287 66.9167 65.0571 62.9222 60.4225 55.6723
threshold=0.008200000040233137 22.914999961853031 0.0014500000397674742 0.69680002331733715 0.8050999939441682 0.56915000081062328 0.45404998958110815 0.99950000643730175 3.102707147598267 0.28114750981330877 54.374597549438484 12.66249990463257 1.0000000180025095e-35 0.22000000625848773 0.57690000534057628 0.79060000181198131 0.81769999861717235 0.043999999761581428 1.0000000180025095e-35 0.79835000634193432 0.37475000321865087 0.071100000292062773 0.68810001015663158 0.7325379252433778 1.8763591647148135 -0.25000000000000006 267.50000000000006 0.78769567608833324 0.99564999341964733 0.99950000643730175
decision_type=2 10 2 2 2 2 2 2 10 8 8 10 2 2 2 2 2 2 2 2 2 2 2 10 10 2 2 10 2 2
left_child=1 2 3 5 18 6 -1 -6 11 26 25 16 -7 15 -15 -11 17 20 -5 22 -2 -19 -10 -21 -25 29 -4 -27 -12 -3
right_child=8 10 9 4 7 12 -8 -9 19 13 28 -13 -14 14 -16 -17 -18 21 -20 23 -22 -23 -24 24 -26 27 -28 -29 -30 -31
leaf_value=-0.0061695723719894695 -0.032117202240260358 0.0048561921323728718 -0.019012923948196231 0.012241867438699599 0.010786151782569317 0.010615649032978859 0.041002397164727422 -0.011984706167466132 -0.013317540335619714 -0.038306571736361539 0.035140618234505046 0.00049490593475387957 -0.033575438600946562 -0.010288794894293088 0.011342499175975074 -0.0093890680745800353 -0.024285407618991051 0.070125343922856617 0.069629094214361045 -0.011778119408593508 -0.0094428980511741395 -0.040426145179427636 0.028430398677331544 0.006752759885576002 -0.037104913969668862 0.027228921368146732 -0.037129453386881214 0.0057830647164885205 -0.0074919832412863657 -0.010566080797808054
leaf_weight=17180.183349736035 602.64263911172748 1797.1037431508303 2497.4175300262868 105.03357838094234 3626.1602007225156 182.94199182093143 1052.9214913398027 2484.7565084509552 160.87452925741673 689.45291697606444 823.24491518177092 793.73484051972628 1965.9061604067683 8318.822229616344 3536.7057810463011 19831.452564094216 7781.9858281202614 79.333196964114904 692.07476496696472 3797.5479539968073 2271.2743896394968 23.530723124742508 344.00048819556832 936.45121082663536 96.370436444878578 512.90760752186179 618.21554130315781 1026.5910925865173 92.442878950387239 867.71474386379123
leaf_count=163988 9121 6522 46434 597 23073 1421 6256 30800 1030 6529 2131 9050 16082 82420 30613 231084 161222 593 3851 34809 31727 150 1676 5203 707 962 13043 5861 294 4935
internal_value=-0.00717105 -0.00513832 -0.00631711 -0.00249464 0.00851294 -0.00622542 -0.0034455 0.00152731 -0.0153442 -0.00925622 0.00931606 -0.0194578 -0.0298132 -0.00797138 -0.00383581 -0.0103606 -0.0209298 -0.0121576 0.0620673 -0.00643692 -0.0141976 0.044836 0.0151277 -0.00869088 0.00266049 0.00462893 -0.0226077 0.0129281 0.0308367 -0.000165588
internal_weight=84789.8 67902 62782 27290 6908.03 20382 18233.1 6110.92 16887.7 35492.1 5120 11552.5 2148.85 32376.4 11855.5 20520.9 10758.8 2976.78 797.108 5335.24 2873.92 102.864 504.875 4830.37 1032.82 4204.32 3115.63 1539.5 915.688 2664.82
internal_count=932184 676896 656191 246068 58321 187747 170244 53873 255288 410123 20705 211863 17503 350646 113033 237613 202813 41591 4448 43425 40848 743 2706 40719 5910 18280 59477 6823 2425 11457
is_linear=0
shrinkage=0.05


Tree=68
num_leaves=31
num_cat=0
split_feature=3 31 3 1 2 2 1 1 32 33 31 17 38 2 1 2 1 1 3 1 2 26 46 49 49 38 1 5 1 3
split_gain=520.801 438.699 253.123 379.772 913.925 489.284 1148.58 350.143 232.496 228.754 147.939 131.48 129.097 131.51 121.74 265.476 102.96 94.0784 87.3294 81.8245 81.2441 79.6743 78.4053 103.3 81.7622 77.5047 64.7391 62.0856 60.6866 75.3193
threshold=0.008200000040233137 21.525000572204593 0.0014500000397674742 0.69680002331733715 0.19099999964237216 0.44535000622272497 0.45404998958110815 0.87380000948905956 3.102707147598267 0.3184999972581864 143.80341339111331 11.305000305175783 0.59934896230697643 0.22000000625848773 0.37475000321865087 0.58559998869895946 0.72194999456405651 0.8050999939441682 0.0092000002041459101 0.50725001096725475 0.39120000600814825 1.1588333249092104 1.5000000000000002 0.025593177415430549 0.13501940667629245 0.85155966877937328 0.68810001015663158 27.500000000000004 0.94920000433921825 0.045949999243021018
decision_type=2 10 2 2 2 2 2 2 10 8 10 8 8 2 2 2 2 2 2 2 2 10 2 10 8 10 2 2 2 2
left_child=1 2 3 5 7 20 -7 -5 11 -4 22 28 21 -14 -13 19 -6 26 -17 -16 -1 -11 23 -3 -25 -12 -10 -19 29 -2
right_child=8 10 9 4 16 6 -8 -9 17 12 25 14 13 -15 15 18 -18 27 -20 -21 -22 -23 -24 24 -26 -27 -28 -29 -30 -31
leaf_value=-0.017937731457766542 -0.018049450379337414 -0.050046687612320263 -0.023208588473152866 -0.023482150538071761 0.1003110093141661 -0.0058747814987547275 0.053933867607019625 0.0066796818801332248 -0.012704773972042026 -0.010859003187653676 0.038833448437742474 -0.031447203753295454 -0.01129771908040513 -0.0044948019947979893 0.032388874581639818 -0.061267092651938831 0.048360752375670474 -0.0044298797195690184 0.14650287495931352 -0.010133310335989675 -0.036502908719292751 0.0081241683688929502 0.035147209689351207 0.013033139353635832 -0.0016308102555599646 0.0090444841726565334 0.025346093192589077 -0.016619889787216909 -0.025696384738096347 0.027626527244919166
leaf_weight=1168.830911397934 2731.9627966172993 87.639977302402258 2573.1082697398961 1203.1015094295144 108.39033736288548 17114.622744351625 842.24393884092569 4805.6704103723168 160.21920428238809 772.82310421764851 566.51273875311017 590.3447292894125 18393.735469188541 11574.327225849032 117.99981336295605 5.8711578845977774 794.24347554147243 3239.8703787010163 36.493040382862091 2743.454661462456 1188.5184903293848 1940.9467168673873 207.73012533038855 1703.5755120739341 2150.6144732870162 355.29349062778056 369.76522627100348 1541.5210665687919 5035.1282190643251 93.338465426117182
leaf_count=9618 49601 568 50481 8352 584 164056 4540 45086 1030 8445 329 9137 227120 112529 803 41 4324 27672 195 35901 9717 12080 397 7917 9669 1084 1806 12917 115179 1006
internal_value=-0.0068631 -0.00491011 -0.00605806 -0.0024366 0.00768757 -0.00588109 -0.00306953 0.000640553 -0.0147791 -0.00885474 0.00923298 -0.0188182 -0.00772463 -0.00867028 -0.0107483 -0.00654027 0.0545991 -0.00614447 0.117709 -0.00837979 -0.0272978 0.00271817 0.00520796 0.00363019 0.00485075 0.0273518 0.013843 -0.00835994 -0.0224054 -0.0165405
internal_weight=84217.9 67551.9 62480.6 27225.6 6911.41 20314.2 17956.9 6008.77 16666 35254.9 5071.37 11354.6 32681.8 29968.1 3494.16 2903.82 902.634 5311.38 42.3642 2861.45 2357.35 2713.77 4149.56 3941.83 3854.19 921.806 529.984 4781.39 7860.43 2825.3
internal_count=932184 676896 656932 246277 58346 187931 168596 53438 255288 410655 19964 211863 360174 339649 46077 36940 4908 43425 236 36704 19335 20525 18551 18154 17586 1413 2836 40589 165786 50607
is_linear=0
shrinkage=0.05


Tree=69
num_leaves=31
num_cat=0
split_feature=55 3 29 2 2 2 3 2 2 2 28 21 2 55 3 39 3 3 3 12 2 2 2 3 2 2 30 3 2 2
split_gain=483.855 526.854 218.01 215.394 308.721 1373.52 861.938 531.187 891.202 185.275 144.107 159.571 155.79 141.591 102.894 87.5165 78.1329 71.6946 79.4463 71.4725 68.3135 108.572 100.173 121.04 91.357 83.7301 60.1477 58.6038 56.6707 47.3288
threshold=6.0023798942565927 0.00530000007711351 2.2549999952316289 1.0000000180025095e-35 0.079800002276897444 0.040150001645088203 0.0023999999975785617 0.084600001573562636 0.094300001859664931 0.076899997889995589 1.0000000180025095e-35 11.045000076293947 0.18620000034570697 48.773323059082038 0.0043500000610947618 1.9773815870285036 0.04110000096261502 0.0043500000610947618 0.0023999999975785617 1.0000000180025095e-35 0.48209999501705175 0.39120000600814825 0.18329999595880511 1.0000000180025095e-35 0.12619999796152118 0.3960499912500382 5.6899998188018808 0.015949999913573269 0.46954999864101415 0.030449999496340755
decision_type=2 2 8 2 2 2 2 2 2 2 8 10 2 2 2 10 2 2 2 2 2 2 2 2 2 2 10 2 2 2
left_child=1 3 -3 17 5 6 -5 14 -9 -7 16 12 -12 20 -6 29 27 18 26 -13 21 22 24 -24 -2 -23 -1 -4 -27 -15
right_child=13 2 10 4 7 9 -8 8 -10 -11 11 19 -14 15 -16 -17 -18 -19 -20 -21 -22 25 23 -25 -26 28 -28 -29 -30 -31
leaf_value=-0.0088360244565072171 0.0039817179147873596 -0.025816526875899349 0.006382418847314786 0.026675787586160918 -0.043108331961083733 0.05691254228136923 -0.016637717881285392 0.09711617348147028 -0.0047782564579571174 0.15814545155970397 -0.018063412408832441 -0.007962225264160858 -0.0074254496170312176 0.015320041321330153 0.050729828184500669 -0.084110078957720671 0.10436807441404722 -0.021814376848557346 -0.0039317572552569954 0.0081484116540179157 0.057544727716858382 -0.095164416614834227 -0.081403595140295895 0.026084274698397483 -0.019167936533757198 0.0045228531275315759 -0.022127160912123342 -0.01631225048340456 -0.094428052496717083 0.03941076360480044
leaf_weight=1780.3937065303326 4267.5855845231563 3222.6258933097124 1250.1200849376619 1670.616533331573 1011.0776750408113 909.17501639202237 3675.8996788710356 215.84524041414261 36985.265373535454 47.561932168900967 11883.038514733315 2093.1691878959537 4844.7818402163684 383.35651746951044 30.081859070807695 17.743095152080059 18.569174747914076 1618.8853388801217 2897.8999996110797 1025.791616782546 58.317957296967506 46.244064263999462 27.248983539640903 674.51105759292841 473.46166723594069 79.657486662268639 1630.9738606289029 368.25168658420444 17.681511662900448 435.46247248165309
leaf_count=24510 16245 77481 13495 11899 9976 5587 38877 1760 339370 302 207367 19222 59650 553 349 98 164 27471 39289 10019 82 214 114 1663 1806 193 19623 4412 83 310
internal_value=-0.00656716 -0.00766906 -0.0136895 -0.00483443 -0.00348298 0.00676977 -0.00310362 -0.00517288 -0.00418705 0.0619451 -0.0118704 -0.0130465 -0.0149824 0.00655448 -0.0403971 0.0257513 0.00238848 -0.0124278 -0.0100193 -0.00266362 0.00370945 0.00314745 0.00427959 0.0219106 0.00166989 -0.0397689 -0.0151905 0.00121837 -0.0134515 0.0281319
internal_weight=83661.3 77180 24706.3 52473.7 44545.5 6303.25 5346.52 38242.3 37201.1 956.737 21483.7 19846.8 16727.8 6481.27 1041.16 836.562 1636.94 7928.15 6309.27 3118.96 5644.71 5586.39 5442.81 701.76 4741.05 143.583 3411.37 1618.37 97.339 818.819
internal_count=932184 910823 391810 519013 408120 56665 50776 351455 341130 5889 314329 296258 267017 21361 10325 961 18071 110893 83422 29241 20400 20318 19828 1777 18051 490 44133 17907 276 863
is_linear=0
shrinkage=0.05


Tree=70
num_leaves=31
num_cat=0
split_feature=3 31 27 32 1 1 1 53 17 1 1 3 1 3 28 3 1 1 1 1 3 1 1 3 3 1 1 1 3 52
split_gain=459.074 373.663 235.075 204.32 198.101 286.341 1867.06 135.9 121.479 118.023 228.911 121.933 92.3984 199.453 146.408 89.5794 126.866 85.4795 81.2795 100.052 77.9367 92.4529 119.063 77.4515 72.7205 71.0736 70.9155 69.9473 67.0302 65.9763
threshold=0.008200000040233137 21.525000572204593 0.13174950331449511 2.5302191972732548 0.28869999945163732 0.29449999332427984 0.33124999701976782 0.0095530878752470034 11.305000305175783 0.37475000321865087 0.48499999940395361 0.0092000002041459101 0.99469998478889476 0.026600000448524955 16.275000572204593 0.017900000326335434 0.76065000891685497 0.68810001015663158 0.27419999241828924 0.26935000717639929 0.0043500000610947618 0.8128499984741212 0.87280002236366283 0.0033999999286606912 1.0000000180025095e-35 0.54399999976158153 0.57009997963905346 0.6329999864101411 0.028500000014901165 318.50000000000006
decision_type=2 10 8 10 2 2 2 10 8 2 2 2 2 2 10 2 2 2 2 2 2 2 2 2 2 2 2 2 2 2
left_child=1 2 29 8 18 23 -7 -3 -2 -10 11 -11 15 -14 28 -5 17 -17 19 -4 24 -22 -23 -6 25 -9 -12 -26 -15 -1
right_child=3 7 4 12 5 6 -8 20 9 10 26 -13 13 14 -16 16 -18 -19 -20 -21 21 22 -24 -25 27 -27 -28 -29 -30 -31
leaf_value=-0.014355577285652494 -0.021752929755128735 0.038796214716006278 0.0030083751204623608 0.0036698500527769136 -0.010101410260922974 0.13316128929593288 -0.0040408965888353559 0.038110730856492643 -0.03054148677413417 -0.059481140699383962 -0.030456634810135753 0.079994879712406028 -0.017913200132438255 0.15458959990199281 -0.077496970683624919 -0.0048907998739231157 -0.016320195130311892 0.082315879770793229 0.013020047550742767 -0.031037959788296043 0.031132263879572894 -0.051109260670473111 -0.0017089948323303563 -0.022870778658842492 -0.014315206996372551 -0.063633487924613555 -0.0054808434581309915 0.015049133955517286 0.045423254116683583 -0.031810476205505249
leaf_weight=3449.7737651802599 7079.6069233231246 348.51045367121696 1765.5185289978981 2514.0976538620889 14535.397544160485 249.60154271125793 37619.600752469152 24.066708222031593 570.90345748513937 18.300094462931156 327.87610582634807 109.02075413614511 2016.9779264256358 30.048719700425863 13.92727844789624 55.818826727569103 1322.7335723042488 56.585412487387657 2035.1208995059133 245.83410649001598 188.47742134705186 133.42152412422001 1421.2711496055126 1293.1375343576074 219.82453027367592 59.848325273022056 2134.1820508241653 2618.8106966260821 26.429363038390875 642.1390684992075
leaf_count=56453 156943 347 11523 21713 161040 2529 384112 73 9137 140 4145 593 21179 103 93 428 11994 294 11324 1606 544 799 6888 15246 823 274 28275 10216 251 13099
internal_value=-0.00628281 -0.00444936 -0.00551384 -0.0138131 -0.00469318 -0.00549712 -0.00313658 0.00867799 -0.0181144 -0.00996328 -0.00542622 0.0599477 -0.00651692 -0.0150256 0.0676995 -0.00201964 -0.0119866 0.0390099 0.00597521 -0.00115288 0.00642828 -0.00193916 -0.00594846 -0.0111446 0.0114191 -0.0344534 -0.00880691 0.0127752 0.103504 -0.0170948
internal_weight=83126.9 66850.4 61836.1 16276.5 57744.2 53697.7 37869.2 5014.23 10239.9 3160.28 2589.38 127.321 6036.62 2087.38 70.4054 3949.24 1435.14 112.404 4046.47 2011.35 4665.72 1743.17 1554.69 15828.5 2922.55 83.915 2462.06 2838.64 56.4781 4091.91
internal_count=932184 676896 656932 255288 587380 562927 386641 19964 199233 42290 33153 733 56055 21626 447 34429 12716 722 24453 13129 19617 8231 7687 176286 11386 347 32420 11039 354 69552
is_linear=0
shrinkage=0.05


Tree=71
num_leaves=31
num_cat=0
split_feature=3 29 34 1 1 1 2 46 27 53 30 3 1 3 3 39 1 1 3 3 1 3 1 1 1 1 1 1 2 3
split_gain=427.108 403.179 321.845 203.584 251.822 1019.95 436.094 153.486 178.298 113.691 103.834 112.005 156.335 166.955 102.22 84.6051 77.6021 77.2018 75.5061 69.9039 55.105 246.816 153.335 129.121 106.121 59.9535 55.07 107.03 66.0791 53.0428
threshold=0.013050000183284284 85.405002593994155 0.24287290126085284 0.99469998478889476 0.37475000321865087 0.51790001988410961 0.64750000834465038 13.500000000000002 1.3667826652526858 0.40711022913455969 16.017499923706058 0.043999999761581428 0.74224999547004711 0.055600000545382507 0.0043500000610947618 1.680396616458893 0.99469998478889476 0.69295001029968273 0.0014500000397674742 1.0000000180025095e-35 0.98789998888969432 0.025600000284612182 0.93955001235008251 0.91249999403953563 0.99564999341964733 0.98115000128746044 0.88250002264976513 0.99950000643730175 0.46954999864101415 0.0043500000610947618
decision_type=2 10 8 2 2 2 2 2 10 10 10 2 2 2 2 10 2 2 2 2 2 2 2 2 2 2 2 2 2 2
left_child=1 2 18 4 6 -6 -4 14 -9 15 11 20 13 17 -5 -3 -12 -13 26 -11 22 -22 23 -2 -23 -24 28 -28 -1 -21
right_child=10 9 3 7 5 -7 -8 8 -10 19 16 12 -14 -15 -16 -17 -18 -19 -20 29 21 24 25 -25 -26 -27 27 -29 -30 -31
leaf_value=-0.028087155154350254 -0.020109284501480515 0.04010928734359176 -0.035124614498305028 -0.006895843136466984 0.031527069706781131 -0.0028970754552601905 -0.0055270629807178976 -0.01207087653704636 0.028813388388838269 -0.08894503552315583 0.0015420195815109502 0.22152668756317473 -0.010348180910955436 0.0034591800987102991 -0.015551173610239947 -0.025826672431270493 -0.027798324169615807 0.072764795906284749 -0.023562052022106709 0.018227889902567178 -0.019424678891685032 0.0072924006709067183 -0.040614584022533901 0.011783574521975636 0.078663238706896593 -0.020139339799371804 0.026980463051996851 -0.01691674168359427 0.076902598917462428 0.00082792097245234792
leaf_weight=315.70183463394642 2808.0793412514031 548.09055529162288 1323.6148470491171 6709.6327711232007 2326.1454448625445 28703.05375720188 20831.438855078071 532.6585032902658 534.02374712005258 17.992702502757311 1144.0775671321899 18.979864060878754 211.34490955621004 39.648554135113955 6939.0192741900682 53.390148393809795 280.64561871439219 16.135904502123594 2894.1956765055656 938.92882314510643 1722.0647129304707 122.60305014625192 1275.1506108529866 357.79361515119672 90.550116028636694 496.80802071094513 249.92504236847162 312.46482926979661 15.733747661113737 820.96108843199909
leaf_count=2816 43864 577 14122 75334 13493 278301 212831 7793 3072 85 7287 107 2716 242 107803 195 2321 127 65826 2608 34874 2321 25846 5651 1404 10366 1758 5729 90 2625
internal_value=-0.00600661 -0.004783 -0.00545507 -0.00466376 -0.00322363 -0.000316423 -0.00729532 -0.00986869 0.00839742 0.0154658 -0.0165647 -0.0190179 0.0116347 0.0737761 -0.0112962 0.0342565 -0.00423752 0.15317 -0.0196391 0.0091086 -0.0202939 -0.0131425 -0.0230967 -0.0165049 0.0376116 -0.0348739 -0.00693647 0.0025911 -0.0231031 0.0101111
internal_weight=82650.9 74067 71687.6 67899.6 53184.3 31029.2 22155.1 14715.3 1066.68 2379.36 8583.88 7159.16 286.109 74.7643 13648.7 601.481 1424.72 35.1158 3788.02 1777.88 6873.05 1935.22 4937.83 3165.87 213.153 1771.96 893.825 562.39 331.436 1759.89
internal_count=932184 795058 788968 712749 518747 291794 226953 194002 10865 6090 137126 127518 3192 476 183137 772 9608 234 76219 5318 124326 38599 85727 49515 3725 36212 10393 7487 2906 5233
is_linear=0
shrinkage=0.05


Tree=72
num_leaves=31
num_cat=0
split_feature=55 3 1 2 1 1 2 2 29 1 1 1 28 2 1 1 39 1 2 3 1 55 59 1 39 34 1 2 2 3
split_gain=405.46 440.826 335.958 815.044 456.782 704.307 452.569 320.417 309.37 268.396 629.466 493.761 221.873 235.669 343.004 241.271 145.525 137.94 298.215 136.06 221.15 121.153 94.4836 85.0382 78.6529 63.6854 62.6303 96.7468 87.3798 103.13
threshold=5.8109831809997567 0.0014500000397674742 0.69680002331733715 0.19099999964237216 0.56915000081062328 0.45404998958110815 0.48019999265670782 0.70745000243186962 2.2549999952316289 0.87380000948905956 0.99950000643730175 0.86895000934600841 0.014999999664723875 0.18329999595880511 0.57690000534057628 0.87185001373291027 1.9773815870285036 0.57009997963905346 0.3960499912500382 1.0000000180025095e-35 0.72194999456405651 48.773323059082038 0.34136170148849493 0.76065000891685497 1.9773815870285036 1.1873698830604555 0.51790001988410961 0.39120000600814825 0.18329999595880511 1.0000000180025095e-35
decision_type=2 2 2 2 2 2 2 2 8 2 2 2 8 2 2 2 10 2 2 2 2 2 8 2 10 10 2 2 2 2
left_child=1 2 4 9 5 7 -7 -1 25 11 -11 -4 16 15 -15 -14 22 -6 -19 23 -21 26 -10 -5 -23 -3 -2 28 -28 -30
right_child=21 8 3 19 17 6 -8 -9 12 10 -12 -13 13 14 -16 -17 -18 18 -20 20 -22 24 -24 -25 -26 -27 27 -29 29 -31
leaf_value=-0.0086263857297093228 0.055395156517212968 -0.022201300462695344 0.0070741880105590765 -0.014832641140758255 -0.054532883999753347 0.01343401216148641 0.081122375812265973 0.0078795609838295307 0.016982781662607232 0.024495749226645776 -0.011624816328818306 -0.057623431086624349 -0.023731421176333839 -0.010370899800706927 0.0048743917827625532 -0.010040798035973821 -0.021049462969063258 -0.026931920131820965 0.053605983588966725 0.13882342973156472 0.05006559176300962 0.026790969739032722 -0.0038752689819798059 0.1321122848501961 -0.081335943410683398 -0.0040139774658856089 0.0017918834190440735 -0.036892091958632293 -0.073964593061571826 0.024413589202073708
leaf_weight=13038.718512699008 57.922335237264633 5208.2104502059519 706.66929300874472 100.43440863490105 375.98494881391525 729.81941003352404 373.22999314963818 3796.226376965642 1626.8739851713181 2405.8841482773423 2418.7720445990562 506.11251205950975 3805.0768220759928 9210.8117254674435 6154.9316895864904 20861.047091946006 445.61441617831588 1579.90213316679 123.95758451521397 77.538186550140381 739.54318787157536 780.50995100662112 814.88973191380501 10.915742516517637 17.188891604542732 530.34205771610141 4826.5045747067779 147.03096425533295 27.721371479332447 682.63120432384312
leaf_count=139851 84 115159 4818 562 3403 4701 1676 24243 15955 14650 31169 3822 47861 98116 61903 302155 4809 13321 1024 402 4021 863 8294 63 98 7813 18981 513 116 1738
internal_value=-0.00574206 -0.0067747 -0.00164906 0.00780857 -0.00494015 -0.00236831 0.0363372 -0.00490435 -0.00961719 0.00110168 0.00638722 -0.0199251 -0.00815935 -0.00912484 -0.00426422 -0.0121528 0.00522654 -0.0271215 -0.0210727 0.0514224 0.0584884 0.00620238 0.0100218 -0.000427515 0.024461 -0.0205205 0.00366573 0.00313858 0.00420159 0.0205744
internal_weight=82181 75641.5 26983.7 6965.87 20017.8 17938 1103.05 16834.9 48657.8 6037.44 4824.66 1212.78 42919.2 40031.9 15365.7 24666.1 2887.38 2079.84 1703.86 928.432 817.081 6539.51 2441.76 111.35 797.699 5738.55 5741.81 5683.89 5536.86 710.353
internal_count=932184 909791 247726 59507 188219 170471 6377 164094 662065 54459 45819 8640 539093 510035 160019 350016 29058 17748 14345 5048 4423 22393 24249 625 961 122972 21432 21348 20835 1854
is_linear=0
shrinkage=0.05


Tree=73
num_leaves=31
num_cat=0
split_feature=28 3 1 1 1 1 1 3 34 1 1 1 3 28 32 1 38 1 1 1 30 1 3 1 1 1 3 3 1 1
split_gain=393.418 453.052 350.501 682.78 443.172 636.188 343.46 309.883 265.896 221.335 524.136 476.686 205.984 192.632 228.454 179.878 158.913 134.745 199.77 122.257 108.987 100.467 85.3968 150.078 71.1432 227.021 107.666 96.1565 80.6938 71.1269
threshold=10.694999694824221 0.0014500000397674742 0.69680002331733715 0.8050999939441682 0.56915000081062328 0.45404998958110815 0.51884999871253978 1.0000000180025095e-35 0.50066840648651134 0.87380000948905956 0.99950000643730175 0.86895000934600841 0.012099999934434892 0.054999999701976783 1.3557881116867068 0.9715000092983247 0.42830602824687963 0.57009997963905346 0.60199999809265148 0.99369999766349804 54.574998855590827 0.93759998679161083 1.0000000180025095e-35 0.72194999456405651 0.87860000133514415 0.86800000071525585 0.017900000326335434 0.0063000000081956395 0.91440001130104076 0.76065000891685497
decision_type=10 2 2 2 2 2 2 2 8 2 2 2 2 8 10 2 8 2 2 2 10 2 2 2 2 2 2 2 2 2
left_child=1 2 4 22 5 7 -7 -1 -3 11 -11 -5 13 14 -10 -15 -2 -6 -19 24 21 -14 29 -24 25 -18 28 -27 -26 -4
right_child=16 8 3 9 17 6 -8 -9 12 10 -12 -13 20 15 -16 -17 19 18 -20 -21 -22 -23 23 -25 26 27 -28 -29 -30 -31
leaf_value=-0.0062683089061397277 0.041901666218933355 -0.020822075770770943 -0.0067068222927536732 0.006704463226387263 -0.054525037201938686 0.072898192776370094 0.014311387013481417 0.023624949542475588 -0.013734575297898819 0.023572827903244317 -0.0094588115425014302 -0.058176700889167127 -0.010150927847956489 -0.0049807317270998087 0.011804077016744069 -0.012699877723262119 0.0090187036339824372 0.040845714320369368 -0.025753393825178453 -0.0041841826951143036 0.044051534944764048 -0.021841412652001471 0.11733334618168303 0.047363677384527257 0.056229143107803074 -0.061146626273419692 -0.0096584496288433259 0.019729499610968721 0.017394355119331496 0.12206750851643274
leaf_weight=15839.255509927869 293.40721200034022 4649.7405163012445 95.990117557346821 788.31745836883783 362.49949191510677 381.57405950129032 726.35546433925629 917.14465388655663 1287.2539858743548 2419.1854537986219 2384.8504859209061 441.72816890478134 3434.4118945077062 19488.445596199483 2738.7622244767845 12316.916149333119 1580.2836447097361 121.50146123021841 1536.6956315748394 2591.3044881466776 75.302542196586728 3953.2325114328414 86.181139752268791 691.99812316149473 144.78669118881226 179.49944687634706 354.61674217879772 46.213805839419365 1756.9831492770463 12.071475014090536
leaf_count=157130 109 106560 530 5005 3406 1633 4602 6878 18931 14045 29908 3442 49096 203846 18936 176563 7978 949 13061 19635 305 71986 390 3465 731 1379 2423 187 9013 62
internal_value=-0.00549156 -0.00654933 -0.00134342 0.00834837 -0.00471633 -0.00220588 0.0344888 -0.00463213 -0.00945994 0.00232946 0.00717505 -0.0165954 -0.00823967 -0.0066657 0.0036385 -0.00797004 0.00588989 -0.0269103 -0.0208735 0.00430188 -0.0157966 -0.0164067 0.0493289 0.0551126 0.00971495 0.002319 0.0156346 -0.0445876 0.0203509 0.00767846
internal_weight=81696.5 74749.4 26805.3 6920.32 19885 17864.3 1107.93 16756.4 47944.1 6034.08 4804.04 1230.05 43294.3 35831.4 4026.02 31805.4 6947.1 2020.7 1658.2 6653.69 7462.95 7387.64 886.241 778.179 4062.38 1806 2256.39 225.713 1901.77 108.062
internal_count=932184 890729 244506 56847 187659 170243 6235 164008 646223 52400 43953 8447 539663 418276 37867 380409 41455 17416 14010 41346 121387 121082 4447 3855 21711 9544 12167 1566 9744 592
is_linear=0
shrinkage=0.05


Tree=74
num_leaves=31
num_cat=0
split_feature=3 18 34 38 2 2 34 59 38 50 21 43 2 2 3 2 39 29 2 54 2 2 2 21 52 41 17 18 59 2
split_gain=367.634 287.849 196.519 173.463 186.259 203.455 172.206 136.39 115.129 103.081 104.448 89.3201 87.2875 100.338 84.6125 80.3544 80.1527 70.3147 61.4332 62.3035 55.6984 51.6954 70.2891 49.1419 60.6664 47.8114 44.4382 45.6628 42.7049 40.2782
threshold=0.008200000040233137 72.846668243408217 0.14931169152259829 0.59934896230697643 0.71129998564720165 0.70549997687339794 1.6596198678016665 -0.07985143736004828 0.62507408857345592 0.7325379252433778 10.894999980926515 2.3393279314041142 0.048849999904632575 0.62525001168251049 1.0000000180025095e-35 0.97099998593330394 1.9773815870285036 7.5650000572204599 0.0072500000242143878 0.60012787580490123 0.034299999475479133 0.49760000407695776 0.54304999113082897 0.46500000357627874 357.50000000000006 0.63465061783790599 34.68499946594239 0.064999999478459372 0.10256266221404077 0.60394999384880077
decision_type=2 10 8 8 2 2 8 10 10 10 10 10 2 2 2 2 8 10 2 8 2 2 2 10 2 10 10 10 8 2
left_child=1 2 21 7 5 -5 -2 17 28 10 12 -9 20 -14 -10 -6 26 -4 25 -20 -8 23 -23 24 -1 -12 27 -11 -3 -24
right_child=6 8 3 4 15 -7 9 11 14 16 18 -13 13 -15 -16 -17 -18 -19 19 -21 -22 22 29 -25 -26 -27 -28 -29 -30 -31
leaf_value=-0.012261941157159626 -0.021524033934851021 -0.02859770981540638 -0.0023734313187107284 -0.0030684559999393222 0.005291944642826122 -0.0098895716028903607 -0.017762165476681319 0.012325269340742727 -0.13061448272693954 0.023112632594661241 0.038264391196316749 -0.0029330077305021484 -0.0061213487111139936 -0.029155810043039999 0.010302456749005401 0.069539720760034285 -0.019517812254003879 0.044002687383648618 0.0036494528599289189 -0.2078847612100832 -0.040320258933765001 0.27318548060309178 -0.030841671200206946 -0.044339426165936016 -0.031657900729901975 -0.015438166571923428 0.042194896039083288 -1.5430785572973676e-05 0.042350159739331893 0.16939894523846155
leaf_weight=2076.5345035232604 3723.5673025399446 22.292695067822933 108.75540764629841 37390.897268883884 3991.2593689858913 15448.656315810978 3242.2041202392429 1584.1025320887566 10.763671360909937 292.09961334243417 43.534713625907898 2431.090411581099 3723.656261458993 541.52075583487749 1030.5829727556556 49.267592996358871 309.8768320903182 328.94492687657475 1715.3446263987571 3.4879735633730879 298.86268231272697 3.4010728970170048 10.1303823441267 162.96249503642321 500.27546083554626 863.8055812343955 93.191651759669185 792.25364490784705 436.67735144495964 3.3391091972589484
leaf_count=40632 96136 70 1259 386843 24177 176286 58830 10334 56 2142 151 17738 51891 9160 2874 286 4126 1303 12354 21 5840 25 85 3266 11160 8024 120 6493 484 18
internal_value=-0.00525043 -0.00360773 -0.00411452 -0.00352755 -0.00427154 -0.00506274 -0.012138 0.00597598 0.0180412 -0.00920589 -0.0109616 0.0030868 -0.0138634 -0.00904588 0.0088459 0.00607534 0.0031081 0.0324796 -0.00233601 0.00322019 -0.019666 -0.0171743 0.0700823 -0.0177116 -0.0160276 -0.0128615 0.00906223 0.00621473 0.0389041 0.0187983
internal_weight=81233.3 65589.9 64089.6 61333 56880.1 52839.6 15643.4 4452.89 1500.32 11919.8 10432.4 4015.19 7806.24 4265.18 1041.35 4040.53 1487.42 437.7 2626.17 1718.83 3541.07 2756.64 16.8706 2739.77 2576.81 907.34 1177.54 1084.35 458.97 13.4695
internal_count=932184 676896 673412 618226 587592 563129 255288 30634 3484 159152 146271 28072 125721 61051 2930 24463 12881 2562 20550 12375 64670 55186 128 55058 51792 8175 8755 8635 554 103
is_linear=0
shrinkage=0.05


Tree=75
num_leaves=31
num_cat=0
split_feature=3 18 34 38 1 1 1 3 38 3 3 30 2 2 3 3 1 1 3 3 3 3 1 3 46 1 1 1 1 1
split_gain=345.736 318.848 255.741 196.392 164.881 150.871 114.441 110.017 108.896 95.074 166.504 84.9018 82.53 71.3425 66.3699 101.899 81.6541 63.7207 58.6587 58.4386 55.9581 54.1382 51.7283 239.409 418.219 83.3127 147.145 138.364 49.5569 79.853
threshold=0.013050000183284284 99.040000915527358 0.24287290126085284 0.72485929727554332 0.28869999945163732 0.29449999332427984 0.99950000643730175 0.0023999999975785617 0.47692748904228216 0.054650001227855689 0.055600000545382507 15.237500190734865 0.72679999470710765 0.14649999886751178 0.058499999344348914 0.067199997603893294 0.92309999465942394 0.99469998478889476 1.0000000180025095e-35 0.0014500000397674742 0.05269999988377095 0.042099999263882644 0.99950000643730175 0.026600000448524955 28.500000000000004 0.93759998679161083 0.98115000128746044 0.91249999403953563 0.88250002264976513 0.99950000643730175
decision_type=2 10 8 8 2 2 2 2 10 2 2 10 2 2 2 2 2 2 2 2 2 2 2 2 2 2 2 2 2 2
left_child=1 2 19 6 12 -6 7 -4 -3 11 13 22 -5 -11 -12 16 -16 20 -10 28 21 -13 25 -24 -25 27 -27 -2 -1 -30
right_child=9 8 3 4 5 -7 -8 -9 18 10 14 17 -14 -15 15 -17 -18 -19 -20 -21 -22 -23 23 24 -26 26 -28 -29 29 -31
leaf_value=-0.02191865476056605 -0.017370774800063358 0.042724743552869308 0.020309586848776161 0.011803612446149161 -0.0095591862981890801 -0.0037513377407461732 -0.0047101000660795611 0.0037193383947827434 -0.099560095156757525 0.060924322391604474 -0.065416031897221491 0.0025493935956353761 -0.0023176801358810446 0.2487436529542435 0.12444534136591996 -0.014761682528384699 -0.056719595364406905 -0.025536513879357459 0.012572547470879129 -0.021094121296580143 0.21244908746870933 -0.04801505181965237 -0.012151663896834784 0.084305851158975181 0.97621914062387793 -0.038553306601044952 -0.015578692381530307 0.016780438990829833 0.023038715945947117 -0.014911829021301299
leaf_weight=319.65094432234764 2767.1289591267705 378.90661487728357 1387.6202275957912 2142.8743764460087 15432.330535389483 40599.108845213428 2527.8093815483153 3570.8701658528298 11.802239257842301 9.801182623952629 27.415986001491547 1103.6459325309843 2000.6923485323787 10.443220235407351 30.318838641047478 68.224161572754383 7.824935231357812 289.16260164044797 988.2605731934309 2685.2742944732308 3.1114615201950064 55.603262711316347 633.69682951830328 37.686023510992527 1.3618061318993557 1233.2463048249483 1602.5649641212076 332.18977610394359 259.65631606429815 297.33328614383936
leaf_count=2906 44591 392 6132 12342 178222 455378 23666 26640 54 88 264 7374 13550 66 176 550 110 2566 2463 65826 23 408 13464 541 41 26877 34646 5341 1758 5729
internal_value=-0.00501543 -0.00391546 -0.00437651 -0.00368908 -0.00463922 -0.00535095 0.00394815 0.00836207 0.0198979 -0.0147386 0.024174 -0.0154823 0.00498524 0.157812 0.00395162 0.0218309 0.0872806 -0.00453272 0.0112492 -0.0174349 0.000692437 0.000124075 -0.0178875 -0.00474756 0.115412 -0.0193769 -0.02557 -0.0137104 -0.00622599 0.00277988
internal_weight=80815.6 72602.2 71223.2 67661.3 60175 56031.4 7486.3 4958.49 1378.97 8213.43 154.028 8059.4 4143.57 20.2444 133.784 106.368 38.1438 1451.52 1000.06 3561.91 1162.36 1159.25 6607.87 672.745 39.0478 5935.13 2835.81 3099.32 876.641 556.99
internal_count=932184 795058 792149 715930 659492 633600 56438 32772 2909 137126 1254 135872 25892 154 1100 836 286 10371 2517 76219 7805 7782 125501 14046 582 111455 61523 49932 10393 7487
is_linear=0
shrinkage=0.05


Tree=76
num_leaves=31
num_cat=0
split_feature=3 2 31 18 1 1 3 1 27 30 1 2 3 1 3 1 1 2 1 1 32 1 31 48 2 1 2 2 3 27
split_gain=323.638 324.116 289.449 247.062 196.434 443.036 382.396 220.741 203.82 172.236 148.337 165.011 151.457 147.73 118.093 260.19 637.664 413.695 896.113 225.926 117.041 102.688 104.765 99.0623 94.18 593.174 324.698 88.8547 107.881 76.9046
threshold=0.0043500000610947618 0.18620000034570697 21.525000572204593 8.0150003433227557 0.87185001373291027 0.95309999585151683 0.015949999913573269 0.87280002236366283 1.404762387275696 0.055000001564621932 0.79060000181198131 0.21710000187158587 0.00530000007711351 0.93759998679161083 0.0014500000397674742 0.69680002331733715 0.8050999939441682 0.45209999382495886 0.45404998958110815 0.87380000948905956 54.374597549438484 0.86990001797676098 143.80341339111331 240.50000000000003 0.46954999864101415 0.51790001988410961 0.2384000048041344 0.20259999483823779 0.021749999374151233 0.17350862920284274
decision_type=2 2 10 10 2 2 2 2 10 10 2 2 2 2 2 2 2 2 2 2 10 2 10 2 2 2 2 2 2 8
left_child=2 4 14 10 21 6 7 -6 -7 -10 11 -3 -13 -8 15 17 29 -1 -19 -18 -4 22 -2 24 26 -26 -16 28 -12 -17
right_child=1 3 20 -5 5 8 13 -9 9 -11 27 12 -14 -15 23 16 19 18 -20 -21 -22 -23 -24 -25 25 -27 -28 -29 -30 -31
leaf_value=-0.024067259076817466 -0.019723154199230222 -0.043924737496923875 0.0081830085736262145 0.020616637686867931 0.19373607596741027 -0.019541607094823901 -0.0077995056127536412 0.015978045341956695 0.019634175454096323 -0.010044814515411206 0.0059486974673027418 0.01334245415160548 -0.0081056942362122148 -0.050185099733466021 -0.0069307429353563169 0.00093569708680195417 -0.017812304470053567 -0.003904099786563179 0.049849125362095945 0.0063440941989367384 0.034197446329663643 -0.052426954985114904 -0.16540640577452043 -0.035131360613671482 -0.0052188446151296662 -0.053867330556291837 0.014178617256241087 0.069187314401519637 0.12882220684140666 0.051751466588142926
leaf_weight=2273.2020306959748 2889.3839649036527 271.13779897242785 2578.993780516088 1266.7702672220767 17.590046413242817 7167.4932794589549 894.66207794845104 2454.1448169797659 514.51407500728965 9795.5251948945224 311.97032007575035 1022.5041294135153 4220.5165615715086 266.90646865963936 10815.251682937145 82.108959876000881 1213.475983209908 16525.009763933718 813.51262812316418 4783.363640230149 519.44919763505459 272.88574866577983 12.393501590937374 291.72574395313859 5341.1851450949907 709.86688217148185 2190.6505673006177 89.301727779209614 18.948515105992556 798.75692634284496
leaf_count=19824 43648 3604 10810 8763 242 165156 12320 28886 3193 122821 4260 10004 56316 4378 117989 531 8779 164056 4051 45086 775 3784 66 6487 55493 7024 18575 1063 250 3950
internal_value=-0.00479038 -0.00874461 -0.00224615 0.0005714 -0.011507 -0.00976318 0.00612325 0.0172431 -0.0130657 -0.00856371 -0.00370752 -0.00588978 -0.00392283 -0.0175389 -0.00324592 -0.00107693 0.00729095 -0.00401148 -0.00138203 0.00145598 0.0125443 -0.023103 -0.0203454 -0.00621539 -0.00577274 -0.0109259 -0.00337519 0.0249282 0.0129845 0.0470147
internal_weight=80423.2 31486.6 48936.6 7201.15 24285.5 21110.8 3633.3 2471.73 17477.5 10310 5934.38 5514.16 5243.02 1161.57 45838.1 26489.4 6877.71 19611.7 17338.5 5996.84 3098.44 3174.66 2901.78 19348.7 19057 6051.05 13005.9 420.221 330.919 880.866
internal_count=932184 468754 463430 84260 384494 336996 45826 29128 291170 126014 75497 69924 66320 16698 451845 246277 58346 187931 168107 53865 11585 47498 43714 205568 199081 62517 136564 5573 4510 4481
is_linear=0
shrinkage=0.05


Tree=77
num_leaves=31
num_cat=0
split_feature=28 3 1 2 2 1 3 3 27 1 1 1 28 2 1 27 1 39 38 2 2 2 1 1 1 25 1 2 3 34
split_gain=309.005 370.941 270.364 538.337 397.226 719.656 639.229 274.988 223.57 218.931 447.544 407.703 191.24 230.626 257.032 221.868 180.778 130.43 130.299 96.4936 214.287 110.875 91.6391 171.438 90.0834 82.2542 66.7376 147.346 251.639 59.8152
threshold=10.525000095367433 0.0014500000397674742 0.69680002331733715 0.19099999964237216 0.44535000622272497 0.45404998958110815 1.0000000180025095e-35 1.0000000180025095e-35 0.21822177618741992 0.87380000948905956 0.99950000643730175 0.86895000934600841 0.095000002533197417 0.18329999595880511 0.57690000534057628 1.0087128877639773 0.87185001373291027 1.9773815870285036 0.79248937964439403 0.39120000600814825 0.31574998795986181 0.3960499912500382 0.80704998970031749 0.8050999939441682 0.99369999766349804 33.753334045410163 0.91054999828338634 0.091399997472763075 0.0092000002041459101 2.1340489387512211
decision_type=10 2 2 2 2 2 2 2 8 2 2 2 8 2 2 10 2 10 10 2 2 2 2 2 2 10 2 2 2 10
left_child=1 2 4 9 19 7 -7 -6 26 11 -11 -4 15 16 -15 -10 -14 -17 25 20 -1 -21 23 -5 -20 -2 27 28 -3 -29
right_child=18 8 3 22 5 6 -8 -9 12 10 -12 -13 13 14 -16 17 -18 -19 24 21 -22 -23 -24 -25 -26 -27 -28 29 -30 -31
leaf_value=-0.03842707811504574 0.012519043879428572 0.49255891787393308 0.0052945054528825333 0.043187503498775717 -0.0052411106304634403 0.080773719864846161 -0.0040003521988894158 0.022865506154657919 -0.01733861743784541 0.021628151585989422 -0.0089533907151808732 -0.05729767413860018 -0.021853403978722034 -0.0088005516490809056 0.0046100539221294009 0.01226937983069629 -0.0095216656548292172 -0.017548787428808336 0.0068184392094365089 -0.055691082710122214 0.0065439398951388731 -0.022493950453439521 0.11815993979770963 -0.064252978665171032 -0.0065905856498236874 0.042048570290707972 -0.022771097924409098 -0.014055680647321862 -0.043436561054874506 0.023790452116962794
leaf_weight=475.51919584721327 1483.3478332199156 3.9250643700361234 699.75695837289095 912.36466906964779 15552.302044734359 490.17084954679012 407.00657396763563 921.81586765497923 1068.7142422255129 2440.0788195058703 2347.1151316091418 414.13217512518167 3517.6187713425606 8910.3662390299141 5964.824394825846 3067.2044250294566 19157.077247513458 416.5421321131289 3157.7146513666958 393.95832731574774 598.03278268873692 695.6582935154438 37.837965175509453 38.703872546553612 2075.9996286258101 280.40039930678904 3162.4173730313778 1227.2326567396522 4.9529580138623714 114.10929958894849
leaf_count=4225 4619 48 4580 4436 157128 2335 2162 6876 17917 14003 29781 3418 46326 97769 60616 23121 289945 4126 19431 3527 5246 6128 185 228 18575 171 80560 23748 109 845
internal_value=-0.00457685 -0.00553846 -0.000805827 0.00771012 -0.00380948 -0.00129344 0.0423158 -0.00366839 -0.00822124 0.00198876 0.00663432 -0.0179766 -0.00708759 -0.00826094 -0.00342301 0.00259044 -0.0114347 0.0087041 0.00546043 -0.0240145 -0.0133755 -0.0344966 0.0418511 0.0388152 0.00149963 0.0172136 -0.018798 -0.0094923 0.193533 -0.0108361
internal_weight=80036.9 73039.4 26424.5 6889.99 19534.5 17371.3 897.177 16474.1 46615 5901.08 4787.19 1113.89 42102.3 37549.9 14875.2 4552.46 22674.7 3483.75 6997.46 2163.17 1073.55 1089.62 988.907 951.069 5233.71 1763.75 4512.64 1350.22 8.87802 1341.34
internal_count=932184 889388 244258 56631 187627 168501 4497 164004 645130 51782 43784 7998 539820 494656 158385 45164 336271 27247 42796 19126 9471 9655 4849 4664 38006 4790 105310 24750 157 24593
is_linear=0
shrinkage=0.05


Tree=78
num_leaves=31
num_cat=0
split_feature=3 28 1 38 3 1 1 31 38 27 30 3 1 1 3 1 2 2 1 30 2 1 3 3 5 1 1 3 1 1
split_gain=299.524 260.882 218.282 192.799 162.05 144.018 165.512 124.554 115.1 110.469 124.09 88.6442 177.181 83.7455 150.884 115.816 261.266 94.2775 82.8928 77.9363 72.4432 68.3516 182.345 78.7656 64.9074 58.0389 55.6287 176.926 173.485 116.378
threshold=0.013050000183284284 10.525000095367433 0.99469998478889476 0.72485929727554332 0.0043500000610947618 0.28869999945163732 0.29449999332427984 0.26358333230018621 0.42830602824687963 0.1185780204832554 0.055000001564621932 0.045949999243021018 0.92890000343322765 0.99179998040199291 0.012099999934434892 0.88250002264976513 0.13489999622106555 0.084600001573562636 0.51790001988410961 16.017499923706058 0.97099998593330394 0.99950000643730175 0.0023999999975785617 0.0023999999975785617 27.500000000000004 0.99469998478889476 0.98309999704360973 0.025600000284612182 0.93955001235008251 0.99564999341964733
decision_type=2 10 2 8 2 2 2 10 8 8 10 2 2 2 2 2 2 2 2 10 2 2 2 2 2 2 2 2 2 2
left_child=1 2 3 7 21 20 -7 -1 -3 -6 -11 19 -13 15 24 16 -10 -17 -9 26 -5 22 -4 -23 -15 -21 28 -28 -2 -29
right_child=11 8 4 5 9 6 -8 18 13 10 -12 12 -14 14 -16 17 -18 -19 -20 25 -22 23 -24 -25 -26 -27 27 29 -30 -31
leaf_value=-0.017339829602532317 -0.013750422459940209 0.040085617660584799 0.032335698348536696 0.0044910882173208487 -0.033601620992008807 -0.0087409491055116806 -0.0022601721261060605 0.056924796648473358 -0.049025927848338612 0.01342360543624696 -0.01497148100016848 0.034554339819676816 -0.056198095388727304 0.0019503301581426824 0.068088481053749414 0.016755727700922672 0.0093396836593342188 0.060418746211106822 0.0091122158285245978 0.0016078346056917579 0.064548957505650109 -0.011953443501524722 -0.0090084114836659606 -0.00039678382861177143 -0.015248846962921371 -0.024535643249995909 -0.015727942948173184 0.0033264134944589029 -0.036100277953215743 0.072604145855287197
leaf_weight=457.07029281370342 2996.3040672447532 246.45995856076479 431.62915029004216 4083.362266510725 733.30220871604979 15193.903353869915 28020.165779680014 92.881747700273991 221.35091389529407 412.30609548464417 5759.3393095582724 228.27474726177752 70.359531447291374 1718.4815167933702 75.727078799158335 1369.4092445019633 1433.2406650073826 135.89779901877046 3774.3655896857381 1066.9149743765593 50.835954993963242 3200.0485716834664 697.89574678614736 2734.0949918143451 805.75869580172002 265.02545994520187 1877.7461826074868 170.62910727597773 1222.5323361624032 94.027222322300076
leaf_count=7561 49899 106 2758 25602 22370 178222 306248 214 1696 4517 99521 1650 1342 12812 419 7024 7208 580 24465 6888 286 42308 7142 37855 6144 2321 41651 3680 28291 1404
internal_value=-0.00437344 -0.00334934 -0.004262 -0.00276287 -0.00980754 -0.00368587 -0.00453879 0.00734326 0.00662479 -0.0152545 -0.0130745 -0.0135547 0.0131727 0.00519303 -0.00145353 0.0106618 0.00153154 0.0206976 0.0102606 -0.0145922 0.00522959 -0.00448299 0.00679055 -0.00662883 -0.00353979 -0.00359412 -0.016895 -0.0103336 -0.020227 0.0279394
internal_weight=79639.3 71647.5 65641.2 51672.6 13968.6 47348.3 43214.1 4324.32 6006.33 6904.95 6171.65 7991.81 298.634 5759.87 2599.97 3159.9 1654.59 1505.31 3867.25 7693.18 4134.2 7063.67 1129.52 5934.14 2524.24 1331.94 6361.24 2142.4 4218.84 264.656
internal_count=932184 795058 759069 542598 216471 510358 484470 32240 35989 126408 104038 137126 2992 35883 19375 16508 8904 7604 24679 134134 25888 90063 9900 80163 18956 9209 124925 46735 78190 5084
is_linear=0
shrinkage=0.05


Tree=79
num_leaves=31
num_cat=0
split_feature=3 18 1 1 34 1 1 34 50 21 1 1 53 43 3 34 33 34 1 55 1 1 49 5 30 21 1 3 29 53
split_gain=280.925 200.353 163.342 264.077 206.976 146.655 146.528 142.341 86.7427 77.2151 72.8607 93.9346 72.4223 67.2665 61.6751 60.8161 105.695 68.3959 60.0022 50.4456 49.7167 72.8398 45.932 38.6714 36.7005 42.0109 29.6573 174.585 165.713 111.662
threshold=0.008200000040233137 99.040000915527358 0.99950000643730175 0.99660000205039989 3.1505618095397954 0.9212000072002412 0.28965000808238989 1.6596198678016665 0.7325379252433778 10.894999980926515 0.95115000009536754 0.37475000321865087 0.40711022913455969 9.9872846603393572 1.0000000180025095e-35 0.4286202341318131 4.6784443855285653 4.4225642681121835 0.96760001778602611 6.6683988571167001 0.97630000114440929 0.96860000491142284 0.042028812691569335 11.500000000000002 54.574998855590827 0.21499999612569812 0.99950000643730175 0.025600000284612182 1.7150000333786013 0.40711022913455969
decision_type=2 10 2 2 10 2 2 8 10 10 2 2 10 10 2 10 10 10 2 2 2 2 10 2 10 10 2 2 10 10
left_child=1 2 3 4 6 -6 -1 26 9 10 11 -9 23 24 -14 -4 17 -17 -12 -18 21 -11 -22 -3 25 -10 -2 -28 29 -29
right_child=7 12 15 -5 5 -7 -8 8 13 20 18 -13 14 -15 -16 16 19 -19 -20 -21 22 -23 -24 -25 -26 -27 27 28 -30 -31
leaf_value=0.0051454273923905855 -0.021533003611064045 -0.027780317664819372 -0.019068649101611629 0.13829256178687793 -0.00089432874244282489 0.012534245466034006 -0.0043625150600285654 -0.02750897047459764 0.016140806518028978 0.0026057017691105602 -0.037982994225393328 -0.0046126550171159018 -0.10607224408750744 -0.021696416795097085 0.012544068825452132 -0.0014412474053153736 -0.012730144417456811 0.028099175389196193 -0.0151990767344172 -0.0013197947567585291 -0.051809274100481029 0.051691452316747405 -0.0060021514821926329 0.045284192172041784 0.048181394359316024 -0.0027180910549210011 -0.014380104573628889 -2.170666295362052e-05 0.031488825555696501 0.4499137960951245
leaf_weight=4513.4380093216896 2772.07900028117 19.438145093619823 1249.7493035998195 33.546774869784713 4433.5085848048329 3755.3705398477614 39649.641455607489 511.24956986308098 572.48223138973117 996.90686728619039 319.47118346020579 3618.270409103483 11.114773582667111 220.65484248660505 780.69412014260888 2617.2185165323317 5567.7328136153519 211.80334802344441 3026.5241640284657 1172.6614451035857 56.865987157449126 81.778307013213634 1453.8219699524343 265.04040094465017 55.039128804579377 609.91991163603961 683.45817865803838 1.8808485940098787 13.699667919427155 5.1674415096640587
leaf_count=29120 75167 69 32094 220 27807 24054 434767 9160 4599 6680 6844 51891 52 2492 1964 39932 79506 1724 57826 5302 543 641 12686 285 37 5753 20513 40 309 107
internal_value=-0.00417578 -0.00273805 -0.00310232 -0.00194717 -0.00203704 0.00526393 -0.00339081 -0.0103373 -0.00766199 -0.00931317 -0.0118906 -0.0074473 0.0186532 0.00373566 0.010879 -0.00869543 -0.00734071 0.000770386 -0.0173745 -0.010745 -0.00187202 0.00632704 -0.00772644 0.0402918 0.00827059 0.0064128 -0.0192053 -0.0100424 0.132844 0.329848
internal_weight=79280.2 64281 63204.7 52385.5 52352 8188.88 44163.1 14999.3 11523 10064.9 7475.52 4129.52 1076.29 1458.1 791.809 10819.2 9569.42 2829.02 3346 6740.39 2589.37 1078.69 1510.69 284.479 1237.44 1182.4 3476.29 704.206 20.748 7.04829
internal_count=932184 676896 674526 515968 515748 51861 463887 255288 159152 146271 125721 61051 2370 12881 2016 158558 126464 41656 64670 84808 20550 7321 13229 354 10389 10352 96136 20969 456 147
is_linear=0
shrinkage=0.05


Tree=80
num_leaves=31
num_cat=0
split_feature=3 28 3 2 2 2 2 2 2 2 2 2 2 2 38 2 3 2 55 2 3 2 2 3 2 5 30 25 30 3
split_gain=260.904 223.674 210.261 239.455 464.867 358.642 707.383 203.951 173.694 634.896 622.082 261.492 162.419 153.614 103.307 91.4503 80.3166 162.217 81.1 72.1209 135.593 100.631 277.846 70.6836 62.2723 58.9881 47.511 63.7322 44.1634 65.2366
threshold=0.013050000183284284 10.525000095367433 0.0014500000397674742 0.2973999977111817 0.19099999964237216 0.45209999382495886 0.54304999113082897 0.12619999796152118 0.040150001645088203 0.078800000250339522 0.084600001573562636 0.07400000095367433 0.038200000301003463 0.028500000014901165 0.42830602824687963 0.39120000600814825 0.045949999243021018 0.071100000292062773 5.6454348564147958 0.008200000040233137 0.012099999934434892 0.12139999866485597 0.13489999622106555 0.011099999770522119 0.27804999053478247 27.500000000000004 68.092498779296889 3.4370967149734502 1.9366666078567507 0.031399999745190151
decision_type=2 10 2 2 2 2 2 2 2 2 2 2 2 2 8 2 2 2 2 2 2 2 2 2 2 2 10 10 8 2
left_child=1 2 3 4 7 15 -7 -1 12 11 -11 -10 13 -4 26 -5 18 -18 28 20 25 23 -23 -21 -6 -16 27 -3 29 -2
right_child=16 14 8 5 24 6 -8 -9 9 10 -12 -13 -14 -15 19 -17 17 -19 -20 21 -22 22 -24 -25 -26 -27 -28 -29 -30 -31
leaf_value=0.0067559585873906772 -0.026191858895203118 -0.11076591537961702 -0.010087000973196134 -0.01182141815981534 0.03490956926537532 0.044555530414684824 -0.0030922316293828353 -0.017171977483246652 0.023338950526494012 -0.041328161980113368 -0.0032012666929412551 0.095184781222353729 -0.043578283477480689 0.017528937964502552 0.0019505100892044708 -0.032206923334125406 -0.056035010186209544 0.032535756032502347 0.00079133480553249919 0.021674176847100549 0.064233864352773035 -0.055300306072878835 0.0088610344406206201 -0.026805352685719326 0.074609494376090629 -0.01451646255837909 0.050338913010494028 0.027178166423830488 -0.013291498557061854 0.0096715962655419697
leaf_weight=4756.7899621725082 1400.9137965049595 11.130191218107937 16465.55358257331 1074.846695035696 874.13693062961102 817.9539417475462 16335.467196807265 1095.6732210144401 1079.9796705786139 1132.7830569297075 19258.678800793365 143.47195352613926 351.54268992133439 519.44727895222604 1711.9144930057228 1126.9945586249232 66.526373080909252 231.89337391220033 860.21071580611169 1454.4325882475823 76.638582207262516 191.22807533666492 1434.3179779853672 79.285478860139847 111.36061168462038 797.06064796634018 184.6354161798954 33.803677868098021 5129.1484459098428 139.42187033779919
leaf_count=43784 36277 50 263490 9551 4264 3928 164092 7998 12171 14829 210740 1492 4902 7187 12812 10136 1342 1650 3462 7148 419 1556 7208 596 505 6144 24 32 91200 3195
internal_value=-0.00398557 -0.00303195 -0.00388112 -0.000417124 0.00762597 -0.00325864 -0.000820167 0.00227627 -0.00621051 -0.00322028 -0.00531929 0.0317642 -0.00993868 -0.00924243 0.00622728 -0.0222556 -0.0126493 0.0127908 -0.0136576 0.00491295 -0.00127962 0.0099811 0.00131314 0.019168 0.0393956 -0.00328078 0.0391177 -0.0069908 -0.0155212 -0.0229457
internal_weight=78947.2 71119.1 65144.7 26193.2 6837.96 19355.3 17153.4 5852.46 38951.5 21614.9 20391.5 1223.45 17336.5 16985 5974.45 2201.84 7828.11 298.42 7529.69 5744.88 2585.61 3159.26 1625.55 1533.72 985.498 2508.98 229.569 44.9339 6669.48 1540.34
internal_count=932184 795058 759069 244258 56551 187707 168020 51782 514811 239232 225569 13663 275579 270677 35989 19687 137126 2992 134134 35883 19375 16508 8764 7744 4769 18956 106 82 130672 39472
is_linear=0
shrinkage=0.05


Tree=81
num_leaves=31
num_cat=0
split_feature=27 38 3 22 59 28 31 2 2 43 3 3 2 27 38 48 28 49 2 23 31 21 30 19 2 43 33 3 2 48
split_gain=253.416 256.561 184.695 150.404 139.703 133.226 187.546 166.702 117.088 82.3514 75.9927 73.9709 126.563 71.8851 67.2215 67.0454 74.4387 65.6193 66.0614 56.6877 53.7811 51.2264 59.9366 48.2891 43.1412 41.2359 39.6707 39.2132 75.6482 52.4242
threshold=0.18786325305700305 0.59934896230697643 0.013050000183284284 36.164999008178718 -0.11166731268167494 10.525000095367433 5.024916648864747 0.61945000290870678 0.18329999595880511 1.8273913860321047 0.0063000000081956395 0.045949999243021018 0.071100000292062773 2.090821504592896 0.14474907517433169 326.50000000000006 0.36500000953674322 0.025593177415430549 0.008200000040233137 98.419998168945327 0.29391665756702429 10.734999656677248 68.092498779296889 12.036428451538088 0.00530000007711351 3.1780377626419072 3.7315001487731938 0.031399999745190151 1.0000000180025095e-35 150.50000000000003
decision_type=8 8 2 10 10 10 10 2 2 10 2 2 2 10 10 2 10 10 2 10 10 10 10 10 2 10 10 2 2 2
left_child=10 3 5 4 13 6 7 -3 -8 14 15 21 -13 -2 -6 16 20 19 -19 -7 -1 22 -4 -11 -23 -22 -15 -12 29 -29
right_child=1 2 11 -5 9 17 8 -9 -10 23 27 12 -14 26 -16 -17 -18 18 -20 -21 25 24 -24 -25 -26 -27 -28 28 -30 -31
leaf_value=-0.0074756714252525629 -0.00513617812233675 0.0012491383058295504 -0.015830113077534069 0.036535244923358239 -0.052782311042293431 -0.049749111286640495 -0.01057375201872761 -0.0051200392452874673 0.0015395732292408674 0.0010650897492894269 -0.02409418371449468 -0.054687825887455903 0.030404907387086573 0.059928052952884205 0.023588074631642988 -0.028362081626294181 -0.027281448637287098 -0.00080235568701122941 0.010344014879933527 0.014442543559023592 0.019537167600578435 -0.022466946688937173 0.076444605827183459 -0.024033715757898921 0.00053274885327842566 -0.019828504309592376 0.026726679918523712 0.0083231950498983739 0.00192910181153324 0.38515388774478976
leaf_weight=2207.2049490306526 106.87956628762186 19844.405360205099 4806.0228321347386 407.05531646870077 30.356891615316272 101.05989102274179 12368.609775705263 21300.866815444082 2378.5470145605505 3891.8648827690631 1747.946040654555 54.590170793235302 219.00785810500383 162.0799765996635 566.77979685924947 436.85345472022891 408.2304227873683 2434.1804271508008 2928.5661376230419 52.136395141482353 343.8823031168431 256.09920585528016 17.662806548178196 201.56386489421129 1000.0407495312393 82.480111051350832 202.22359832003713 1.560388665646314 61.808130029588938 2.2593072950839996
leaf_count=38583 1189 228060 96785 313 126 869 161885 227470 19644 28811 53103 1104 1485 685 3151 9936 6404 18663 15653 155 3607 2754 85 540 7754 815 757 20 1758 20
internal_value=-0.00380493 -0.00304234 -0.00389018 0.0072742 0.00496668 -0.00305053 -0.00378215 -0.00204818 -0.00862001 0.00235959 -0.0143715 -0.0120057 0.0134266 0.0309199 0.0197056 -0.0100454 -0.00741483 0.00436288 0.00528462 -0.0279031 -0.0043353 -0.0131502 -0.0154922 -0.000170796 -0.00415638 0.0119219 0.0414981 -0.0226696 0.015274 0.231214
internal_weight=78622.8 73330.6 67761.8 5568.8 5161.75 61408.4 55892.4 41145.3 14747.2 4690.57 5292.23 6353.42 273.598 471.183 597.137 3478.65 3041.8 5515.94 5362.75 153.196 2633.57 6079.83 4823.69 4093.43 1256.14 426.362 364.304 1813.57 65.6278 3.8197
internal_count=932184 817938 782366 35572 35259 672399 637059 455530 181529 32628 114246 109967 2589 2631 3277 59345 49409 35340 34316 1024 43005 107378 96870 29351 10508 4422 1442 54901 1798 40
is_linear=0
shrinkage=0.05


Tree=82
num_leaves=31
num_cat=0
split_feature=3 1 2 2 1 3 1 3 34 1 1 1 1 38 2 2 17 1 1 3 33 21 3 1 21 5 1 2 2 1
split_gain=237.016 274.612 481.853 387.119 649.884 437.002 258.553 653.083 246.653 215.038 591.433 414.455 320.309 200.103 191.64 190.991 175.11 173.24 133.263 122.797 110.932 206.096 108.971 139.603 106.175 101.363 99.7374 97.2498 255.193 356.475
threshold=0.0014500000397674742 0.69680002331733715 0.18910000473260882 0.45209999382495886 0.45404998958110815 1.0000000180025095e-35 0.45020000636577612 1.0000000180025095e-35 1.1873698830604555 0.88250002264976513 0.89605000615119945 0.86895000934600841 0.99950000643730175 0.78769567608833324 0.46179999411106115 0.45984999835491186 102.29500198364259 0.8225499987602235 0.764499992132187 1.0000000180025095e-35 4.2535276412963876 7.9949998855590829 1.0000000180025095e-35 0.72194999456405651 0.05333333462476731 28.500000000000004 0.75290000438690197 0.39120000600814825 0.31574998795986181 0.67164999246597301
decision_type=2 2 2 2 2 2 2 2 8 2 2 2 2 8 2 2 10 2 2 2 8 8 2 2 10 2 2 2 2 2
left_child=1 3 9 27 6 14 7 -5 -2 11 -11 17 -12 16 -6 -7 18 -3 26 -13 24 -22 -4 -24 -15 -23 -10 28 -1 -30
right_child=8 2 22 4 5 15 -8 -9 13 10 12 19 -14 20 -16 -17 -18 -19 -20 -21 21 25 23 -25 -26 -27 -28 -29 29 -31
leaf_value=-0.038637619262295614 -0.013397700592676387 -0.020538035552353923 -0.0067311516998803172 -0.0042741735455165183 -0.013324054266002097 0.12239060581576543 -0.059908194084512104 0.043513862615055347 0.014973621290562298 0.10517924275690754 0.017160601112969992 0.22462920622098631 -0.0076792087500113281 0.028120871400455077 0.083900143029261243 -0.0084957571652023427 0.037613863677116735 0.029497170601205137 -0.00067042963598397051 -0.047915060796666631 -0.012299826518279862 -0.0020210161336747419 0.097167424339425448 0.036172206092420216 -8.6229070775136027e-05 -0.010626992816114293 0.071757679065123078 -0.032265201904564472 0.00071251208797623383 0.17619760407996896
leaf_weight=499.36420917510986 8540.2770859152079 282.83541832864285 128.47654287144542 15303.224709123373 57.356951251626015 30.222514092922211 195.38323611021042 749.978526301682 629.60518854670227 149.63254874944687 2517.0283790249377 4.1616962999105445 2679.300989901647 398.8360406793654 435.70597371459007 358.32136456668377 349.38745680265129 445.46489186026156 7024.1434483136982 596.89696216583252 10438.22593550384 17187.93556191586 103.61252614855766 991.42148130014539 2040.126540903002 4271.9099106937647 88.15715853497386 1182.1741150915623 613.58177779242396 30.371845230460167
leaf_count=4466 185435 1914 660 157168 286 154 1100 5852 3376 792 13662 22 32670 4354 1914 1782 241 2684 58976 4796 163617 187066 418 4642 31284 46414 379 10582 5258 220
internal_value=-0.00362998 0.000124508 0.00798694 -0.00306757 -0.000468934 0.0413408 -0.00273742 -0.0020416 -0.00564499 0.00269989 0.00717496 -0.0152964 0.00435284 -0.00408447 0.0725903 0.00168511 0.00298914 0.010066 0.00142655 -0.046028 -0.00575132 -0.00653717 0.0368324 0.0419436 0.00452639 -0.00373417 0.021948 -0.0222098 -0.0118127 0.0089892
internal_weight=78323.1 27354.5 7898.83 19455.7 17130.2 881.607 16248.6 16053.2 50968.6 6675.32 5345.96 1329.36 5196.33 42428.3 493.063 388.544 8091.29 728.3 7741.91 601.059 34337 31898.1 1223.51 1095.03 2438.96 21459.8 717.762 2325.49 1143.32 643.954
internal_count=932184 251042 62260 188782 168256 4136 164120 163020 681142 56540 47124 9416 46332 495707 2200 1936 62972 4598 62731 4818 432735 397097 5720 5060 35638 233480 3755 20526 9944 5478
is_linear=0
shrinkage=0.05


Tree=83
num_leaves=31
num_cat=0
split_feature=3 38 2 31 2 2 2 34 3 2 2 2 3 3 31 2 2 3 3 2 2 3 30 2 2 2 25 3 2 3
split_gain=223.02 155.856 149.547 139.12 124.064 1867.1 514.365 118.701 106.845 92.8851 88.5082 85.1014 84.945 96.6701 80.6339 78.0983 286.277 125.173 120.728 85.1004 233.049 84.8726 72.6276 63.439 80.0251 50.2915 46.0849 33.0247 28.5189 136.5
threshold=0.008200000040233137 0.80210414528846752 0.71035000681877147 143.80341339111331 0.70549997687339794 0.68909999728202831 0.66874998807907116 1.6596198678016665 0.0033999999286606912 0.48209999501705175 0.39120000600814825 0.3960499912500382 0.0033999999286606912 0.0023999999975785617 0.26358333230018621 0.62525001168251049 0.51014998555183422 0.0092000002041459101 0.011099999770522119 0.43085001409053808 0.36314998567104345 0.033350000157952316 inf 0.97099998593330394 0.72679999470710765 0.0043500000610947618 5.6272902488708505 0.0043500000610947618 1.0000000180025095e-35 0.025600000284612182
decision_type=2 8 2 10 2 2 2 8 2 2 2 2 2 2 10 2 2 2 2 2 2 2 8 2 2 2 10 2 2 2
left_child=1 3 4 9 5 6 -3 28 -7 10 14 -12 13 -6 -1 16 19 -18 -19 20 -9 -21 -4 24 -24 26 -5 -14 29 -2
right_child=7 2 22 25 12 8 -8 15 -10 -11 11 -13 27 -15 -16 -17 17 18 -20 21 -22 -23 23 -25 -26 -27 -28 -29 -30 -31
leaf_value=-0.013820273429871677 -0.012482463958676306 -0.0033090221315223256 0.10012811798657667 -0.089702800541932082 -0.0077403853152468441 0.29286072353173864 0.075641687754384151 -0.0068482973974140302 -0.056633286290221165 0.048969518241586282 -0.078260202657226774 -0.010990631690924324 -0.030069052759372605 0.011916015864996361 0.0045420345733735296 -0.026130333099966652 -0.059071367779821277 0.17504487059140961 0.055751471035568427 -0.036908043664334318 0.049795065884381096 0.049930880665266006 0.010224127295577597 0.059826982302571441 -0.003378283445846203 0.042675992302783697 0.016313258340686903 -0.013028410567927629 -0.019738440174090936 0.11028417104424582
leaf_weight=650.54844101704657 651.89543571695685 35566.205643041059 20.207069061696529 13.372179783880709 12536.750096812844 56.445870541036129 207.50362534075975 10047.264772830531 2.2749586105346671 107.09569716453552 60.467051386833191 211.33885255083442 532.53581821918488 658.3422626554966 7382.5791247114539 489.68744121491909 18.567288100719452 26.486572846770287 106.43423594906926 349.5299458540976 184.93130422011018 30.600393325090408 2559.0452666431665 52.379362106323242 1872.4235405176878 301.17236986011267 43.913971105590463 609.99564700573683 2627.126991128549 23.456539571285248
leaf_count=12129 20513 402896 89 53 148852 527 1979 141489 22 352 391 1327 6600 8074 56247 9168 151 149 631 5112 2054 398 16389 286 12374 151 62 8096 75167 456
internal_value=-0.00346599 -0.00218538 -0.00317793 0.0040021 -0.00396145 -0.00238866 -0.00285107 -0.00904773 0.279321 0.00270216 0.00210553 -0.0259557 -0.00789214 -0.00675967 0.003055 -0.00660175 -0.00571332 0.0625357 0.0795226 -0.00668756 -0.00582456 -0.0299175 0.00554954 0.00512331 0.00447672 0.034508 -0.00843384 -0.0209711 -0.0173826 -0.00821849
internal_weight=78000.6 63444.6 54674.1 8770.49 50170.1 35832.4 35773.7 14556 58.7208 8412.03 8304.93 271.806 14337.6 13195.1 8033.13 11253.5 10763.8 151.488 132.921 10612.3 10232.2 380.13 4504.06 4483.85 4431.47 358.459 57.2862 1142.53 3302.48 675.352
internal_count=932184 676896 606184 70712 577046 405424 404875 255288 549 70446 70094 1718 171622 156926 68376 159152 149984 931 780 149053 143543 5510 29138 29049 28763 266 115 14696 96136 20969
is_linear=0
shrinkage=0.05


Tree=84
num_leaves=31
num_cat=0
split_feature=32 38 2 1 1 1 1 1 2 1 1 54 2 2 1 1 22 59 30 34 52 59 31 38 59 56 32 32 1 11
split_gain=212.24 182.869 157.312 465.781 411.461 407.016 333.413 302.774 290.139 376.79 162.605 143.995 142.914 142.155 143.58 80.3158 80.1367 77.0029 54.0105 55.0371 48.1418 51.073 45.3857 39.5897 31.9885 31.7139 42.7784 29.4605 29.0514 28.0372
threshold=0.2118254825472832 0.72485929727554332 0.18329999595880511 0.79060000181198131 0.87380000948905956 0.89605000615119945 0.89215001463890087 0.86800000071525585 0.21710000187158587 0.75290000438690197 0.90279999375343334 0.1547144949436188 0.18039999902248385 0.19970000535249713 0.80125001072883617 0.51790001988410961 36.164999008178718 -0.11166731268167494 0.75749999284744274 2.370848655700684 419.50000000000006 -0.0012780997203662989 9.9710001945495623 0.42830602824687963 -0.0056770707014948121 55.500000000000007 7.8092782497406015 0.0037582310615107421 0.3960499912500382 0.68301269412040722
decision_type=8 8 2 2 2 2 2 2 2 2 2 10 2 2 2 2 10 10 10 10 2 10 10 10 10 2 10 10 2 2
left_child=18 11 4 8 7 6 -6 12 -4 -10 -7 22 -3 14 -5 -13 17 -17 19 20 28 24 -2 -18 -22 -24 -27 29 -1 -21
right_child=1 2 3 13 5 10 -8 -9 9 -11 -12 15 -14 -15 -16 16 23 -19 -20 27 21 -23 25 -25 -26 26 -28 -29 -30 -31
leaf_value=0.10997746000189744 0.004260896856495203 -0.0092274702188266649 -0.035946826008429571 -0.045658103299033054 0.017376722579883042 -0.033964624827720544 0.10998492040599428 -0.044157085286519487 -0.0029206162999236124 0.022842538806880891 -0.0044642603753986421 0.047808459708941368 -0.037805905548137932 0.055979293641431366 0.025017621631596668 0.0189791079080949 0.043806572076465732 -0.00032884982588649622 -0.034803705094034347 0.041914960153494038 -0.051328862701309021 -0.031276800238661716 -0.017205670201032107 0.013031490251100048 0.36634257423048378 0.12599670423258313 0.047728249605258621 -0.0053840145217859403 -0.011777197707372761 0.16147408268722316
leaf_weight=4.9063895381987086 72.95030558668077 3132.3572657387704 632.80995236709714 79.607459373772144 897.5687590315938 476.55737686157227 108.99247299134731 1010.2121215835214 31784.463601695374 1485.5237997360528 23562.867733625695 98.36391082033515 508.46977806463838 356.32118362188339 738.50391169264913 555.84906670078635 137.36893266439438 7273.4703595638275 297.5820087287575 34.839966289699078 0.70354035682976279 395.21646551787853 16.383512072265148 436.76969824545085 1.3157609608024348 19.269295826554298 185.70733566582203 32.081938255578279 3400.6031856685877 5.7067138589918605
leaf_count=29 835 41324 6344 763 9124 4226 1105 11397 323726 13426 338294 246 5213 3080 6810 4158 82 60749 6501 461 28 11246 70 723 44 100 117 448 81441 74
internal_value=-0.00330662 -0.00268443 -0.00360304 -0.00133583 -0.00628101 -0.00374481 0.0274045 -0.0199385 -0.0024082 -0.00177028 -0.00504908 0.0040802 -0.0132187 0.0296207 0.0181404 0.00288993 0.00236415 0.00104193 -0.014276 -0.0126997 -0.0135232 -0.0299953 0.0384638 0.0203948 0.220823 0.0497355 0.0550861 0.030416 -0.0116018 0.0587422
internal_weight=77743.3 73570.4 64774.3 35077.2 29697 25046 1006.56 4651.04 33902.8 33270 24039.4 8796.13 3640.83 1174.43 818.111 8501.82 8403.46 7829.32 4172.96 3875.37 3802.75 397.236 294.31 574.139 2.0193 221.36 204.977 72.6286 3405.51 40.5467
internal_count=932184 831912 764832 354149 410683 352749 10229 57934 343496 337152 342520 67080 46537 10653 7573 65958 65712 64907 100272 93771 92788 11318 1122 805 72 287 217 983 81470 535
is_linear=0
shrinkage=0.05


Tree=85
num_leaves=31
num_cat=0
split_feature=3 1 2 1 2 2 1 2 3 1 28 1 1 2 1 1 1 2 1 3 2 3 32 28 1 2 2 1 1 3
split_gain=213.471 251.552 411.107 356.36 422.858 544.978 2369.5 466.681 253.162 227.696 217.387 184.884 621.962 256.015 212.456 165.267 387.551 472.848 549.34 375.319 190.261 168.027 150.405 198.917 142.294 285.864 245.276 150.038 130.227 99.9763
threshold=0.0014500000397674742 0.69680002331733715 0.19099999964237216 0.56915000081062328 0.61945000290870678 0.64750000834465038 0.29449999332427984 0.58559998869895946 1.0000000180025095e-35 0.42309999465942388 10.694999694824221 0.99950000643730175 0.92020002007484447 0.080750003457069411 0.95890000462532055 0.95309999585151683 0.9212000072002412 0.084600001573562636 0.87860000133514415 0.015949999913573269 0.07400000095367433 0.01690000016242266 1.3148138523101809 0.054999999701976783 0.57009997963905346 0.3960499912500382 0.39120000600814825 0.58945000171661388 0.98695001006126415 1.0000000180025095e-35
decision_type=2 2 2 2 2 2 2 2 2 2 10 2 2 2 2 2 2 2 2 2 2 2 10 10 2 2 2 2 2 2
left_child=1 3 11 4 7 8 -7 9 -6 -1 15 12 13 -3 -14 16 17 21 -19 20 -18 -2 28 -24 -5 26 -26 -27 -17 -4
right_child=10 2 29 24 5 6 -8 -9 -10 -11 -12 -13 14 -15 -16 22 19 18 -20 -21 -22 -23 23 -25 25 27 -28 -29 -30 -31
leaf_value=-0.023198888576829182 -0.04043538796915129 -0.053200955793881156 -0.0062762104774600801 -0.05332120886485045 -0.043665701260631157 -0.003641596330523412 0.13887518359697593 0.11061767915912063 0.087497369925530463 0.022770270453905485 0.0043163642411794666 -0.0070679006147988241 0.066593807415003162 -0.001352809455382846 0.023350504091823772 -0.024968680673208961 0.026561449024602436 -0.0056081567944854371 0.025651038497246405 -0.022130176178628488 0.083371116977068088 0.055553399079680876 0.0076276230063783632 -0.0090358386276177694 -0.011130629693381688 0.0097617504980914583 -0.056731971788184336 0.11698193637838568 -0.010864415652859503 0.040593784849288175
leaf_weight=326.45709529519081 1095.3178918566555 270.61794492602348 127.85848517715931 319.01742690429091 970.70503879338503 14002.303020313382 297.85613445192575 136.15343770384789 38.237924434244633 1540.6861057057977 5484.0481426957995 2649.6773770935833 353.68292194977403 1980.7103118635714 1442.3480644691736 2289.4802156202495 976.85458880290389 20347.197867037728 1509.770069943741 380.89369230531156 173.56927980110049 47.571069896221161 2175.7254885192961 10126.820446556434 1127.9564892817289 81.673072807490826 399.25130183249712 54.333868138492107 5738.9562156312168 1032.9316843599081
leaf_count=1738 15208 1848 660 3432 10516 146300 2684 616 264 8448 34919 32670 1716 13244 7502 51073 10528 239652 18447 6846 1783 904 17135 151207 9944 660 3784 396 133440 4620
internal_value=-0.00315358 0.000419738 0.00796104 -0.00265149 -0.000352195 -0.00317894 -0.000673133 0.0212497 -0.0386948 0.0147329 -0.00508072 0.00319967 0.00992153 -0.00758515 0.0318662 -0.00622944 -0.00346669 -0.00508829 -0.00344893 0.0208893 0.0351326 -0.03644 -0.00956296 -0.00608888 -0.0227331 -0.016866 -0.023052 0.0525955 -0.0148865 0.0354312
internal_weight=77498.7 27152.5 7857.83 19294.6 17312.4 15309.1 14300.2 2003.3 1008.94 1867.14 50346.2 6697.04 4047.36 2251.33 1796.03 44862.2 24531.2 22999.9 21857 1531.32 1150.42 1142.89 20331 12302.5 1982.23 1663.21 1527.21 136.007 8028.44 1160.79
internal_count=932184 251042 62260 188782 170566 159764 148984 10802 10780 10186 681142 56980 24310 15092 9218 646223 293368 274211 258099 19157 12311 16112 352855 168342 18216 14784 13728 1056 184513 5280
is_linear=0
shrinkage=0.05


Tree=86
num_leaves=31
num_cat=0
split_feature=3 27 38 59 17 1 1 1 2 3 34 28 39 34 3 1 55 43 30 59 52 32 3 34 1 59 29 3 2 5
split_gain=206.972 178.025 180.276 138.201 129.285 111.124 208.908 742.033 512.449 120.85 83.3492 74.2264 70.0412 66.2833 65.3483 135.742 64.7647 62.0772 60.2917 54.8258 52.0283 63.2211 42.7173 39.6167 63.1385 39.5335 39.0832 44.6764 106.098 36.9135
threshold=0.013050000183284284 0.10569420084357263 0.59934896230697643 -0.12336567789316176 102.29500198364259 0.99369999766349804 0.9212000072002412 0.95309999585151683 0.084600001573562636 0.0043500000610947618 12.940085411071779 0.36500000953674322 0.62743145227432262 2.6586911678314213 0.045949999243021018 0.92890000343322765 8.2278690338134783 1.8273913860321047 3.0949999094009404 0.22330987453460696 357.50000000000006 0.0018586483784019949 0.0063000000081956395 5.8169949054718026 0.74420002102851879 0.49501059949398046 3.7350000143051152 0.031399999745190151 0.0063000000081956395 24.500000000000004
decision_type=2 8 8 10 10 2 2 2 2 2 10 10 8 10 2 2 2 10 10 10 2 10 2 8 2 10 8 2 2 2
left_child=1 11 3 12 17 6 8 -8 -4 10 -7 13 -3 20 16 23 26 -5 -11 -18 22 -22 -1 24 -16 29 27 -2 -29 -15
right_child=14 2 5 4 -6 9 7 -9 -10 18 -12 -13 -14 25 15 -17 19 -19 -20 -21 21 -23 -24 -25 -26 -27 -28 28 -30 -31
leaf_value=-0.0064405949583836233 -0.025256520732832147 -0.0067867597171298024 -0.035449081663826675 0.018800239577035173 0.045497256672612889 -0.003292779808958729 0.041995691785591718 -0.00066553559891290644 -0.0016015374265510186 -0.0012502040133552605 0.017335933031022138 -0.036076004858665994 0.046595024050163088 -0.0065363846312159486 0.16103041933553847 -0.055754587105056458 -0.023556148649383424 0.0010986519777888026 -0.013595205032948161 0.011268678575645886 -0.029006828172328882 0.20433529162420869 -0.020849437996520614 0.018558750627572316 0.033797774079819119 -0.020741895205181281 -0.011637882903623813 0.14879479599132323 -0.010001889076213298 0.037740121285093409
leaf_weight=2142.6097222194076 966.74518637917936 76.353768318891525 1150.743893019855 570.21186914853752 190.61902849562466 6057.6219678018242 1232.9990509506315 5880.7005665749311 39592.712585097179 1220.241488546133 532.72496410273015 308.66490424238145 314.76158949546516 69.904410444200039 13.50173547118902 59.145312441512942 146.44650521315634 3768.7593147400767 5220.069492187351 495.1178428567946 483.54472049325705 2.9203202817589036 676.88280705176294 190.07712083309889 35.097798138856888 66.954965993762016 5518.8881448321044 12.192855533212422 76.611605988815427 144.1330639757216
leaf_count=38838 30972 531 12748 3014 70 75376 9754 72729 396492 25638 1958 6467 1450 529 84 1342 491 26284 85581 1380 13505 85 22393 1186 380 629 98877 227 2187 987
internal_value=-0.00301249 -0.00216259 -0.0015478 0.00765773 0.00519546 -0.00229175 -0.00117715 0.00672882 -0.00255752 -0.0063853 -0.00162528 -0.0125483 0.0361738 -0.0105236 -0.0108968 0.0120555 -0.0118441 0.00342493 -0.0112562 0.0033194 -0.0125052 -0.027606 -0.00989976 0.0288592 0.0691451 0.01279 -0.0133238 -0.0221388 0.0118009 0.0232795
internal_weight=77218 69704.1 65808.5 4920.71 4529.59 60887.8 47857.2 7113.7 40743.5 13030.7 6590.35 3895.61 391.115 3586.95 7513.82 297.822 7216 4338.97 6440.31 641.564 3305.96 486.465 2819.49 238.677 48.5995 280.992 6574.44 1055.55 88.8045 214.037
internal_count=932184 795058 711625 31349 29368 680276 491723 82483 409240 188553 77334 83433 1981 76966 137126 2992 134134 29298 111219 1871 74821 13590 61231 1650 464 2145 132263 33386 2414 1516
is_linear=0
shrinkage=0.05


Tree=87
num_leaves=31
num_cat=0
split_feature=3 21 2 38 2 2 2 34 30 2 2 3 2 3 2 3 2 11 3 3 2 49 3 2 55 2 3 14 16 25
split_gain=191.813 131.112 132.971 127.135 122.098 1232.26 358.977 99.7231 84.0124 80.6661 110.92 92.7932 74.0635 70.2624 106.393 96.5768 90.2428 69.527 69.2627 91.0774 65.3731 52.5941 51.4613 76.3342 55.0242 50.1401 95.6995 49.6657 45.3835 43.6694
threshold=0.008200000040233137 13.84500026702881 0.71129998564720165 0.55613666772842418 0.70549997687339794 0.68909999728202831 0.66874998807907116 2.8777164220809941 12.511250019073488 0.19680000096559527 0.20940000563859942 0.012099999934434892 0.62525001168251049 0.0043500000610947618 0.77129998803138744 0.0014500000397674742 0.8756999969482423 -0.25000000000000006 0.0033999999286606912 0.0023999999975785617 0.73934999108314525 0.025593177415430549 1.0000000180025095e-35 0.18329999595880511 14.178048133850099 1.0000000180025095e-35 0.028500000014901165 14.635000228881838 164.47500610351565 19.792158126831058
decision_type=2 10 2 10 2 2 2 10 10 2 2 2 2 2 2 2 2 2 2 2 2 10 2 2 2 2 2 10 10 8
left_child=1 2 4 29 5 6 -1 8 9 25 11 -11 -12 15 -15 20 -16 -9 19 -6 -4 27 24 -24 -23 26 -2 -5 -29 -3
right_child=7 3 13 21 18 -7 -8 17 -10 10 12 -13 -14 14 16 -17 -18 -19 -20 -21 -22 22 23 -25 -26 -27 -28 28 -30 -31
leaf_value=-0.0023089749509595699 -0.0078766190318864081 0.019562432226350023 0.014626261869271729 0.18620251081121436 -0.0068643421840432293 0.19917029416695853 0.060184988824207988 -0.0078138340755589519 0.0047875454536040621 0.098455870816686566 -0.0028233129377655403 0.0057402635335104327 -0.025088543200935155 0.019711660020196958 0.16084191387321434 -0.010050031270663515 -0.055690222573013495 0.0037726077335337401 -0.018612625815149646 0.011523094620879984 -0.00076415859551274027 -0.024601621209196185 0.0022934908990335859 0.020172416864593354 -0.20185986672197442 -0.018011462632398761 0.10689157107796672 -0.048048021370236116 0.020974649219100593 0.051909631070222721
leaf_weight=38915.487223878503 993.71867978572845 278.62310317158699 1907.9187642335892 2.671258606016635 12730.945271387696 76.316703408956528 231.15453483909369 2888.6311717163771 744.80607086606324 45.643092434853315 1818.3878642916679 66.023483011871576 470.04785298556089 183.41946592181921 25.255734324455265 848.8695589825511 5.9443386495113364 2346.5815140437335 1162.5859395936131 711.06938962638378 1080.8702630400658 77.202789805829525 3457.9547691997141 721.58035595715046 4.6412527561187735 4858.3678844552487 18.501990921795368 99.810286067426205 31.27835807017982 166.80208132229745
leaf_count=445661 29316 1429 9496 27 152416 550 1968 28984 8266 628 27613 996 9144 1669 242 6614 66 23689 15246 8624 6375 392 21721 3206 26 126355 297 786 75 307
internal_value=-0.00287286 -0.0016831 -0.00234421 0.00622191 -0.00300176 -0.00154866 -0.00193996 -0.00810924 -0.0112965 -0.012745 -0.00502223 0.0436373 -0.00739662 0.00639029 0.034231 0.00483331 0.119588 -0.00262044 -0.00690431 -0.00589166 0.00906045 0.00364229 0.00461133 0.00538022 -0.0346537 -0.0159023 -0.00577882 -0.0272297 -0.0315789 0.0316758
internal_weight=76971.1 62720.4 57879.8 4840.56 53827.6 39223 39146.6 14250.7 9015.5 8270.69 2400.1 111.667 2288.44 4052.28 214.62 3837.66 31.2001 5235.21 14604.6 13442 2988.79 4395.14 4261.38 4179.54 81.844 5870.59 1012.22 133.76 131.089 445.425
internal_count=932184 676896 648927 27969 624465 448179 447629 255288 202615 194349 38381 1624 36757 24462 1977 22485 308 52673 176286 161040 15871 26233 25345 24927 418 155968 29613 888 861 1736
is_linear=0
shrinkage=0.05


Tree=88
num_leaves=31
num_cat=0
split_feature=3 1 1 1 1 2 1 3 1 3 1 1 1 29 2 2 2 38 1 17 3 1 18 1 3 2 1 2 1 1
split_gain=181.01 226.233 375.539 414.606 364.207 335.087 543.118 385.461 251.023 533.674 235.205 232.865 225.7 189.69 181.33 166.315 163.067 152.17 146.123 133.233 125.899 107.549 102.23 94.3343 93.3455 90.8853 266.091 311.811 218.772 454.903
threshold=0.0014500000397674742 0.69680002331733715 0.84379997849464428 0.87380000948905956 0.99950000643730175 0.45209999382495886 0.45404998958110815 1.0000000180025095e-35 0.45020000636577612 1.0000000180025095e-35 0.86895000934600841 0.8303000032901765 0.92020002007484447 2.6350001096725468 0.18329999595880511 0.46179999411106115 0.45984999835491186 0.79248937964439403 0.85249999165534984 102.29500198364259 1.0000000180025095e-35 0.764499992132187 0.15333333611488345 0.75290000438690197 1.0000000180025095e-35 0.18329999595880511 0.87185001373291027 0.084600001573562636 0.57690000534057628 0.51790001988410961
decision_type=2 2 2 2 2 2 2 2 2 2 2 2 2 8 2 2 2 8 2 10 2 2 10 2 2 2 2 2 2 2
left_child=1 5 11 10 12 -1 8 15 9 -7 18 14 -5 -2 20 -8 -9 19 -4 21 -3 23 -23 -15 -16 26 -19 -28 29 -27
right_child=13 2 3 4 -6 6 7 16 -10 -11 -12 -13 -14 17 24 -17 -18 25 -20 -21 -22 22 -24 -25 -26 28 27 -29 -30 -31
leaf_value=-0.020538781570309264 -0.013368074632305186 0.12834577703578343 -0.023087938862679097 0.00021368745419695769 -0.0066010653577770143 -0.0034689235257084972 -0.013209899394374593 0.10886200893204004 -0.059122010072188647 0.039118496201246848 -0.056803810035371431 0.10387995635207802 0.029809647112215249 0.013469445575686235 -0.008112529168168096 0.07730614372607042 -0.0089345734287619247 -0.019889180565544125 0.051554261232600533 0.035042288151191529 -0.023847588522573432 0.0193935570596863 -0.0022311300359836978 0.069479340110147766 0.035984393512802394 -0.0014961054479290007 -0.0063477728774486569 0.018193811633764 0.0056241300670850309 -0.031590133945890018
leaf_weight=2240.9986788891256 5408.8891765922308 14.4248801022768 206.10115351341665 999.0527477748692 2624.1900914888829 15076.283261798322 57.284813061356544 32.004207581281662 190.55664782971144 773.35427352041006 433.4739360883832 97.217188782989979 1813.5163828618824 584.72623846307397 133.5320555716753 444.73964831233025 358.20041429251432 3311.5642081573606 96.159398175776005 309.7899516094476 234.33862676471472 599.64919625595212 6170.553386811167 86.267210494726896 1185.0997171923518 7076.3620531968772 17307.249542184174 1398.886074250564 5964.8866690117866 1526.6464333310723
leaf_count=20526 131474 66 1386 6072 32670 157168 286 154 1100 5852 3982 528 9218 3204 704 1914 1782 45640 528 247 1606 3798 53598 362 5500 80683 268522 15927 60421 17266
internal_value=-0.00273909 0.000556064 0.00771344 0.00202954 0.00679657 -0.0023695 3.51955e-05 0.0380038 -0.00207679 -0.00139095 -0.0331968 0.0287897 0.0192969 -0.00452828 0.0241322 0.0669776 0.000726989 -0.00344986 0.000658293 0.00291415 -0.0150225 0.00157659 -0.000315792 0.0206704 0.0315189 -0.00479813 -0.00682522 -0.0045125 -0.00173441 -0.00683644
internal_weight=76756 27010.5 7837.11 6172.49 5436.76 19173.4 16932.4 892.229 16040.2 15849.6 735.734 1664.61 2812.57 49745.5 1567.4 502.024 390.205 44336.6 302.261 7750.99 248.764 7441.2 6770.2 670.993 1318.63 36585.6 22017.7 18706.1 14567.9 8603.01
internal_count=932184 251042 62260 53856 47960 188782 168256 4136 164120 163020 5896 8404 15290 681142 7876 2200 1936 549668 1914 61209 1672 60962 57396 3566 6204 488459 330089 284449 158370 97949
is_linear=0
shrinkage=0.05


Tree=89
num_leaves=31
num_cat=0
split_feature=3 27 28 27 28 51 1 59 39 28 28 49 1 52 3 3 3 3 1 39 55 32 3 59 23 3 1 30 3 1
split_gain=175.116 152.725 145.404 215.245 143.521 191.276 184.933 137.969 102.497 84.9274 71.5397 66.8118 66.5242 62.5498 58.6516 139.284 60.7813 85.4448 53.3312 53.2633 51.2359 50.6332 83.013 49.3915 49.1761 44.9804 45.5334 40.6399 49.1493 79.4006
threshold=0.013050000183284284 0.10569420084357263 0.074999999254941954 0.99766695499420177 10.525000095367433 0.93714275956153881 0.37475000321865087 -0.020924168638885018 1.6339258551597597 6.8250000476837167 0.36500000953674322 0.025593177415430549 0.99179998040199291 357.50000000000006 0.054650001227855689 0.055600000545382507 0.058499999344348914 0.067199997603893294 0.92309999465942394 2.4415745735168461 8.2278690338134783 0.0018586483784019949 0.00530000007711351 0.22330987453460696 98.419998168945327 0.0063000000081956395 0.98020002245903026 1.8308333754539492 0.030449999496340755 0.99369999766349804
decision_type=2 8 8 10 10 10 2 10 10 8 10 10 2 2 2 2 2 2 2 10 2 8 2 10 10 2 2 8 2 2
left_child=1 10 3 -3 5 6 -4 8 -5 -7 13 24 -13 25 20 -16 -17 18 -18 -9 27 -15 -23 -22 -6 -1 -27 28 -2 -30
right_child=14 2 4 7 11 9 -8 19 -10 -11 -12 12 -14 21 15 16 17 -19 -20 -21 23 22 -24 -25 -26 26 -28 -29 29 -31
leaf_value=-0.0035762353399547914 -0.022893006696755324 -0.0099091871254099965 -0.0040350891720029574 0.034365645182736562 -0.04625218756348308 -0.009420316629567823 0.0029032368616197005 0.009100104442414025 -0.0064067262968613599 -0.0010096031730731346 -0.035158540628417737 0.011293481443993933 0.00040915750230350429 -0.028000653918246604 0.13987105696047605 -0.066190939688288583 0.10170037498781606 -0.015737067799484306 -0.056237392240325396 -0.016718353413446973 -0.02260424436875191 0.44225409149726902 -0.051873259324108981 0.010384122463625895 0.013474879769777754 -0.0037426535319416278 -0.029093542576275395 -0.0098553919842918006 -0.0056441587245666313 0.10807124623822889
leaf_weight=2322.5852041766047 1246.2597015853971 1346.8648452628404 20752.744970031083 962.73658286035061 105.29299836605787 12027.80338178575 17876.735802080482 2126.9427579194307 183.52593625336885 3999.3821313232183 296.40667585469782 3129.4700011201203 2545.8839820362628 465.07081293873489 21.099025674164295 26.481481296941638 33.482510924339294 67.941380212083459 6.3603709619492284 220.46552263572812 147.03639143332839 1.5101220682263368 1.94438617862761 497.00108134187758 51.23106699436903 317.31997099332511 400.91695379093289 5135.0024674031883 157.95970515348017 17.002954423427582
leaf_count=40198 35227 20628 226657 6832 955 152468 206698 14344 1506 44501 6467 15852 18911 13505 154 264 176 550 110 2118 495 27 58 1395 155 8812 14366 94655 3803 297
internal_value=-0.00261415 -0.0018338 -0.00126659 0.00707205 -0.00193388 -0.00272944 -0.000824209 0.0136186 0.0278377 -0.00732153 -0.0115705 0.00552216 0.00641093 -0.00957817 -0.00994861 0.0204461 0.00167921 0.0183542 0.0764878 0.00667527 -0.0106045 -0.026584 0.164132 0.00285274 -0.0267032 -0.00695793 -0.0178934 -0.0119264 -0.0194091 0.00540676
internal_weight=76490.5 69134.8 65329.1 4840.54 60488.5 54656.7 38629.5 3493.67 1146.26 16027.2 3805.75 5831.88 5675.35 3509.35 7355.63 155.365 134.266 107.784 39.8429 2347.41 7200.26 468.525 3.45451 644.037 156.524 3040.82 718.237 6556.22 1421.22 174.963
internal_count=932184 795058 711625 45428 666197 630324 433355 24800 8338 196969 83433 35873 34763 76966 137126 1254 1100 836 286 16462 135872 13590 85 1890 1110 63376 23178 133982 39327 4100
is_linear=0
shrinkage=0.05


Tree=90
num_leaves=31
num_cat=0
split_feature=3 2 1 2 1 2 1 2 3 1 1 1 1 2 1 1 1 3 1 3 34 1 29 3 1 1 1 28 1 29
split_gain=164.023 225.497 185.335 596.627 214.998 262.925 177.898 334.41 417.198 343.311 170.844 160.398 961.473 578.635 737.928 270.351 691.747 132.067 131.595 131.353 129.557 124.552 118.318 117.198 145.49 113.422 103.759 103.36 99.4999 143.9
threshold=0.0043500000610947618 0.18620000034570697 0.37475000321865087 0.51014998555183422 0.54884999990463268 0.34574998915195471 0.87185001373291027 0.088500000536441817 0.011099999770522119 0.90279999375343334 0.87280002236366283 0.92020002007484447 0.9540500044822694 0.084600001573562636 0.90569999814033519 0.9009000062942506 0.87860000133514415 1.0000000180025095e-35 0.28675000369548803 0.008200000040233137 4.1460671424865732 0.9618000090122224 2.1650000810623173 0.0014500000397674742 0.91249999403953563 0.99950000643730175 0.86990001797676098 0.014999999664723875 0.93955001235008251 38.414999008178718
decision_type=2 2 2 2 2 2 2 2 2 2 2 2 2 2 2 2 2 2 2 2 10 2 8 2 2 2 2 8 2 10
left_child=11 6 18 4 -4 -6 26 22 9 -9 -10 13 28 -1 15 16 -15 -14 19 -3 21 -19 -8 -16 -25 -22 -2 -24 29 -13
right_child=1 2 3 -5 5 -7 7 8 10 -11 -12 12 17 14 23 -17 -18 20 -20 -21 25 -23 27 24 -26 -27 -28 -29 -30 -31
leaf_value=-0.041142395756052996 -0.016636731549009975 0.039604230843079846 -0.025681876718136216 0.067783925720440633 0.00074552552539463126 0.033928577080424654 -0.018972512098642452 0.028237124759292881 0.20153502879064922 0.1184510702727051 -0.013474309098695082 0.094378344032412714 -0.067255625330310195 -0.0023602805014102885 0.14518313381317596 -0.044956104606023672 0.054523235686641441 -0.035398009186606537 -0.021977251811815066 -0.018273003095097645 0.01897959844965269 -0.0015499929385787915 0.004885225692436994 0.031936561316005793 0.14276596412392378 0.0012071921657494538 -0.05123787344721055 -0.0078614093453012752 0.039285588912003129 0.030466803821513316
leaf_weight=937.32909677550197 2642.9402118399739 203.58542290329933 605.81420681998134 373.10088349506259 3715.0876690912992 711.23534514568746 2133.1051953900605 525.87705877609551 9.375969981774686 131.91135686635971 632.48023663274944 277.69384333491325 71.467143446207047 32819.43052188307 69.777583554387093 360.67526483163238 543.30706282705069 282.2839257158339 1101.511901922524 189.07574806362391 1538.3690925650299 7307.5039988458157 1790.3560245279223 96.866944339126348 42.649474568665028 2155.7055912669748 236.01085871458054 14238.193689445034 413.92809953168035 128.98020661994815
leaf_count=10252 43714 1826 8536 2288 43626 7612 69037 5742 176 1452 9196 1509 418 315348 352 2398 3498 2875 16874 3498 6422 99207 17629 704 220 17534 3784 233764 2508 185
internal_value=-0.00249165 -0.00543252 0.00246867 0.00677726 0.002254 0.00607748 -0.00787266 -0.00615656 0.0183447 0.0463284 -0.0103335 -0.000663858 0.00427679 -0.00238903 -0.00131854 -0.00189942 -0.00143394 0.000499725 -0.0131179 0.011735 0.000928858 -0.00280889 -0.00790987 0.092277 0.0658166 0.00860837 -0.0194733 -0.00643764 0.056543 0.0741082
internal_weight=76285.6 29239.7 6899.41 5405.24 5032.14 4426.32 22340.3 19461.3 1299.64 657.788 641.856 47046 12175.9 34870 33932.7 33723.4 33362.7 11355.3 1494.17 392.661 11283.9 7589.79 18161.7 209.294 139.516 3694.07 2878.95 16028.5 820.602 406.674
internal_count=932184 468754 84260 62062 59774 51238 384494 336996 16566 7194 9372 463430 130658 332772 322520 321244 318846 126456 22198 5324 126038 102082 320430 1276 924 23956 47498 251393 4202 1694
is_linear=0
shrinkage=0.05


Tree=91
num_leaves=31
num_cat=0
split_feature=3 1 1 1 1 1 1 1 1 3 1 1 1 1 1 28 1 1 1 1 3 1 1 1 3 3 1 1 1 1
split_gain=157.555 192.248 339.282 378.866 317.343 311.345 317.155 393.822 1593.89 318.363 237.601 226.575 197.308 190.69 395.803 164.136 141.617 141.278 214.257 209.573 136.363 130.561 130.424 889.227 363.147 612.258 272.648 378.157 214.967 182.277
threshold=0.0014500000397674742 0.69680002331733715 0.84379997849464428 0.87380000948905956 0.99564999341964733 0.56915000081062328 0.37475000321865087 0.34669999778270727 0.29449999332427984 1.0000000180025095e-35 0.92020002007484447 0.86895000934600841 0.8303000032901765 0.42020000517368322 0.42309999465942388 10.00500011444092 0.8128499984741212 0.57009997963905346 0.60199999809265148 0.60590001940727245 1.0000000180025095e-35 0.85249999165534984 0.764499992132187 0.75290000438690197 0.0063000000081956395 0.0033999999286606912 0.72580000758171093 0.57690000534057628 0.76644998788833629 0.77709999680519115
decision_type=2 2 2 2 2 2 2 2 2 2 2 2 2 2 2 10 2 2 2 2 2 2 2 2 2 2 2 2 2 2
left_child=1 5 12 11 10 6 7 8 -1 -9 -5 21 16 -8 -15 22 -3 -7 20 -20 -19 -4 23 26 25 -25 27 -2 -24 -30
right_child=15 2 3 4 -6 17 13 9 -10 -11 -12 -13 -14 14 -16 -17 -18 18 19 -21 -22 -23 28 24 -26 -27 -28 -29 29 -31
leaf_value=-0.0028359868382756459 -0.0062640235570645244 0.030153489997789714 -0.022137186263193456 0.00015373144090151706 -0.0050034928366325896 -0.05266166940501852 0.054563530813699967 -0.039310579494133198 0.11211265152393267 0.12429903152174787 0.031449802023087219 -0.056271893222646023 0.095055243324700417 -0.050168641097505212 0.021048563637394203 0.0037975628855714677 -0.0081048797194679095 0.1619218230403251 -0.05283189080153497 -0.0097041224321910216 0.02352658568963685 0.048220412333095763 -0.048887267193095621 0.012766819062514565 0.018325582871512362 0.17450165001195428 -0.026798533636503807 0.014754550672465347 0.031808928781201472 -0.0068969297862912912
leaf_weight=13810.64513425529 8674.7284371182323 1276.6130552403629 202.87348723225296 995.20424100384116 2878.1424039192498 299.76765942946076 310.42439073324203 899.97510256618261 308.30414266139269 30.74927968531847 1552.6261422634125 415.07990970462561 100.82088442146778 223.19512738287449 1549.6940123513341 5857.3011415656656 298.42475322633982 21.207977436482906 378.33594417572021 1102.6302494592965 110.73033955693245 97.687533915042877 302.1327460706234 97.635927014052868 196.37795715406537 146.03844955563545 1131.6847227979451 2840.7434893641621 307.32386429980397 29659.559589963406
leaf_count=146300 100060 5874 1386 6072 34166 3432 1430 10450 2398 242 7722 3982 528 1298 8448 39819 2002 132 3784 9988 880 528 2835 755 2369 1092 13187 29024 3682 488319
internal_value=-0.00237741 0.000702406 0.00730458 0.00186338 0.00637342 -0.00200752 0.000128456 -0.00240261 -0.000325946 -0.0339052 0.0192253 -0.0323316 0.0272453 0.0184126 0.0120828 -0.00405853 0.0229046 -0.0211408 -0.0152824 -0.0207218 0.0457725 0.000730251 -0.00511986 -0.000949256 0.0689218 0.109697 -0.00338039 -0.00107897 -0.00692308 -0.00649998
internal_weight=76076.7 26863.1 7817.47 6141.61 5425.97 19045.7 17133 15049.7 14118.9 930.724 2547.83 715.641 1675.86 2083.31 1772.89 49213.5 1575.04 1912.67 1612.9 1480.97 131.938 300.561 43356.2 13087.2 440.052 243.674 12647.2 11515.5 30269 29966.9
internal_count=932184 251042 62260 53856 47960 188782 170566 159390 148698 10692 13794 5896 8404 11176 9746 681142 7876 18216 14784 13772 1012 1914 641323 146487 4216 1847 142271 129084 494836 492001
is_linear=0
shrinkage=0.05


Tree=92
num_leaves=31
num_cat=0
split_feature=27 38 3 30 59 2 2 2 2 43 34 18 2 39 3 2 28 34 3 2 2 3 48 3 42 48 17 2 2 23
split_gain=151.817 143.101 118.093 108.959 99.3746 95.982 119.224 884.538 365.556 66.4538 98.0477 65.2936 69.4611 57.7626 57.1192 104.112 56.2817 61.269 50.5212 49.5985 57.1812 45.4644 42.5413 41.2266 41.0937 40.2547 38.4724 50.5747 37.022 36.9412
threshold=0.18786325305700305 0.5712660849094392 0.013050000183284284 92.222503662109389 -0.1154455430805683 0.71129998564720165 0.62525001168251049 0.57785001397132885 0.62619999051094066 1.8195975422859194 69.779380798339858 0.092500001192092909 0.72679999470710765 0.63772469758987438 0.045949999243021018 0.071100000292062773 0.36500000953674322 2.6586911678314213 0.0014500000397674742 0.11850000172853471 0.048849999904632575 0.013050000183284284 477.50000000000006 0.0014500000397674742 1.0628741979599001 65.500000000000014 14.701250076293947 0.00530000007711351 0.014999999664723875 0.40375000238418585
decision_type=8 8 2 10 10 2 2 2 2 10 10 10 2 8 2 2 10 10 2 2 2 2 2 2 10 2 10 2 2 10
left_child=16 3 5 4 13 6 7 -3 -8 10 -6 12 -7 -2 26 -16 17 18 19 20 -1 -15 -20 -11 -18 -19 28 -28 -4 -21
right_child=1 2 14 -5 9 11 8 -9 -10 23 -12 -13 -14 21 15 -17 24 25 22 29 -22 -23 -24 -25 -26 -27 27 -29 -30 -31
leaf_value=-0.00040620191365159933 -0.0080934390989807793 -0.0015939717567569371 -0.005034385222927827 0.046745303515664111 0.026514918522255931 0.011537628959698412 -0.054592835083779934 0.060793480822674134 -0.0046090547911242065 0.011663832847677155 -0.060157981774215601 0.095984690078382978 -0.0015118451933696549 0.044471737236246901 -0.054227191665993449 0.027497057514910491 -0.038434946426095289 0.006693116349481644 -0.01227072130548917 -0.017819242343711426 0.036244995176381467 -0.0070743780384124174 -0.037666869604222109 -0.0017231115404152204 -0.011229097114166753 0.0731676256303984 -0.0222728338212996 0.0021527847399903993 -0.015217105428950217 0.097408194974508103
leaf_weight=425.81957453489304 88.906378703191876 38828.927725291811 1247.3781717848033 162.55365711078048 452.41329186223447 2134.4528905153275 374.2744637131691 576.58528883755207 16142.969364304096 701.23540803790092 35.165801474824548 19.947444714605808 1952.6529452130198 297.80431099049747 47.114118278026581 225.47301485016942 298.24070880003273 314.4874206315726 2864.7567341458052 332.30884503945708 141.87520049512386 49.953484788537025 174.96920948661864 3197.6445289161056 259.63323574513197 24.552378505468369 263.75603402219713 1078.4379887618124 3138.7287381961942 7.1043804436922064
leaf_count=6531 634 445454 31741 50 2228 12321 4950 2882 196100 3505 145 68 13505 1378 1110 1497 6943 2505 81699 3130 851 338 6488 23822 5731 320 2889 8466 64855 48
internal_value=-0.00226995 -0.00168578 -0.00230252 0.00648236 0.00512538 -0.00163397 -0.00217579 -0.000681112 -0.00574167 0.00286094 0.0202638 0.00574355 0.00530312 0.0278725 -0.00899036 0.0133718 -0.0108347 -0.00889014 -0.0106423 -0.000286812 0.00875347 0.0370674 -0.0137325 0.000684605 -0.0257734 0.011507 -0.0100545 -0.00264712 -0.0123212 -0.0154074
internal_weight=75860.1 71016.4 66030.7 4985.68 4823.12 60029.8 55922.8 39405.5 16517.2 4386.46 487.579 4107.05 4087.11 436.664 6000.89 272.587 4843.75 4285.87 3946.83 907.108 567.695 347.758 3039.73 3898.88 557.874 339.04 5728.3 1342.19 4386.11 339.413
internal_count=932184 817938 785838 32100 32050 675280 649386 448336 201050 29700 2373 25894 25826 2350 110558 2607 114246 101572 98747 10560 7382 1716 88187 27327 12674 2825 107951 11355 96596 3178
is_linear=0
shrinkage=0.05


Tree=93
num_leaves=31
num_cat=0
split_feature=27 28 27 28 2 2 2 3 2 39 2 59 33 27 38 2 2 32 28 56 5 52 3 2 42 2 3 59 3 30
split_gain=139.076 134.921 195.569 124.931 177.54 328.209 289.607 221.753 198.389 121.457 107.998 105.985 137.624 90.5773 67.5976 57.203 55.8586 54.5139 51.933 48.3898 53.0114 48.138 52.8274 43.364 38.6454 38.0632 32.9281 31.7442 26.6812 24.712
threshold=0.18786325305700305 0.074999999254941954 1.0201720595359804 10.00500011444092 0.18329999595880511 0.20940000563859942 0.21710000187158587 0.0033999999286606912 0.12619999796152118 1.9773815870285036 0.14554999768733981 0.22960286587476733 5.05383324623108 1.100449860095978 0.79730540513992321 0.57785001397132885 0.60394999384880077 28.391327857971195 0.36500000953674322 66.500000000000014 27.500000000000004 419.50000000000006 0.0063000000081956395 0.39120000600814825 1.0628741979599001 0.18039999902248385 0.032400000840425498 -0.0012780997203662989 0.031399999745190151 7.1474997997283944
decision_type=8 8 10 10 2 2 2 2 2 10 2 10 8 8 10 2 2 10 10 2 2 2 2 2 10 2 2 10 2 10
left_child=16 2 -2 4 7 13 -7 8 -3 11 -9 12 -4 -6 19 23 18 -13 21 20 -5 22 25 -16 -20 -1 27 -23 -24 -11
right_child=1 3 9 14 5 6 -8 10 -10 29 -12 17 -14 -15 15 -17 -18 -19 24 -21 -22 26 28 -25 -26 -27 -28 -29 -30 -31
leaf_value=0.00024807262024432916 -0.010913355356051225 0.003970564169236925 0.036061963172015286 0.018145626639718974 0.059549805580416261 -0.036660296879466397 -0.00088984351449589725 -0.0081498461520533722 -0.015951485862531405 -0.016647301444133841 -0.020924285098912615 0.0014114138877453508 0.010218827098626034 0.020200645859983324 0.0018601585764692478 0.088119127971355501 0.065944757560702089 0.034892424525789466 -0.037883069039153484 0.049642997273606625 -0.00013351199460718787 0.13634325194720751 -0.017149898727719035 -0.021327568293016418 -0.011203079220496045 -0.013750927681993883 0.12553127533112046 -0.029662713961079997 0.01914828631850294 0.01523573004297217
leaf_weight=1956.0474520474672 1290.3911683633924 6914.9437561184168 941.75833676755428 977.36783657036722 174.8692326284945 576.03836291655898 31987.222061781213 14430.991042032838 1525.3041058033705 415.63760342635214 1868.7703813053668 1349.1738348472863 1137.2774600163102 893.52136134169996 5196.057532178238 18.890875093638897 23.837130729109049 133.61707985028625 288.15735394135118 83.959119886159897 667.55010329838842 2.9042167700827113 1223.0977655574679 209.7688047401607 256.5810973290354 645.90972942113876 3.5157434642314902 342.07680686190724 52.812258509919047 71.184154562652111
leaf_count=37992 21284 71418 8478 2862 1899 6028 331868 256879 14315 4240 29135 9423 7566 7776 40297 74 46 196 6935 33 2491 72 42515 1199 5728 8165 66 11177 1550 477
internal_value=-0.00216356 -0.00160593 0.00603715 -0.0022287 -0.00299299 -0.000627927 -0.00152262 -0.00620807 0.000370293 0.0114396 -0.00961444 0.0146413 0.0219252 0.0266411 0.00400779 0.0012639 -0.0104047 0.00442845 -0.0107861 0.0126173 0.0107275 -0.00891333 -0.00731365 0.000960377 -0.0253163 -0.00322704 -0.0267136 -0.0282652 -0.0156475 -0.0119853
internal_weight=75659.2 70864.3 5339.04 65525.3 58371.7 33631.7 32563.3 24740 8440.25 4048.65 16299.8 3561.83 2079.04 1068.39 7153.59 5424.72 4794.94 1482.79 4771.1 1728.88 1644.92 4226.36 3877.87 5405.83 544.738 2601.96 348.497 344.981 1275.91 486.822
internal_count=932184 817938 51664 766274 719318 347571 337896 371747 85733 30380 286014 25663 16044 9675 46956 41570 114246 9619 114200 5386 5353 101537 90222 41496 12663 46157 11315 11249 44065 4717
is_linear=0
shrinkage=0.05


Tree=94
num_leaves=31
num_cat=0
split_feature=3 1 1 1 1 3 1 1 1 1 1 3 59 3 1 34 3 34 1 33 55 33 3 3 33 1 1 3 3 1
split_gain=133.862 123.61 190.546 864.895 781.585 352.897 463.926 325.646 168.227 153.296 139.113 136.955 119.695 116.242 99.6166 99.0645 101.355 97.5001 91.477 77.2664 69.3084 66.809 66.4632 63.1896 61.6315 59.9788 54.0369 51.8153 48.3313 112.745
threshold=0.013050000183284284 0.99469998478889476 0.87860000133514415 0.89605000615119945 0.86800000071525585 0.0023999999975785617 0.90279999375343334 0.89215001463890087 0.9212000072002412 0.87380000948905956 0.87764999270439159 0.0092000002041459101 0.49501059949398046 0.0043500000610947618 0.81769999861717235 69.779380798339858 0.010149999987334015 0.18502698838710788 0.28869999945163732 32.528165817260749 19.535013198852543 5.05383324623108 0.00530000007711351 0.011099999770522119 1.0015000104904177 0.99564999341964733 0.99564999341964733 0.0023999999975785617 0.045949999243021018 0.92890000343322765
decision_type=2 2 2 2 2 2 2 2 2 2 2 2 10 2 2 10 2 8 2 10 2 8 2 2 10 2 2 2 2 2
left_child=1 2 4 7 12 6 -5 11 -7 20 -11 -4 18 19 -14 17 25 -15 -1 21 -6 24 -19 -9 -3 -17 -21 -23 -2 -30
right_child=28 13 3 5 9 8 -8 23 -10 10 -12 -13 14 15 -16 16 -18 22 -20 26 -22 27 -24 -25 -26 -27 -28 -29 29 -31
leaf_value=0.0056708316221595473 -0.0094316733093213964 -0.0067149931399894183 0.047606847350441642 -0.03709299410862011 -0.047268642192024368 -0.017275889686693659 0.025174251616149848 0.13715810384886903 0.00029589495774045801 0.017138604879160226 -0.051292829390613248 -0.062163715934024914 0.017136704926695681 -0.031300155185918964 -0.0060135861584903845 -0.20975670988143752 0.02569222211139708 -0.016350010132895592 -0.002231557912593502 0.050794079728901036 -0.25159115997011433 -0.01221020830848806 -0.0049038226729769714 -0.055331249543244282 0.0083471482125297963 -0.075361706527929187 0.0095157951951995046 -0.0010050683354160929 0.025541990231633473 -0.055441468426404295
leaf_weight=4131.1278686821461 6843.3583424687386 1043.6311661340296 591.60346561297774 341.02213247492909 1057.0562012884766 1643.7849337961525 2435.4957224074751 121.81678241863847 7948.0837080068886 198.56239640712738 118.64141555503011 29.848526231944561 1619.9268297273666 468.00264856591821 651.60016728378832 9.8692269064486009 23.238453414291143 1680.4822033494711 32258.295640431345 92.192954510450363 4.1667931508272877 2109.0010373219848 5169.818016288802 4.4181960001587859 1944.6815941352397 52.271068537607789 566.24307788163424 2019.8191885724664 243.13320108875632 52.206146219745278
leaf_count=25899 134134 21766 4664 2068 12909 21076 14850 726 106920 1848 1166 440 10320 19591 6058 70 71 27393 352051 218 27 24874 88588 66 24755 379 2137 24128 1650 1342
internal_value=-0.00206203 -0.00138143 -0.000245038 0.00498539 -0.00195842 0.00182855 0.0175264 0.0572065 -0.00271543 -0.0389548 -0.0084563 0.0423345 -0.000639342 -0.0053609 0.0104959 -0.00984492 -0.063392 -0.00922022 -0.00133444 -0.00109133 -0.0480709 -0.00260735 -0.00771175 0.130421 0.00308688 -0.0967065 0.0152955 -0.00672865 -0.008577 0.0112268
internal_weight=75473.4 68334.7 53155.5 13116.1 40039.4 12368.4 2776.52 747.687 9591.87 1378.43 317.204 621.452 38661 15179.3 2271.53 7403.68 85.3787 7318.3 36389.4 7775.57 1061.22 7117.13 6850.3 126.235 2988.31 62.1403 658.436 4128.82 7138.7 295.339
internal_count=932184 795058 561088 150810 410278 144914 16918 5896 127996 15950 3014 5104 394328 233970 16378 136092 520 135572 377950 97878 12936 95523 115981 792 46521 449 2355 49002 137126 2992
is_linear=0
shrinkage=0.05


Tree=95
num_leaves=31
num_cat=0
split_feature=3 2 2 2 2 3 2 2 2 2 2 3 3 2 3 34 32 3 34 33 3 3 2 3 3 2 2 2 2 3
split_gain=121.909 112.176 171.666 729.106 570.841 327.676 423.246 251.077 148.806 149.689 113.318 302.952 111.284 110.579 106.149 89.9645 93.0942 91.7455 87.44 72.7425 69.9781 60.2879 52.6954 111.161 104.055 45.1012 44.3161 176.304 162.216 143.748
threshold=0.013050000183284284 0.00530000007711351 0.12139999866485597 0.13199999928474429 0.10199999809265138 0.0023999999975785617 0.097199998795986189 0.088500000536441817 0.12619999796152118 0.1233000010251999 0.13975000381469729 0.0063000000081956395 0.011099999770522119 0.18329999595880511 0.0043500000610947618 69.779380798339858 0.099960442632436766 0.010149999987334015 1.0570830702781679 138.40708160400393 0.0063000000081956395 0.00530000007711351 1.0000000180025095e-35 0.0023999999975785617 0.0023999999975785617 0.0043500000610947618 0.062400000169873245 0.086549997329711928 0.018850000575184826 0.025600000284612182
decision_type=2 2 2 2 2 2 2 2 2 2 2 2 2 2 2 10 8 2 8 10 2 2 2 2 2 2 2 2 2 2
left_child=1 14 4 8 5 6 -3 -7 9 -4 11 -5 18 -12 19 16 -16 25 -6 22 -10 -18 23 -1 -24 -17 28 -28 29 -2
right_child=26 2 3 10 12 7 -8 -9 20 -11 13 -13 -14 -15 15 17 21 -19 -20 -21 -22 -23 24 -25 -26 -27 27 -29 -30 -31
leaf_value=-0.0096181331543107613 -0.0091582633783294353 0.023664340437560463 -0.035061487935024387 0.06884561088942294 0.015307920723608948 -0.0039893860038541767 -0.043033825731110642 0.040273014670831823 -0.050439326629942119 0.035934182471092188 -0.009215881186639999 -0.055908946615372428 -0.065676839645208041 3.5633672442653747e-05 -0.030815557641779297 -0.072998974228431102 -0.015661007589237091 0.024714080045779255 0.054582505561567164 0.034245529922136801 0.0087251135770823971 -0.0047018525399662951 0.025373992082425495 0.0036305551617842506 -0.0041606002413024108 -0.18666012510229729 0.027967073694581991 -0.0081503172832013606 -0.026105772014458718 0.025905841878725151
leaf_weight=3449.9484720416367 2136.8824560716748 2460.6789191337302 195.5339836217463 172.38550723716617 178.89693207666278 9197.0447512790561 263.30197844281793 331.95194500125945 970.78139723651111 119.69233956560493 3560.0254523865879 67.803763054311275 22.724732432514429 34827.535333629698 451.45258136279881 51.290220065042377 1658.7991120107472 22.957615882158279 681.93196535296738 143.36483659036458 52.690885525196791 5154.1598156541586 499.11069767177105 2926.05434204638 740.94494793005288 10.517485665157436 382.08464122004807 2920.8677750304341 1312.567290559411 338.60715979523957
leaf_count=46021 47366 14850 2046 1430 1816 124102 1672 3366 11748 968 43868 1298 352 347732 19052 379 27505 71 4652 317 1188 89015 3062 40880 7598 70 5852 47982 29634 6292
internal_value=-0.00196569 -0.00131705 -0.000235502 -0.00186534 0.0047231 0.00192423 0.0172172 -0.00244746 -0.0381419 -0.00810423 -0.000608127 0.0336283 0.0435374 -0.000822343 -0.0051184 -0.00942477 -0.00882719 -0.0606374 0.0464205 -0.00103972 -0.0473934 -0.00737016 -0.00170393 -0.00353809 0.00772679 -0.0923401 -0.00820532 -0.00397227 -0.0118963 -0.00436206
internal_weight=75302.6 68211.6 53103 39966.4 13136.5 12253 2723.98 9529 1338.7 315.226 38627.8 240.189 883.554 38387.6 15108.6 7349.18 7264.41 84.7653 860.829 7759.42 1023.47 6812.96 7616.06 6376 1240.06 61.8077 7091.01 3302.95 3788.06 2475.49
internal_count=932184 795058 561088 410278 150810 143990 16522 127468 15950 3014 394328 2728 6820 391600 233970 136092 135572 520 6468 97878 12936 116520 97561 86901 10660 449 137126 53834 83292 53658
is_linear=0
shrinkage=0.05


Tree=96
num_leaves=31
num_cat=0
split_feature=34 28 34 51 59 28 30 2 2 59 3 56 3 26 32 18 2 52 3 3 2 2 32 3 59 3 2 19 3 2
split_gain=116.054 118.385 163.122 162.085 130.323 149.82 192.64 145.422 127.154 112.636 92.7209 77.5734 65.5257 65.1128 53.4135 52.8714 42.7344 36.0441 37.6615 32.6879 44.0879 32.641 28.6581 28.2971 28.5327 58.616 26.3322 25.9043 24.3769 30.4704
threshold=0.48363198339939123 0.074999999254941954 1.7620021104812624 0.067142874002456679 0.48126043379306799 6.8250000476837167 4.1425001621246347 0.18329999595880511 0.61945000290870678 0.66784125566482555 0.0033999999286606912 61.500000000000007 0.035299999639391906 1.8044999837875368 28.391327857971195 0.43500000238418585 0.49760000407695776 436.50000000000006 0.0063000000081956395 0.0023999999975785617 0.24419999867677691 0.54304999113082897 3.2910783290863042 0.032400000840425498 -0.0012780997203662989 0.0033999999286606912 0.57785001397132885 1.4664285778999331 0.035299999639391906 0.030449999496340755
decision_type=8 8 10 8 10 8 10 2 2 10 2 2 2 10 10 10 2 2 2 2 2 2 10 2 10 2 2 10 2 2
left_child=16 2 13 22 5 6 -5 11 -7 12 -9 -6 15 19 -11 -4 17 18 -1 20 -2 -18 -3 24 25 -19 -23 -14 -15 -30
right_child=1 3 9 4 7 8 -8 10 -10 14 -12 -13 27 28 -16 -17 21 23 -20 -21 -22 26 -24 -25 -26 -27 -28 -29 29 -31
leaf_value=-0.0055285285426248864 0.010221182128152768 -0.019940221893009841 0.022824057991087023 0.001206491639790393 0.00029774947610252268 0.0021329624659990518 -0.010363527230072431 0.0072904021947426817 -0.0035751581663095071 -0.0077577280857720199 0.032576159398870451 0.039115363269970622 0.045449677544903866 0.0095546376416052736 0.035679351749207784 0.0091999161068646706 0.13363244507502758 0.42949813411458093 -0.015484478897094246 -0.014164829250426825 -0.025469872080968112 -0.022836097841109682 -0.043953644231467331 0.11719708606892804 -0.030077171460701293 -0.05201407864039758 0.099342843904853734 0.1424873934119214 0.22371494255702321 0.02540651099280096
leaf_weight=2941.6783822346479 348.79813889041543 613.53835424035788 1369.2187675293535 5333.6372436881065 6596.058957063593 18335.332612488419 11053.391932629049 824.66009337455034 20851.338628422469 804.84644153527915 646.98360527865589 131.26621721498668 13.956423852592708 456.27547283470631 77.596771698445082 1483.7918913774192 8.4877548590302485 1.0309655256569379 1402.8882307298481 1255.6540365368128 115.0696289613843 13.617501989006998 155.79441762529314 3.3685868848115197 286.28610017895699 1.6333906073123214 6.5220985673367968 13.559325136244295 2.9841517955064756 5.5202409941703081
leaf_count=55409 3275 9863 9605 84525 70886 181777 163969 4566 232522 6168 4772 505 84 4930 112 10164 55 12 52253 24201 1053 122 1205 55 9831 48 36 102 26 53
internal_value=-0.00187366 -0.00136818 0.00538207 -0.00199018 -0.00171498 -0.00258315 -0.00659773 0.00416965 -0.000904345 0.011691 0.0184069 0.00105517 0.016479 -0.00548661 -0.00393813 0.0157384 -0.00951085 -0.00988685 -0.00874337 -0.00997475 0.00136746 0.0513911 -0.0248031 -0.0268818 -0.0285614 0.134306 0.0167309 0.0932683 0.0111179 0.094992
internal_weight=75154.8 70489.3 5947.27 64542 63772.7 55573.7 16387 8198.97 39186.7 3762.97 1471.64 6727.33 2880.53 2184.3 882.443 2853.01 4665.51 4636.89 4344.57 1719.52 463.868 28.6274 769.333 292.319 288.95 2.66436 20.1396 27.5157 464.78 8.50439
internal_count=932184 814363 59773 754590 743522 662793 248494 80729 414299 26235 9338 71391 19955 33538 6280 19769 117821 117608 107662 28529 4328 213 11068 9946 9891 60 158 186 5009 79
is_linear=0
shrinkage=0.05


Tree=97
num_leaves=31
num_cat=0
split_feature=3 1 1 1 1 1 1 1 1 1 1 1 1 1 1 3 1 1 1 28 1 3 1 1 3 1 1 3 43 1
split_gain=112.891 156.879 314.506 291.289 287.293 270.572 245.266 466.91 223.359 221.384 240.986 208.337 191.459 183.531 194.455 206.564 136.781 193.996 201.946 127.482 113.979 113.402 111.647 293.417 244.068 243.609 314.243 146.357 137.944 134.808
threshold=0.0014500000397674742 0.69680002331733715 0.84379997849464428 0.56915000081062328 0.87380000948905956 0.45404998958110815 0.45020000636577612 0.42309999465942388 0.99564999341964733 0.51884999871253978 0.55560001730918895 0.86895000934600841 0.92020002007484447 0.8225499987602235 0.81769999861717235 1.0000000180025095e-35 0.57009997963905346 0.60199999809265148 0.60590001940727245 6.8250000476837167 0.85249999165534984 1.0000000180025095e-35 0.95309999585151683 0.9212000072002412 0.015949999913573269 0.91440001130104076 0.87860000133514415 0.013999999966472389 1.7093975543975832 0.92504999041557323
decision_type=2 2 2 2 2 2 2 2 2 2 2 2 2 2 2 2 2 2 2 10 2 2 2 2 2 2 2 2 10 2
left_child=1 3 13 5 11 6 7 -1 12 -7 -11 20 -6 14 -3 -16 -5 21 -19 22 -4 -18 23 25 29 26 -2 -27 -24 -25
right_child=19 2 4 16 8 9 -8 -9 -10 10 -12 -13 -14 -15 15 -17 17 18 -20 -21 -22 -23 28 24 -26 27 -28 -29 -30 -31
leaf_value=-0.0015480102920430443 -0.0040967012522644727 0.026910120065800042 -0.02034466382689825 -0.052186788743466495 -0.0011518653560340221 0.052919354979746897 -0.058377112168189672 0.080632022884368812 -0.0043818835743675557 -0.0010285115849630508 0.095436125096088301 -0.054790561631479606 0.026737705709513584 0.078892544036566814 0.17484815248718924 -0.04669831843794045 0.14587907206359013 -0.052219604425906008 -0.0091689027135328626 0.0021666458042732054 0.045471594568763193 0.022393931711923682 -0.012099222830386802 0.077748216015576632 -0.018673526534243753 -0.033173070423354552 0.020670889496697098 0.047843861191488257 -0.0030726873008972014 0.024951612517716687
leaf_weight=15448.082106612623 18789.761495890096 1370.1565482094884 196.97697985731065 285.79416636377573 1005.047264944762 413.90680418908596 186.05305983126163 174.79437793791294 2835.7031932175159 713.45939570665359 71.204809971153736 366.10563303530216 1587.1059433305636 149.19961354881525 11.315492734313009 149.88238766044378 22.299890629947186 363.08207922428846 1090.7419120054692 8936.2547117955983 98.762312538921833 111.82598943263292 8331.7085142936558 139.6311834231019 307.3858859166503 902.22917543724179 1374.3452422115952 59.415571102872491 8602.7643705941737 901.53461543098092
leaf_count=162118 230674 6446 1386 3432 6072 1672 1100 902 34166 4202 572 3982 7722 770 44 1144 132 3784 9988 80926 528 880 185806 1313 6312 14086 16795 1245 133950 10035
internal_value=-0.00178487 0.000827858 0.0068077 -0.00163304 0.00152331 0.000428304 -0.00130819 -0.00062855 0.00531557 0.0233323 0.00772523 -0.0295774 0.0159242 0.0259564 0.0207988 -0.0311466 -0.0203434 -0.0146123 -0.0199205 -0.0032252 0.00163471 0.0429247 -0.00444784 -0.0021377 0.0204744 -0.00358113 -0.00240859 -0.0281674 -0.00751371 0.0320322
internal_weight=74996.5 26651.5 7770.26 18881.2 6089.7 17007.5 15808.9 15622.9 5427.86 1198.57 784.664 661.845 2592.15 1680.55 1531.35 161.198 1873.74 1587.95 1453.82 48345 295.739 134.126 39408.8 22474.3 1348.55 21125.8 20164.1 961.645 16934.5 1041.17
internal_count=932184 251042 62260 188782 53856 170566 164120 163020 47960 6446 4774 5896 13794 8404 7634 1188 18216 14784 13772 681142 1914 1012 600216 280460 17660 262800 247469 15331 319756 11348
is_linear=0
shrinkage=0.05


Tree=98
num_leaves=31
num_cat=0
split_feature=3 30 1 1 1 2 1 34 3 3 53 43 3 1 1 3 3 1 3 3 3 3 50 55 1 1 3 1 20 39
split_gain=112.092 96.8754 100.427 148.329 679.465 616.71 746.33 188.736 157.005 119.807 81.979 81.5653 87.1825 70.4251 168.437 97.2437 67.2925 52.9813 42.5597 121.256 56.2281 73.7431 43.1387 46.8946 41.6941 37.1815 98.1788 47.9654 36.129 33.5077
threshold=0.013050000183284284 92.222503662109389 0.99369999766349804 0.9212000072002412 0.95309999585151683 0.084600001573562636 0.90279999375343334 1.8131113648414614 0.0033999999286606912 0.0043500000610947618 0.36000940203666693 1.1668419241905215 0.00530000007711351 0.99950000643730175 0.99660000205039989 0.0023999999975785617 1.0000000180025095e-35 0.91635000705719005 0.054650001227855689 0.055600000545382507 0.058499999344348914 0.067199997603893294 2.2146197557449345 5.6454348564147958 0.92309999465942394 0.99950000643730175 0.026600000448524955 0.99469998478889476 0.96484395861625682 0.58889466524124157
decision_type=2 10 2 2 2 2 2 10 2 2 10 8 2 2 2 2 2 2 2 2 2 2 10 2 2 2 2 2 10 8
left_child=1 2 3 5 8 17 -7 -6 -5 13 -3 -11 -13 14 -4 -15 -12 -1 22 -20 -21 24 23 25 -22 27 -27 -2 -25 -30
right_child=18 10 9 4 7 6 -8 -9 -10 11 16 12 -14 15 -16 -17 -18 -19 19 20 21 -23 -24 28 -26 26 -28 -29 29 -31
leaf_value=-0.050144815710465841 -0.0091013537677555427 0.042500808376762629 0.0062283897249098691 0.05482220676879105 -0.0095713996424338713 -0.0011367403913633829 0.058759200059635953 0.0069575060640456078 0.022619508105659047 -0.027872020646580647 -0.12128240296601933 -0.017691651687676384 -0.0047159881716346873 -0.008851722669873557 0.12896116888588607 0.0036249763289136375 0.0086081372201771613 -0.028371063820754307 0.12812107147291427 -0.066247157945512045 0.089234467324898079 -0.015995523208258432 -0.030177668384752072 0.02041584493322542 -0.056175860480768447 -0.0029538363985292873 0.075727446239922586 -0.026979813279505008 -0.03217666266173997 0.0019196566529695192
leaf_weight=396.15195439383388 4840.7590111121535 199.87569191679358 1746.6193448156118 624.1889551281929 3327.1286365911365 40707.54077526927 526.81779625080526 3591.1737175974995 961.61790000461042 552.20853660069406 10.080924570560454 1717.1653631012887 5259.5764045342803 3379.4906656723469 28.409525532275438 2903.4402548708022 916.95694480929524 947.80940617807209 21.583474107086658 25.586678801104426 35.35739291459322 67.520667545497417 218.24158287234604 230.13797973841429 5.7284315899014464 535.75500255078077 42.815911535173655 406.66870170645416 84.056923761963844 504.69147352874279
leaf_count=6246 102607 365 14616 3252 59652 418987 4611 33362 9529 19476 53 29257 94704 45904 154 40851 2666 11373 154 264 176 550 4967 996 110 13713 617 10597 421 1954
internal_value=-0.00170271 -0.00107999 -0.00132572 -0.000253762 0.00577498 -0.00145787 -0.000371499 -0.000991524 0.0352948 -0.00483879 0.0134576 -0.00937378 -0.00790965 -0.000601525 0.00819274 -0.00308605 0.00719566 -0.0347892 -0.00771764 0.0181255 0.000433892 0.0161433 -0.00830422 -0.00758582 0.0689605 -0.00916058 0.0028688 -0.0104869 0.00361787 -0.00294835
internal_weight=74815.2 67796.3 66669.3 51082.4 8504.11 42578.3 41234.4 6918.3 1585.81 15586.9 1126.91 7528.95 6976.74 8057.96 1775.03 6282.93 927.038 1343.96 7018.9 155.777 134.193 108.606 6863.13 6644.89 41.0858 5826 578.571 5247.43 818.886 588.748
internal_count=932184 795058 791974 547012 105795 441217 423598 93014 12781 244962 3084 143437 123961 101525 14770 86755 2719 17619 137126 1254 1100 836 135872 130905 286 127534 14330 113204 3371 2375
is_linear=0
shrinkage=0.05


Tree=99
num_leaves=31
num_cat=0
split_feature=27 38 54 3 1 1 2 28 3 18 51 11 26 32 1 18 14 34 1 1 3 1 31 48 52 3 3 1 20 27
split_gain=105.411 106.555 100.713 95.2094 91.4604 123.999 901.931 69.2029 69.1815 68.6224 89.7252 75.234 74.6327 65.3754 60.3446 58.3082 49.667 48.1872 47.1285 244.583 110.351 86.784 42.6712 34.726 34.5632 29.6595 32.8257 28.0435 25.828 32.335
threshold=0.13174950331449511 0.72485929727554332 0.1547144949436188 0.008200000040233137 0.28965000808238989 0.29449999332427984 0.68909999728202831 0.36500000953674322 0.0033999999286606912 1.0000000180025095e-35 0.12714286893606189 -0.68301269412040699 0.7318333387374879 6.0549042224884042 1.0000000180025095e-35 0.092500001192092909 0.89499998092651378 2.6586911678314213 0.37475000321865087 0.50725001096725475 0.038200000301003463 0.57009997963905346 9.9710001945495623 456.50000000000006 75.500000000000014 0.0063000000081956395 0.031399999745190151 0.8225499987602235 0.83050039410591137 7.7276089191436776
decision_type=8 8 10 2 2 2 2 10 2 10 10 2 10 10 2 10 10 10 2 2 2 2 10 2 2 2 2 2 10 10
left_child=7 2 22 4 14 8 -7 17 -6 12 16 -12 -4 -14 -3 -16 -11 23 -5 20 -20 -21 -2 25 -19 27 -27 -1 29 -24
right_child=1 3 9 18 5 6 -8 -9 -10 10 11 -13 13 -15 15 -17 -18 24 19 21 -22 -23 28 -25 -26 26 -28 -29 -30 -31
leaf_value=-0.013964653488924117 0.00077089220810560872 0.090563396678071506 -0.0038906813775054921 -0.022334649996907627 -0.004604193545140813 -0.00041577005843880619 0.15913028829531772 -0.030309236651194251 -0.017906597165345553 -0.0068322420309147843 -0.0013993264296206904 0.01006770789328983 0.053207107444939866 0.015601814953840366 0.0050731038240439657 0.092015999942686083 -0.037381789005426456 0.0083807211820915665 0.043807351853464536 -0.031845117880394062 0.2428166710537478 -0.0057068088685372914 0.12532292217209526 -0.02806283953127647 0.105355789981589 -0.016490071206579065 0.026037182476032233 -0.0012134454509422406 0.039250392472441616 0.017801083557818675
leaf_weight=580.16922910138965 65.776405453681946 20.923062264919281 271.96334598772228 434.40976457297802 12691.225012362003 33679.718568593264 88.814689561724663 358.39246482215822 1058.9477903097868 1064.7179005667567 2876.8423940530047 2844.8639190923423 176.00435050018132 336.60308144241571 4438.0892318636179 19.368364006280899 152.04399623163044 310.07413610629737 176.32503544911742 328.53274048864841 7.2522511929273596 9507.1184043064713 20.732282370328907 224.21600945107639 9.468859847635029 1020.5686709731817 47.48656758852303 1679.1869088988751 154.88748198375106 10.550650104880331
leaf_count=7862 743 110 3861 9166 156926 365745 549 9223 14696 9887 20862 21105 1223 1053 28950 68 1586 2512 1165 5683 66 182419 46 7998 121 40445 1455 36420 222 17
internal_value=-0.00162301 -0.00116258 0.00427986 -0.00185759 -0.000982228 -0.00162599 3.85236e-06 -0.00928956 -0.00562866 0.003265 0.00168013 0.00430215 0.017281 0.0285136 0.00584853 0.00545088 -0.0106496 -0.00734357 -0.00621167 -0.00551262 0.0516692 -0.00657989 0.035389 -0.00901683 0.0112543 -0.00773343 -0.0145993 -0.00448777 0.04762 0.0890595
internal_weight=74655.3 70425.7 7974.99 62450.7 51997.1 47518.7 33768.5 4229.56 13750.2 7723.04 6938.47 5721.71 784.571 512.607 4478.38 4457.46 1216.76 3871.17 10453.6 10019.2 183.577 9835.65 251.947 3551.63 319.543 3327.41 1068.06 2259.36 186.17 31.2829
internal_count=932184 826148 60605 765543 567044 537916 366294 106036 171622 59577 53440 41967 6137 2276 29128 29018 11473 96813 198499 189333 1231 188102 1028 94180 2633 86182 41900 44282 285 63
is_linear=0
shrinkage=0.05


Tree=100
num_leaves=31
num_cat=0
split_feature=3 1 2 2 2 3 1 2 3 2 3 2 28 1 1 1 2 1 3 3 43 2 3 1 1 1 2 3 1 2
split_gain=96.915 139.488 284.035 282.841 414.91 286.288 210.028 172.968 186.03 147.853 112.253 111.774 110.063 101.344 97.4405 237.032 274.08 301.395 194.931 149.741 123.578 118.058 105.491 95.7177 92.2692 276.237 252.405 163.34 89.977 87.4773
threshold=0.0014500000397674742 0.69680002331733715 0.19680000096559527 0.45209999382495886 0.52369999885559093 1.0000000180025095e-35 0.48499999940395361 0.70745000243186962 1.0000000180025095e-35 0.46179999411106115 1.0000000180025095e-35 0.70939999818801891 6.8250000476837167 0.72194999456405651 0.95309999585151683 0.9212000072002412 0.084600001573562636 0.87860000133514415 0.015949999913573269 0.01690000016242266 1.9096914529800417 0.07400000095367433 0.025600000284612182 0.9618000090122224 0.99950000643730175 0.92020002007484447 0.080750003457069411 1.0000000180025095e-35 0.74899998307228099 0.39120000600814825
decision_type=2 2 2 2 2 2 2 2 2 2 2 2 10 2 2 2 2 2 2 2 10 2 2 2 2 2 2 2 2 2
left_child=1 3 24 29 5 9 -7 8 -6 -5 -4 -9 14 -12 15 16 19 -18 21 -2 23 -17 -22 -16 25 26 -3 -27 -15 -1
right_child=12 2 10 4 7 6 -8 11 -10 -11 13 -13 -14 28 20 18 17 -19 -20 -21 22 -23 -24 -25 -26 27 -28 -29 -30 -31
leaf_value=-0.0085201729864381511 -0.03535882466106683 -0.051507998931293236 -0.013679863794799949 -0.013232925650442227 -0.0056108475903252812 0.11723759450613654 -0.011926349456614978 0.18152042453357917 0.01887925839473276 0.072700021836237708 0.08273050381683747 0.0079288621588767694 0.0021275522842846891 0.00198543017184357 -0.033472882367671507 0.020792628325173153 -0.0037020809890957423 0.020017399283880629 -0.017495447780387693 0.060275300452587978 -0.0028241386959800196 0.06538075642863142 0.033704766067494576 -0.0094299897113740861 -0.0047539408739555493 -0.045029469363556403 0.0015343425614370518 0.024835296589194825 0.040709700733558125 -0.028732291383962327
leaf_weight=1078.3254816737026 828.73986025899649 251.76132469624281 123.64909055456519 57.250958174467087 11273.251809775829 35.075820505619049 306.39206179976463 9.2960727959871274 832.70674400776625 398.25734703987837 107.30496162176132 3744.2327541857958 8908.0399040691555 200.40549713373184 432.85990993306041 898.07899657823145 18649.587952742353 1442.8782077953219 298.64858828485012 43.057736780494452 6604.5465884264559 177.8560622818768 203.74078247882426 9481.0780564900488 2532.432307837531 87.759231336414814 2054.7409232091159 1790.8055122084916 596.45394249632955 1063.0537061206996
leaf_count=9944 14013 1848 638 286 134156 132 1584 110 6160 1694 418 24134 80926 902 9535 9665 230674 17295 6312 818 99274 1683 3303 207644 32670 484 14014 8734 2552 10582
internal_value=-0.00154631 0.000877824 0.00652454 -0.0014488 0.000750286 0.0359531 0.00134146 -0.00101874 -0.0039263 0.0618995 0.0310029 0.00835878 -0.00288767 0.0371135 -0.00403142 -0.00187077 -0.0031896 -0.00199874 0.0182432 -0.0306355 -0.00691778 0.0281632 -0.001731 -0.0104797 0.00277921 0.00733761 -0.00425538 0.0215715 0.0309708 -0.0185542
internal_weight=74512.3 26543.2 7745.31 18797.8 16656.5 796.976 341.468 15859.5 12106 455.508 1027.81 3753.53 47969.1 904.164 39061.1 22338.8 20964.3 20092.5 1374.58 871.798 16722.2 1075.94 6808.29 9913.94 6717.5 4185.07 2306.5 1878.56 796.859 2141.38
internal_count=932184 251042 62260 188782 168256 3696 1716 164560 140316 1980 4510 24244 681142 3872 600216 280460 262800 247969 17660 14831 319756 11348 102577 217179 57750 25080 15862 9218 3454 20526
is_linear=0
shrinkage=0.05


Tree=101
num_leaves=31
num_cat=0
split_feature=27 28 27 20 38 39 18 28 30 56 17 49 59 21 52 43 59 33 43 49 28 59 30 52 48 33 33 33 16 30
split_gain=94.4147 102.053 155.425 108.466 114.559 107.056 101.24 93.5456 205.365 91.3055 72.3759 60.7869 57.5399 47.9664 40.3593 46.2877 40.173 39.1712 32.2317 25.6861 25.1122 22.8993 22.4004 19.1694 17.6095 15.8995 15.1417 19.7075 16.0197 12.8449
threshold=0.18786325305700305 0.074999999254941954 1.0201720595359804 0.090000007301568999 0.53934344649314891 1.9773815870285036 1.0000000180025095e-35 7.1849999427795419 4.1425001621246347 53.500000000000007 8.9149999618530291 0.3278729915618897 -0.17711989581584928 0.49500000476837164 388.50000000000006 4.3509020805358896 0.66784125566482555 0.3184999972581864 1.2142419815063479 0.57735028862953197 0.33500000834465032 -0.0012780997203662989 7.4574999809265146 88.500000000000014 88.500000000000014 0.11799999698996545 138.40708160400393 4.4205000400543222 4.7349998950958261 0.11124999821186067
decision_type=8 8 10 8 8 10 8 8 10 2 8 10 8 10 2 10 10 10 10 10 10 10 10 2 2 10 10 10 10 10
left_child=13 2 29 26 9 6 12 8 -6 11 -9 -5 -4 14 15 17 -8 24 -15 -11 -19 -16 25 -17 -1 -7 27 -3 -29 -2
right_child=1 3 5 4 7 22 16 10 -10 19 -12 -13 -14 18 21 23 -18 20 -20 -21 -22 -23 -24 -25 -26 -27 -28 28 -30 -31
leaf_value=-0.010280234314914923 -0.014787972085726847 -0.016855515955398047 0.055057478915141095 0.013096517345433257 0.0026306643599228485 0.062539078325000982 0.010896183056008995 -0.011535603511991699 -0.0080627654102204144 0.047713294594844045 1.8117413280209848e-05 -0.0052830812132616534 0.021562852615198178 -0.033563946631470408 0.097513873544820023 -0.018369693806468988 -0.0054078914130437127 0.012886050934149946 -0.0061553921393173536 -0.032888552627020055 -0.017645583080437881 -0.0235537852015907 0.014977265728537815 0.013723632975709013 -0.0015523262424992626 -0.017335105480552278 0.046053250435583976 -0.04343123646751617 0.00010479159682740048 -0.0046681617706870668
leaf_weight=1000.7710781395435 626.37337358109653 595.22689746320248 148.55980903469026 1308.1685964148492 6711.8775070942938 6.3274022340774527 2010.7789346799254 1403.1981162410229 13562.108222659677 177.54213248193264 39852.010396231897 685.64415773190558 936.55029184557498 296.89313137531281 3.9470109958201638 700.08343342132866 465.23232246562839 529.30798498354852 167.9365165848285 10.467085087671874 77.166584515944123 373.73986546136439 67.418554604053497 49.840978758409619 1367.7730640880764 406.16232057847083 8.5029544532299024 135.02243499644101 25.050054533407092 627.88787436485291
leaf_count=24398 10509 9404 733 6302 111600 93 15967 21019 204144 327 407452 4621 6289 7569 86 16715 2674 7467 3958 60 1932 13231 445 1473 37417 4179 6 1103 236 10775
internal_value=-0.00147474 -0.00101882 0.00565382 -0.00156684 -0.0013423 0.0104262 0.0134137 -0.00174155 -0.00452261 0.00991695 -0.000374855 0.00677603 0.0261485 -0.00843913 -0.00671442 -0.00513529 0.00783271 -0.00233691 -0.0236616 0.0432259 0.00900127 -0.0222886 -0.0117427 -0.0162367 -0.00524009 -0.0161099 -0.0202969 -0.0210439 -0.0366182 -0.00972196
internal_weight=74337.6 69770.1 5295.29 64474.8 63711 4041.03 3561.12 61529.2 20274 2181.82 41255.2 1993.81 1085.11 4567.46 4102.63 3724.94 2476.01 2975.02 464.83 188.009 606.475 377.687 479.908 749.924 2368.54 412.49 763.802 755.299 160.072 1254.26
internal_count=932184 817938 51664 766274 755525 30380 25663 744215 315744 11310 428471 10923 7022 114246 102719 89402 18641 71214 11527 387 9399 13317 4717 18188 61815 4272 10749 10743 1339 21284
is_linear=0
shrinkage=0.05


Tree=102
num_leaves=31
num_cat=0
split_feature=3 57 1 1 1 1 1 1 2 1 3 27 24 1 1 3 43 3 3 3 3 55 59 1 3 1 43 1 43 34
split_gain=97.0807 83.8152 78.4105 145.385 648.573 629.466 281.823 271.448 185.897 131.226 112.147 71.9728 77.1704 52.9169 145.516 93.3482 40.2074 35.4111 108.6 51.8153 61.3142 38.9325 38.1709 36.1177 136.468 95.4403 33.0948 29.6399 29.0718 28.0671
threshold=0.013050000183284284 -25.523750305175778 0.99369999766349804 0.87860000133514415 0.86605000495910656 0.89605000615119945 0.90279999375343334 0.89215001463890087 0.13975000381469729 0.87380000948905956 0.0043500000610947618 0.1185780204832554 3.3482142686843877 0.99950000643730175 0.99660000205039989 0.0023999999975785617 9.9872846603393572 0.054650001227855689 0.055600000545382507 0.058499999344348914 0.067199997603893294 8.2278690338134783 0.22330987453460696 0.98789998888969432 0.025600000284612182 0.93759998679161083 1.2641169428825381 0.99564999341964733 12.006355285644533 69.779380798339858
decision_type=2 8 2 2 2 2 2 2 2 2 2 8 8 2 2 2 10 2 2 2 2 2 10 2 2 2 10 2 8 10
left_child=1 27 3 4 8 7 -7 -5 -3 -6 13 -12 -13 14 -4 -15 17 21 -19 -20 -21 23 -23 25 -25 -2 -24 29 -29 -1
right_child=16 2 10 5 9 6 -8 -9 -10 -11 11 12 -14 15 -16 -17 -18 18 19 20 -22 22 26 24 -26 -27 -28 28 -30 -31
leaf_value=0.012755020997742457 -0.0052707608745913414 0.052357376346697709 0.0057030228142396534 0.034763114771160224 -0.044340088313582993 -0.035348514873073222 0.0034671949349654677 0.11288598401922419 -0.00054556726004323689 -0.0071325556457353875 -0.02553241393460598 0.002423326964088222 -0.010036307036246354 -0.0078604240055861422 0.11768890401267335 0.0043882097567735428 -0.030452597012261301 0.12023608416000485 -0.065724936375706686 0.064101643954266846 -0.014420927422520685 -0.018238015960534992 -0.050491598500884277 -0.0072958449946448241 0.036924450801450175 -0.020918350583789574 0.014200399785203566 0.0041646867270404859 -0.07763247927864339 0.036311339991965265
leaf_weight=310.20375634543598 2860.3136101849377 166.78798680193722 1767.923431975767 646.46419402211905 1027.773917902261 489.50473051704466 10463.523266833276 134.28892995603383 37816.260843858123 307.98556136526167 574.11046060919762 1624.4438214562833 5288.8005150854588 3361.9200364388525 29.492307338863611 2894.9417737871408 178.76459107734263 21.974022740498185 24.333735497668386 39.911765199154615 65.923903100192547 139.01487012207508 20.643353722989559 1413.6034639980644 199.03962332941592 1478.0507969036698 467.08905862830579 171.3345510493964 11.597973331809042 213.46908769384027
leaf_count=815 51062 1787 14709 5078 13845 3778 128529 791 391221 3008 23859 31707 88087 46017 154 40844 4500 150 261 277 547 459 89 35928 4003 38571 1279 451 80 298
internal_value=-0.0014042 -0.000824783 -0.00100654 -5.99144e-05 -0.00151752 0.00482438 0.00173247 0.0482002 -0.000313264 -0.0357612 -0.0041161 -0.00852129 -0.0071086 -2.09926e-05 0.00754051 -0.00219319 -0.00704863 -0.00642696 0.0174208 6.44754e-05 0.0151908 -0.00697856 0.00487466 -0.00822691 -0.00183798 -0.0106018 0.0114623 0.016305 -0.00102128 0.0223575
internal_weight=74209.5 67300.8 66594.2 51052.6 39318.8 11733.8 10953 780.753 37983 1335.76 15541.6 7487.35 6913.24 8054.28 1797.42 6256.86 6908.66 6729.9 152.143 130.169 105.836 6577.75 626.747 5951.01 1612.64 4338.36 487.732 706.605 182.933 523.673
internal_count=932184 795058 793414 548037 409861 138176 132307 5869 393008 16853 245377 143653 119794 101724 14863 86861 137126 132626 1235 1085 824 131391 1827 129564 39931 89633 1368 1644 531 1113
is_linear=0
shrinkage=0.05


Tree=103
num_leaves=31
num_cat=0
split_feature=3 48 1 1 1 1 3 14 3 3 34 17 1 1 1 3 1 1 3 28 28 3 3 31 1 2 2 3 1 1
split_gain=89.2555 72.9168 69.034 134.798 780.046 378.131 277.343 70.1878 64.3887 84.8825 60.936 62.2661 73.2384 140.56 79.4573 62.2098 56.7701 152.835 189.812 78.5033 61.1478 57.8847 125.688 119.147 113.783 52.1249 65.2137 41.2248 54.9111 46.5303
threshold=0.008200000040233137 269.50000000000006 0.28965000808238989 0.29449999332427984 0.33124999701976782 0.33220000565052038 0.0023999999975785617 inf 0.0033999999286606912 0.0023999999975785617 1.6596198678016665 11.694999694824221 0.37475000321865087 0.50725001096725475 0.57009997963905346 0.038200000301003463 0.9715000092983247 0.96860000491142284 0.014999999664723875 10.175000190734865 0.48499999940395361 0.025600000284612182 0.022699999623000625 37.091999053955085 0.98890000581741344 0.97099998593330394 0.72679999470710765 0.02465000003576279 0.96369999647140514 0.74224999547004711
decision_type=2 2 2 2 2 2 2 8 2 2 10 8 2 2 2 2 2 2 2 10 10 2 2 10 2 2 2 2 2 2
left_child=1 2 7 8 6 -6 -5 -1 9 -4 11 -2 -13 15 -15 -14 17 27 20 -20 -19 22 -18 24 -23 26 -9 28 -12 -29
right_child=10 -3 3 4 5 -7 -8 25 -10 -11 16 12 13 14 -16 -17 21 18 19 -21 -22 23 -24 -25 -26 -27 -28 29 -30 -31
leaf_value=0.071870819378321918 -0.012266514653878574 -0.019003126226193386 -0.0051319400203743027 0.098115701129811467 -0.055289084028488006 0.00034389627461315286 -0.011924156370867847 0.009559376890696988 -0.017127246274686442 0.013498998681239917 0.0072136551343244997 -0.021343416666887105 0.039123183490159322 -0.030187995152662302 0.0013361791367195409 0.19380368843436302 -0.0052340116102246315 0.025985893577504478 -0.05295003985469298 0.091183506216299504 0.19127426475098305 -0.0082920667397491498 -0.057910195537835642 -0.074007810609715605 0.057911208144867936 0.053613088657456856 -0.0027347799774986841 0.035082757231123529 -0.035324956194491879 -0.016093286554334549
leaf_weight=39.578169412910938 4084.8568815579638 529.26829795725644 11951.158768698573 274.8555728495121 307.70274249836802 41423.02685011737 72.329228177666664 2567.8448396250606 1039.3350058048964 644.30720353126526 1825.7813969086856 421.74227241799235 161.19681898504496 225.93273034319282 1733.9699057489634 6.7733489200472823 3809.9422957636416 6.9658386148512355 25.564016655087471 14.984586656093596 28.442591140046716 120.22757872194052 116.71009485051036 32.54359495639801 141.03850830346346 54.455964475870132 1859.9422006458044 49.456388600170612 79.152555288746953 435.8355362098664
leaf_count=84 126683 15569 148852 1848 3608 454417 682 16394 14696 8074 20968 9136 985 3842 23965 49 56028 79 513 65 362 2052 2155 189 1514 286 12386 434 1142 5127
internal_value=-0.00133809 -0.000525502 -0.000363143 -0.000845377 0.000554633 -6.63151e-05 0.075191 0.0055784 -0.0051659 -0.00417889 -0.00504468 -0.00843966 -0.00230849 0.00146422 -0.00229785 0.0453606 -0.00167619 0.0043507 0.0741746 0.00031398 0.158757 -0.00519794 -0.00679968 0.0162088 0.0274463 0.00499304 0.00439508 0.00213182 0.00544612 -0.0108779
internal_weight=74084.9 60763.8 60234.5 55712.7 42077.9 41730.7 347.185 4521.82 13634.8 12595.5 13321.1 6634.47 2549.62 2127.87 1959.9 167.97 6686.64 2466.18 75.957 40.5486 35.4084 4220.46 3926.65 293.81 261.266 4482.24 4427.79 2390.23 1904.93 485.292
internal_count=932184 676896 661327 632177 460555 458025 2530 29150 171622 156926 255288 164660 37977 28841 27807 1034 90628 28690 1019 578 441 61938 58183 3755 3566 29066 28780 27671 22110 5561
is_linear=0
shrinkage=0.05


Tree=104
num_leaves=31
num_cat=0
split_feature=3 1 2 2 1 3 1 1 1 1 1 2 3 2 3 1 2 1 34 2 2 2 2 2 1 3 53 38 17 1
split_gain=82.4849 134.134 258.459 372.541 256.306 253.758 252.145 193.665 188.346 168.151 164.73 194.772 180.312 147.532 163.945 136.133 130.579 100.335 93.9784 86.314 82.6586 247.805 323.054 146.74 352.508 204.346 80.6108 77.8289 90.3567 74.0709
threshold=0.0014500000397674742 0.69680002331733715 0.45209999382495886 0.52369999885559093 0.84379997849464428 1.0000000180025095e-35 0.87380000948905956 0.86895000934600841 0.48499999940395361 0.99564999341964733 0.8225499987602235 0.18329999595880511 1.0000000180025095e-35 0.70745000243186962 1.0000000180025095e-35 0.92020002007484447 0.46179999411106115 0.85249999165534984 1.1873698830604555 0.70939999818801891 0.39120000600814825 0.31574998795986181 0.34380000829696661 0.3960499912500382 0.58945000171661388 1.0000000180025095e-35 0.40711022913455969 0.79248937964439403 102.29500198364259 0.764499992132187
decision_type=2 2 2 2 2 2 2 2 2 2 2 2 2 2 2 2 2 2 8 2 2 2 2 2 2 2 10 8 10 2
left_child=1 2 20 5 10 16 7 17 -7 15 11 12 -3 14 -5 -8 -4 -6 -2 -15 21 -1 -23 25 -25 -22 -11 28 29 -20
right_child=18 4 3 13 6 8 9 -9 -10 26 -12 -13 -14 19 -16 -17 -18 -19 27 -21 23 22 -24 24 -26 -27 -28 -29 -30 -31
leaf_value=-0.035904615957365986 -0.007659219214218015 0.16305644874392367 -0.012595676105501767 -0.0052167056471524595 -0.019478503563498659 0.11067155382743735 -0.00025790730002730626 -0.053972576620127659 -0.011345056926361681 0.018778012846585451 0.073312500720613835 0.025459323228210259 -0.041132178645152923 0.14954477298833313 0.017663064360156019 0.023321949722988462 0.068332294384518211 0.042151119249520523 0.017307873207301403 0.0073110413239598788 0.34731874611158009 0.10404952021627512 -0.0016979231798360053 -0.025391485655467252 0.10370279053593441 -0.058579059322726328 -0.0066249355324784799 -0.002646740339627968 0.031842480898564007 0.00032687876958641376
leaf_weight=457.18984061852098 7492.5290784649551 11.512380406260489 56.889248564839363 11190.037260308862 194.07963971793652 35.291476488113403 988.45477119833231 338.42878639698029 304.59438163787127 358.50934392213821 152.31148294359446 1350.4179253987968 177.69353286921978 10.696672201156614 841.85314116626978 1607.5861637312919 402.50551114231348 100.10454634577036 708.21058889105916 3763.8925083354115 3.1296651586890212 83.642666004598141 528.99247103184462 642.88358660042286 57.620005004107952 336.14679250866175 2422.6436711940914 32208.490883778781 260.77844779193401 6888.5063143223524
leaf_count=4466 185435 44 286 134156 1386 132 6072 3982 1584 3077 770 6204 1386 110 6160 7722 1694 528 3815 24134 22 682 4796 6402 396 3762 31089 431457 247 60188
internal_value=-0.0012751 0.000965086 -0.00132047 0.00077382 0.00651903 0.0340778 0.00167936 -0.0281795 0.00132433 0.00519218 0.0237097 0.0188026 -0.0287082 -0.000910248 -0.00361584 0.0143438 0.0583106 0.00149273 -0.00251945 0.00771411 -0.0178057 -0.00804845 0.0127397 -0.0278449 -0.0147728 -0.0548348 -0.00335032 -0.00155829 0.00290336 0.00190995
internal_weight=73975.6 26417.1 18715.4 16605.8 7701.74 799.281 6009.81 632.613 339.886 5377.19 1691.94 1539.62 189.206 15806.5 12031.9 2596.04 459.395 294.184 47558.5 3774.59 2109.61 1069.82 612.635 1039.78 700.504 339.276 2781.15 40066 7857.5 7596.72
internal_count=932184 251042 188782 168256 62260 3696 53856 5896 1716 47960 8404 7634 1430 164560 140316 13794 1980 1914 681142 24244 20526 9944 5478 10582 6798 3784 34166 495707 64250 64003
is_linear=0
shrinkage=0.05


Tree=105
num_leaves=31
num_cat=0
split_feature=51 21 27 38 54 31 21 46 3 1 2 2 2 2 33 21 18 3 39 1 39 29 29 43 11 49 1 57 43 2
split_gain=80.4344 138.804 118.99 109.593 82.704 73.3169 141.486 111.987 100.535 97.3853 95.3568 971.534 325.786 81.72 79.207 119.503 70.8703 58.6632 54.9381 52.7035 48.5659 59.1559 46.9829 43.379 42.5302 42.3016 36.3786 35.9427 35.1943 33.3259
threshold=0.0957143008708954 0.46500000357627874 1.7766776680946352 0.55613666772842418 0.37482687830924993 4.1344168186187753 7.7850000858306894 2.5000000000000004 0.0023999999975785617 0.99950000643730175 0.61945000290870678 0.57785001397132885 0.64750000834465038 0.57785001397132885 1.4041388630867007 0.014999999664723875 0.15333333611488345 0.0023999999975785617 2.2597209215164189 0.98695001006126415 1.3549620509147646 265.90000915527349 12.84500026702881 4.3509020805358896 -0.25000000000000006 0.15448225289583209 0.3960499912500382 -3.5987501144409175 6.4513795375823983 0.56044998764991771
decision_type=8 10 10 8 10 8 8 2 2 2 2 2 2 2 10 10 8 2 10 2 10 10 10 10 2 10 2 8 8 2
left_child=1 2 26 4 23 8 7 13 9 19 11 -8 -12 -7 29 -16 18 -9 22 -5 21 24 -4 -2 -6 -11 -1 -28 -29 -10
right_child=3 -3 16 5 20 6 10 17 14 25 12 -13 -14 -15 15 -17 -18 -19 -20 -21 -22 -23 -24 -25 -26 -27 27 28 -30 -31
leaf_value=0.053639840849331523 0.051213877157559706 -0.027554618010604322 0.0679050263383352 0.016427221187625424 0.0011092699085545924 -0.007275856003928962 0.00037994069323071334 0.047420370048844376 -0.0094374496558241958 0.024609909446128491 -0.027702398258935879 0.073058597180923182 -0.0012108874255392773 0.07694858002400097 0.039366002873984021 0.0017257452050063894 -6.061350195097333e-05 0.0074638209887978695 -0.02417072315627683 0.043261448611792763 -0.023100684563460119 0.047107455248918371 0.024111662891014657 -0.055061782271159571 0.013423367810006146 -0.0086847653249883111 0.25750629064170283 -0.005263074920935115 -0.015309640947978556 0.19960839621578114
leaf_weight=24.246694069355726 143.30009998567402 702.78224652074277 75.546568673104048 1114.9582363776863 1586.978521540761 13339.146876152605 21438.052582184784 114.40241503715515 1652.183041033335 116.08146185427904 1234.7480974420905 469.89464580267668 19309.470079563558 28.862298771739006 222.66918998770416 3978.9756142869592 591.35315818153322 466.20687703043222 48.083975929766893 218.90384928882122 132.61920799873769 92.843938134610653 323.49041683599353 10.291348909959195 1256.2361395861953 535.45712993480265 1.2765656914561985 3397.3039816711098 1172.598004726693 1.9087133780121792
leaf_count=70 234 14105 530 7882 9923 206321 208410 634 34006 1683 14723 2260 217743 173 2282 74588 2937 4245 358 1412 786 49 1231 90 7889 7404 20 86123 24060 13
internal_value=-0.00121621 -0.00660221 -0.00398857 -0.000710324 0.00828784 -0.00116166 -0.00179147 -0.00616033 0.00336853 0.0130917 -0.000355978 0.0019388 -0.00280308 -0.00709401 7.18774e-05 0.00372052 0.0112972 0.0153368 0.0263187 0.0208311 0.00649575 0.00783259 0.0324027 0.0440929 0.00655009 -0.00275282 -0.00744284 -0.00776684 -0.00784094 -0.00919622
internal_weight=73800.9 6336.68 5633.9 67464.2 3222.27 64241.9 56400.8 13948.6 7841.14 1985.4 42452.2 21907.9 20544.2 13368 5855.74 4201.64 1038.47 580.609 447.121 1333.86 3068.68 2936.06 399.037 153.591 2843.21 651.539 4595.43 4571.18 4569.9 1654.09
internal_count=932184 129434 115329 802750 18971 783779 654509 211373 129270 18381 443136 210670 232466 206494 110889 76870 5056 4879 2119 9294 18647 17861 1761 324 17812 9087 110273 110203 110183 34019
is_linear=0
shrinkage=0.05


Tree=106
num_leaves=31
num_cat=0
split_feature=3 57 2 2 2 2 2 34 3 3 43 3 2 2 3 3 3 2 43 2 3 3 2 2 3 33 34 2 49 2
split_gain=79.5158 69.212 66.2687 130.682 585.276 547.284 615.944 148.899 111.461 99.0393 66.7911 73.3041 59.4924 43.0017 104.856 84.4583 37.2631 100.372 39.0628 39.9126 114.206 122.031 97.9404 167.042 123.357 82.651 33.3433 42.9512 28.2989 26.5621
threshold=0.013050000183284284 -25.523750305175778 0.0063000000081956395 0.078800000250339522 0.046900000423192985 0.084600001573562636 0.097199998795986189 1.8131113648414614 0.0033999999286606912 0.0043500000610947618 1.1668419241905215 0.00530000007711351 0.083650000393390669 1.0000000180025095e-35 0.0023999999975785617 0.0023999999975785617 0.045949999243021018 0.071100000292062773 9.9872846603393572 0.018850000575184826 0.025600000284612182 0.022699999623000625 0.062400000169873245 0.086549997329711928 0.026600000448524955 48.430221557617195 5.8169949054718026 0.25970000028610235 0.0564315002411604 0.0043500000610947618
decision_type=2 8 2 2 2 2 2 10 2 2 8 2 2 2 2 2 2 2 10 2 2 2 2 2 2 10 8 2 8 2
left_child=1 29 9 4 7 12 -7 -4 -6 13 -11 -12 -5 15 -15 -3 18 -18 19 20 21 -2 24 -24 -21 -22 27 -19 -28 -1
right_child=16 2 3 5 8 6 -8 -9 -10 10 11 -13 -14 14 -16 -17 17 26 -20 22 25 -23 23 -25 -26 -27 28 -29 -30 -31
leaf_value=-0.0012972549654152201 -0.0021150635490217954 -0.0072347676117567776 -0.008539342549466835 -0.026439261775808926 0.048446705491778319 0.052524765321065398 -0.00078515828210831652 0.0061524878867244923 0.022007353498904387 -0.025003243987722419 -0.015661441567173261 -0.0036046623851786735 -0.050243283227346336 0.020112680139820288 -0.0040947837970649577 0.0044557824787661831 -0.055279830582860359 0.030682330825284543 -0.030939974136635878 -0.032392908776057376 0.031467065336199682 -0.048622562334030693 0.028084782439375525 -0.0089620117867049397 0.0035232984720378795 -0.093433746498428907 -0.05535463633400154 0.13186527374148277 0.019973308032172725 0.02103461217132049
leaf_weight=180.71361550316215 1806.3728145025671 3320.7492173481733 3257.9366119839251 903.14467456005514 642.02375425025821 549.20744848437607 40350.115197185427 3664.1732234992087 1051.4397702403367 526.94882874377072 1664.7466375604272 5194.0208385912701 370.0233603771776 824.36035477183759 978.10520260408521 2889.036863213405 47.453029175288975 35.798988834023476 167.32538059726357 810.37779395282269 312.97371453978121 152.99341304972768 345.38611460477114 2556.155265096575 339.10975703410804 13.830491118133066 13.40416683629155 14.834272276610134 178.51996852457523 505.93976381327957
leaf_count=531 41480 46017 59696 11389 3274 4629 419508 33671 9610 19545 29240 94868 6260 4899 9964 40844 1342 380 4437 20766 5746 4163 5362 45299 6795 86 101 84 1085 1113
internal_value=-0.00115881 -0.000635192 -0.000799033 7.21151e-05 0.00568349 -0.00107425 -6.92978e-05 -0.000762319 0.032031 -0.00367239 -0.007849 -0.00653106 -0.0333575 0.000177608 0.00697654 -0.00179586 -0.00631233 0.0112237 -0.00709419 -0.00646458 -0.0011825 -0.00574651 -0.00944548 -0.00455213 -0.0217973 0.0261812 0.0242342 0.0603264 0.0147123 0.0151573
internal_weight=73667.2 66872.7 66186 50788.1 8615.57 42172.5 40899.3 6922.11 1693.46 15398 7385.72 6858.77 1273.17 8012.25 1802.47 6209.79 6794.54 290.01 6504.52 6337.2 2286.17 1959.37 4051.03 2901.54 1149.49 326.804 242.557 50.6333 191.924 686.653
internal_count=932184 795058 793414 548037 106251 441786 424137 93367 12884 245377 143653 124108 17649 101724 14863 86861 137126 2992 134134 129697 51475 45643 78222 50661 27561 5832 1650 464 1186 1644
is_linear=0
shrinkage=0.05


Tree=107
num_leaves=31
num_cat=0
split_feature=51 28 27 56 51 28 28 2 2 2 34 2 59 31 18 31 11 1 39 28 32 49 1 59 48 52 34 1 9 32
split_gain=70.6899 127.378 98.8414 87.7495 74.7889 101.632 186.084 112.228 852.246 304.658 92.4685 81.8096 76.616 64.0008 63.9547 61.3082 54.6764 53.4998 47.9475 47.4808 46.9274 41.9943 37.575 30.3086 30.1153 32.6663 27.3997 24.4701 52.4477 57.8563
threshold=0.0957143008708954 0.39499999582767492 1.8101183772087099 60.500000000000007 0.68428573012352001 6.8250000476837167 0.095000002533197417 0.61945000290870678 0.57785001397132885 0.64750000834465038 1.0284125208854678 0.22000000625848773 0.37223446369171148 1.0691666603088381 0.15333333611488345 3.9311666488647465 -0.25000000000000006 0.42020000517368322 1.680396616458893 0.014999999664723875 5.7774901390075692 0.23263233155012134 0.3960499912500382 0.9997963309288026 456.50000000000006 34.500000000000007 0.098027519881725325 0.98600000143051159 -0.60785761475563038 7.5339434146881112
decision_type=8 8 10 2 8 8 10 2 2 2 10 2 10 8 8 10 2 2 10 10 10 10 2 8 2 2 8 2 2 10
left_child=1 2 22 4 10 6 13 8 -7 -9 17 15 -8 -6 18 -12 27 -2 20 -19 -4 -13 -1 -18 25 -24 -3 -5 29 -29
right_child=3 26 14 16 5 7 12 9 -10 -11 11 21 -14 -15 -16 -17 23 19 -20 -21 -22 -23 24 -25 -26 -27 -28 28 -30 -31
leaf_value=0.06107637604106602 0.10720539861698819 -0.04867890395018673 0.057239279594311944 0.00084773334661621168 -0.012990552964363911 0.0010106779447307391 -0.0088526560687340172 -0.027029716284170408 0.068378392103805516 -0.0011209922522352168 0.015562147320106745 0.039791320277176467 -0.0010367106339633553 0.010705764184025629 -0.00025410471446408507 0.00107523202186868 0.017686806692498596 -0.01207114109664529 -0.010746104841126786 0.001262145962645244 0.019634970418552691 0.0050723499978924053 -0.011226734886218032 0.053334933746869963 -0.025625540125117991 -0.0021783329077568118 -0.020507389476774055 0.3040086203940881 0.010128962761235207 0.010198695103371317
leaf_weight=20.427983161062002 11.345154903829096 96.590993481688201 125.06727068126202 276.83689948730171 325.19147351384163 20246.916598360054 10996.999670291319 1205.5888739638031 480.60658128559589 19282.316012982279 1234.8564400412142 314.70779274404049 4385.9265437945724 2302.4826388787478 587.41613226570189 1787.3946238961071 109.09965857677162 844.14267645776272 78.355018243193626 3194.4969505462795 246.44683951884508 120.42292698845267 1714.4482082277536 131.48577195033431 204.43551773391664 2385.1096529830247 810.96819241531193 3.7086391467601088 19.91638489998877 3.0564374383538961
leaf_count=39 66 3404 794 2569 4416 193678 170723 14719 2258 217791 18796 2640 55261 18463 2914 23307 1295 15367 528 59613 802 1004 36832 515 7998 61917 14206 53 207 9
internal_value=-0.00110464 -0.00618265 -0.00325043 -0.000631441 -0.000794493 -0.00139044 -0.00452368 -2.12502e-05 0.00257273 -0.00264556 0.00390693 0.0099128 -0.0066242 0.00777319 0.0106108 0.00699442 0.0193666 -0.00122015 0.0247977 -0.00152473 0.0322942 0.0301828 -0.00657529 0.0371694 -0.00689638 -0.0059624 -0.0235057 0.00525519 0.0509853 0.171266
internal_weight=73546.8 6269.27 5361.71 67277.5 66733.4 59226 18010.6 41215.4 20727.5 20487.9 7507.37 3457.38 15382.9 2627.67 1037.29 3022.25 544.104 4049.98 449.869 4038.64 371.514 435.131 4324.42 240.585 4303.99 4099.56 907.559 303.518 26.6815 6.76508
internal_count=932184 129434 111824 802750 798102 677309 248863 428446 195936 232510 120793 45747 225984 22879 5038 42103 4648 75046 2124 74980 1596 3644 106786 1810 106747 98749 17610 2838 269 62
is_linear=0
shrinkage=0.05


Tree=108
num_leaves=31
num_cat=0
split_feature=20 38 2 1 2 1 2 1 1 1 1 2 1 2 2 1 2 1 2 50 1 2 14 1 56 34 55 43 54 48
split_gain=67.5026 81.1467 68.8165 327.77 371.426 347.605 468.226 280.234 509.285 273.622 225.857 199.482 183.139 424.936 171.746 159.974 149.421 142.202 131.979 101.688 95.2347 113.815 56.2409 47.9276 38.2807 35.8469 35.3982 24.6644 29.991 24.2704
threshold=28.024742126464847 0.64782807230949413 0.18329999595880511 0.79060000181198131 0.21710000187158587 0.75290000438690197 0.2384000048041344 0.87860000133514415 0.89605000615119945 0.73840001225471508 0.86800000071525585 0.18039999902248385 0.90279999375343334 0.084600001573562636 0.19970000535249713 0.89215001463890087 0.098149999976158156 0.80125001072883617 0.19680000096559527 0.12982164323329928 0.87380000948905956 0.1233000010251999 39.82500076293946 0.78385001420974743 76.500000000000014 3.2171199321746831 48.773323059082038 1.6815529465675356 0.041275411844253547 280.50000000000006
decision_type=10 10 2 2 2 2 2 2 2 2 2 2 2 2 2 2 2 2 2 8 2 2 10 2 2 10 2 10 10 2
left_child=2 -2 7 4 23 9 -7 10 15 -6 11 19 16 -14 17 22 -10 -5 -19 -1 24 -22 -9 -4 -12 -25 27 28 -3 -17
right_child=1 26 3 14 5 6 -8 8 12 -11 20 -13 13 -15 -16 29 -18 18 -20 -21 21 -23 -24 25 -26 -27 -28 -29 -30 -31
leaf_value=0.021197702922859624 0.046859666804728806 -0.0046684257508819152 -0.052580329145566963 -0.046902100276003722 -0.00032933502371365673 0.0061197283157357835 0.063712451751931076 0.026610139549675789 -0.053773181539608556 -0.030293327652633373 -0.039853298944113463 -0.034804351583377739 -0.0024826941568267666 0.035702432279465374 0.048870447847837707 0.076779520734571796 -0.0032966890112180016 0.011060407185255021 0.069273747014070006 -0.0060047005961045719 -0.034222063230533339 0.023408396196775844 -0.040960047839229997 -0.032832632404951184 0.16808233445071707 0.0012990451316040137 0.027395094896954294 0.0098853083458002953 -0.052760731180322165 -0.06204234413578015
leaf_weight=384.3229725304991 152.32635500468314 141.19934779219329 263.82715445011854 93.09966192021966 30972.433130765334 1321.1140362005681 481.54001218080521 824.81137800589204 307.55249313823879 781.10185851715505 958.28007037192583 575.66634780727327 29083.813786373474 747.29597260430455 456.21227427199483 189.78990034945309 280.17676856927574 831.95771364681423 110.26938185654581 3238.5243083741516 194.44578159600496 153.14572089910507 31.989483004435897 390.93948653712869 2.218537585809826 95.771953515708447 133.52868351060897 193.49218308739364 42.078171888366342 3.2015981227159491
leaf_count=7379 248 629 3013 946 327515 12628 3779 7766 2501 7730 13909 6701 457642 7807 3679 1472 3063 7759 876 44746 2242 1536 146 4701 10 553 185 841 142 40
internal_value=-0.00105235 0.0148341 -0.001197 0.000365618 -0.00063197 0.000146097 0.0215044 -0.00270989 -0.000889021 -0.00106642 -0.0131156 -0.00746343 -0.00207068 -0.00152612 0.023311 0.0333508 -0.0297105 0.0120484 0.0178731 -0.00311898 -0.0312571 -0.0088306 0.0240873 -0.0354189 -0.039373 -0.0261164 0.00527438 -0.00256529 -0.0157098 0.0744766
internal_weight=73436.1 662.625 72773.5 35798.3 34306.7 33556.2 1802.65 36975.2 31468.6 31753.5 5506.6 4198.51 30418.8 29831.1 1491.54 1049.79 587.729 1035.33 942.227 3622.85 1308.09 347.592 856.801 750.539 960.499 486.711 510.298 376.77 183.278 192.991
internal_count=932184 2045 930139 373179 359919 351652 16407 556960 480437 335245 76523 58826 471013 465449 13260 9424 5564 9581 8635 52125 17697 3778 7912 8267 13919 5254 1797 1612 771 1512
is_linear=0
shrinkage=0.05


Tree=109
num_leaves=31
num_cat=0
split_feature=3 48 33 34 59 28 38 3 25 38 34 30 55 31 39 6 14 18 16 17 30 39 49 55 45 26 24 12 34 33
split_gain=78.0974 60.8154 52.6093 86.3966 80.0959 77.0043 97.2132 73.4256 70.1192 62.6632 50.5328 55.8061 50.3962 49.6823 48.9806 48.8112 44.1555 43.1754 40.2544 37.3288 35.2696 37.8792 33.3019 31.5579 50.1424 36.6706 28.9256 28.744 35.723 33.9526
threshold=0.008200000040233137 269.50000000000006 5.4310555458068857 2.1546996831893925 0.039647221565246589 6.8250000476837167 0.58524268865585338 0.0023999999975785617 0.12944196909666064 0.90639394521713268 1.6596198678016665 10.972500324249269 3.2405714988708501 9.6976661682128924 1.4676489830017092 2.5000000000000004 7.6024999618530282 11.851666927337648 58.260000228881843 2.682500004768372 4.1425001621246347 1.8763591647148135 0.7109726369380952 1.4039876461029055 0.35714288055896765 5.1121666431427011 8.2567858695983904 0.68301269412040722 2.7910310029983525 14.493111133575441
decision_type=2 2 8 10 10 8 8 2 10 8 10 10 2 10 10 2 8 10 10 10 10 10 10 2 2 10 10 2 10 10
left_child=1 2 3 7 14 6 13 8 -1 15 11 17 -6 -4 -5 -7 -11 -2 -8 -13 21 23 -9 24 -12 -25 -19 -22 29 -29
right_child=10 -3 5 4 12 9 18 22 -10 16 20 19 -14 -15 -16 -17 -18 26 -20 -21 27 -23 -24 25 -26 -27 -28 28 -30 -31
leaf_value=-0.0045522192563271025 -0.0096776133647672371 -0.017483650156506807 -0.0048843435022908263 0.027735670477770633 0.0076594430281474394 0.031455171233199367 -0.0069278576200911129 -0.0011888577412718252 0.011903412180095744 -0.012135755943786991 0.0096872331238366579 0.057927683596247052 -0.018493859049924229 0.010761504159576571 -0.0017461672108817384 0.0056695542591925956 -1.7198735448983289e-05 0.038605636744540088 0.024438264181753242 0.0037831763870370206 -0.0049996365288026059 -0.026656220655072622 -0.012512894554385055 -0.0047741495831850169 0.04898736562359194 0.020928596001899689 -0.025164828650375622 -0.014609763315512642 0.010688606579192503 0.043706697022228833
leaf_weight=928.3161120954901 5794.0812941491604 507.10404182225466 795.25169225595891 787.53152630105615 1388.2170796133578 197.42608512099832 9305.632370069623 5247.463133781217 2138.9988466799259 769.23107022419572 373.65287056937814 33.696824755519629 212.37737413868308 1401.7391082737595 171.57477880269289 2607.2785462317988 32911.325254797935 75.719108369201422 103.42643019743264 575.47329419851303 4321.80237801373 83.232858734205365 740.91145393252373 549.72740638069808 103.68455506302416 185.6311261318624 23.239805739372969 289.02406745031476 696.3536825645715 27.318315777927637
leaf_count=12754 156256 15569 5782 7342 15419 769 116852 97551 20723 8561 7320 412 1775 4394 1346 14131 340200 905 388 6626 58120 960 13340 6498 1295 598 461 7196 8289 352
internal_value=-0.00100343 -0.000241483 -9.50411e-05 0.00292495 0.0110358 -0.000824454 -0.00437186 0.000632315 0.00692315 0.000303984 -0.00449701 -0.00762901 0.00418925 0.00509813 0.0224617 0.00748463 -0.000293975 -0.0091183 -0.00658307 0.00677823 -0.00142558 0.00597312 -0.00258992 0.00821262 0.0182238 0.00171415 0.0236296 -0.00322298 0.00435913 -0.00957374
internal_weight=73346.4 60213.8 59706.7 11615.4 2559.7 48091.3 11606 9055.69 3067.31 36485.3 13132.6 6502.21 1600.59 2196.99 959.106 2804.7 33680.6 5893.04 9409.06 609.17 6630.43 1295.93 5988.37 1212.7 477.337 735.359 98.9589 5334.5 1012.7 316.342
internal_count=932184 676896 661327 170250 25882 491077 127416 144368 33477 363661 255288 164660 17194 10176 8688 14900 348761 157622 117240 7038 90628 16671 110891 15711 8615 7096 1366 73957 15837 7548
is_linear=0
shrinkage=0.05


Tree=110
num_leaves=31
num_cat=0
split_feature=3 30 50 1 1 1 1 1 1 1 1 3 3 31 43 3 13 27 40 50 1 3 18 1 1 3 57 3 1 3
split_gain=71.6939 58.0201 70.8772 62.6394 116.571 534.486 524.013 230.988 200.3 141.909 116.497 84.3306 70.7519 80.0478 70.9075 60.6147 52.219 40.9674 38.4243 35.4891 30.9469 133.822 87.1874 84.7479 154.083 141.764 99.1889 76.7801 85.7496 74.4457
threshold=0.013050000183284284 92.222503662109389 0.47372978925704962 0.99369999766349804 0.87860000133514415 0.86800000071525585 0.89605000615119945 0.90279999375343334 0.89215001463890087 0.87380000948905956 0.85929998755455028 0.0043500000610947618 0.00530000007711351 30.435667037963871 1.1668419241905215 1.0000000180025095e-35 4.8949999809265146 2.7930308580398564 1.8871427774429324 2.0656471252441411 0.98789998888969432 0.025600000284612182 58.664999008178718 0.93759998679161083 0.91249999403953563 0.027550000697374347 -8.6550002098083478 0.023699999786913398 0.99469998478889476 0.015949999913573269
decision_type=2 10 8 2 2 2 2 2 2 2 2 2 2 8 8 2 8 10 10 10 2 2 10 2 2 2 8 2 2 2
left_child=1 3 15 4 5 10 8 -8 -6 -7 -1 16 13 -13 -14 -3 17 -5 -18 20 23 27 -23 24 29 -26 -25 28 -22 -2
right_child=19 2 -4 11 6 9 7 -9 -10 -11 -12 12 14 -15 -16 -17 18 -19 -20 -21 21 22 -24 26 25 -27 -28 -29 -30 -31
leaf_value=-0.00030902630656437041 -0.022310855920118278 -0.11126257875757135 0.041094514170639543 0.0021979642510587 0.032134465705297252 -0.044460132488994997 -0.032829047627503764 0.0032747604305504666 0.097894301904454875 -0.0044896669627701941 0.032481661760808841 -0.012908587248362911 -0.02644889542863121 -0.052051877624002221 -0.0030554487206177604 0.0070045814737872934 -0.0057575908408150868 0.016663713425973264 0.0067031914893462795 -0.025468458115469685 0.013692265613951669 0.040037959534101358 -0.094436059645350526 0.023344893825802553 0.04639469527874749 -0.021339958051359246 -0.020588762070298985 -0.057059912475810409 -0.0116454891899584 -0.0023203532648056031
leaf_weight=37389.267964769155 595.98038205318153 10.966737166047094 166.18767023459077 3005.7868614047766 656.75084323063493 876.40485718846321 463.09880151599646 10217.678895140067 140.58552416600287 297.41880342364311 272.8432261608541 1637.839487047866 345.94093609508127 141.92755802161992 5089.7760373968631 895.23972199857235 3578.5677845776081 584.63396868482232 747.97595519945025 223.41858399286866 512.06507251039147 248.01320631429553 12.669346235692499 140.9259241707623 273.36991508677602 107.67329956963658 1453.7575495671481 68.299234746024013 959.78591762110591 2130.9717738255858
leaf_count=390480 11316 57 408 48023 5029 12905 3768 128025 786 2986 3033 33337 14145 1251 94704 2619 42710 3899 6893 5357 11391 4021 80 565 4313 1430 38694 1856 23065 35038
internal_value=-0.000955379 -0.000457922 0.011078 -0.000646948 0.000201374 -0.00110702 0.00462831 0.00170937 0.0437292 -0.0343326 -7.14741e-05 -0.00346754 -0.00737734 -0.0160301 -0.00454426 0.00557333 9.58299e-05 0.00455345 -0.00360336 -0.00587446 -0.00520133 0.000372331 0.0335024 -0.0073357 -0.00252776 0.0272546 -0.0167062 -0.0052352 -0.00283034 -0.00668931
internal_weight=73245.8 66518.9 1072.39 65446.5 50314 38835.9 11478.1 10680.8 797.336 1173.82 37662.1 15132.4 7215.48 1779.77 5435.72 906.206 7916.96 3590.42 4326.54 6726.93 6503.51 1800.83 260.683 4702.68 3108 381.043 1594.68 1540.15 1471.85 2726.95
internal_count=932184 795058 3084 791974 547012 409404 137608 131793 5815 15891 393513 244962 143437 34588 108849 2676 101525 51922 49603 137126 131769 40413 4101 91356 52097 5743 39259 36312 34456 46354
is_linear=0
shrinkage=0.05


Tree=111
num_leaves=31
num_cat=0
split_feature=3 1 1 1 1 2 3 2 2 30 2 2 1 3 3 1 2 34 30 58 1 3 1 1 1 3 3 30 1 32
split_gain=67.2159 58.0912 104.674 675.613 357.148 870.644 226.57 380.177 143.664 61.6072 54.8793 235.877 245.02 51.1448 78.1662 84.517 72.5042 45.1259 50.4959 52.1178 50.9811 78.2761 198.578 48.8069 46.919 141.904 90.919 83.6275 74.335 71.3626
threshold=0.008200000040233137 0.28869999945163732 0.29449999332427984 0.33124999701976782 0.33220000565052038 0.6580999791622163 0.0023999999975785617 0.67939999699592601 0.68909999728202831 inf 0.72679999470710765 0.73160001635551464 0.26449999213218695 0.0033999999286606912 0.0023999999975785617 0.29350000619888311 0.70745000243186962 1.6596198678016665 27.624375343322757 0.80260476469993602 0.81769999861717235 0.021749999374151233 0.80994999408721935 0.54884999990463268 0.99469998478889476 0.026600000448524955 0.029499999247491363 3.5949999094009404 0.99950000643730175 54.374597549438484
decision_type=2 2 2 2 2 2 2 2 2 8 2 2 2 2 2 2 2 10 10 10 2 2 2 2 2 2 2 10 2 8
left_child=1 9 13 6 -5 -6 7 -4 -8 -1 -11 -12 -13 14 16 -16 -3 18 20 -20 21 23 -23 -2 -19 28 -27 -28 29 -26
right_child=17 2 3 4 5 -7 8 -9 -10 10 11 12 -14 -15 15 -17 -18 24 19 -21 -22 22 -24 -25 25 26 27 -29 -30 -31
leaf_value=0.067983137097219801 -0.017284081553164618 -0.0055289000873456999 0.21788347739011324 -0.054982599727174911 0.00020337344808344325 0.24417068426689348 -0.039091961343509798 0.063006927314549585 0.16918429073633806 0.010481260368610482 -0.048595869507744222 -0.00079545514632764795 0.064973451070615987 -0.014904278333896315 -0.026488262564355682 0.020451600023045594 0.0092236962535571076 0.0018137077784111768 0.043391120701764527 -0.0077573681215445198 -0.011355021807260951 0.0098868245064883953 0.19331665545202498 -0.00024821561200279581 -0.02119315655400102 0.10430132644550943 0.097099081298972087 -0.05038131430537926 -0.0033728059024743131 -0.15172447157720934
leaf_weight=39.144198507070541 691.07228673249483 11283.869650110602 47.328311949968338 292.95790918171406 41398.403333115391 36.601699911057949 61.8195990473032 243.40036845207214 9.5599591955542547 2125.5616304054856 230.76405166089535 1524.4310567528009 156.11398604512215 1065.7522125914693 114.71667729318142 584.50748465955257 899.21955629438162 4309.5831303540617 98.90377758257091 100.32057120278478 3967.305126610212 488.49457660317421 15.214249992743133 1073.5409277789295 671.82944539934397 45.571845207363367 14.945581544190643 26.935601741075516 1524.406548442319 10.636614341288803
leaf_count=101 13057 142384 330 3608 469678 308 616 1518 66 11725 1557 10047 1056 15246 1342 7282 10032 55162 654 623 124457 7150 264 18455 10664 313 86 317 24008 78
internal_value=-0.000910612 -0.00020475 -0.000623942 0.00062004 2.99274e-05 0.000418882 0.0686223 0.0882196 -0.0111972 0.00555841 0.0049531 -0.00119475 0.00531414 -0.00437782 -0.00350696 0.0127505 -0.00444003 -0.00416493 -0.0071448 0.017635 -0.0079365 -0.00195748 0.0154272 -0.00691994 -0.00126135 -0.00703745 0.0554281 0.00224806 -0.0095128 -0.0232276
internal_weight=73152.9 60114.2 56038.1 42090.1 41728 41435 362.108 290.729 71.3796 4076.01 4036.87 1911.31 1680.55 13948.1 12882.3 699.224 12183.1 13038.8 6434.85 199.224 6235.63 2268.32 503.709 1764.61 6603.91 2294.33 87.453 41.8812 2206.87 682.466
internal_count=932184 676896 652410 476124 473594 469986 2530 1848 682 24486 24385 12660 11103 176286 161040 8624 152416 255288 164660 1277 163383 38926 7414 31512 90628 35466 716 403 34750 10742
is_linear=0
shrinkage=0.05


Tree=112
num_leaves=31
num_cat=0
split_feature=39 27 3 38 50 31 31 28 24 52 20 3 3 28 39 56 3 1 1 1 1 3 55 34 31 39 14 57 59 51
split_gain=63.7244 68.0212 59.2447 56.0439 55.8167 75.2524 101.647 63.185 61.4448 55.341 42.5119 41.8619 127.563 38.4702 34.1586 48.8094 30.5789 86.1637 40.2468 37.6116 105.716 89.3433 26.1233 19.6817 15.8189 13.6466 10.3922 15.3929 12.0078 9.61354
threshold=2.2597209215164189 42.885154724121101 0.013050000183284284 0.42830602824687963 0.067840937525033965 3.1638333797454838 1.0691666603088381 10.525000095367433 0.13892856985330584 259.50000000000006 17.22259616851807 0.00530000007711351 0.0072500000242143878 111.92000198364259 0.92375144362449657 6.5000000000000009 0.045949999243021018 0.92890000343322765 0.92700001597404491 0.98115000128746044 0.93759998679161083 0.025600000284612182 25.97100925445557 69.779380798339858 143.80341339111331 1.680396616458893 16.615000724792484 0.040000677108764655 0.48828929662704473 3.6585713624954228
decision_type=10 10 2 10 8 8 10 10 10 2 10 2 2 10 10 2 2 2 2 2 2 2 2 10 10 10 10 10 10 10
left_child=1 2 4 24 8 6 -6 -7 9 -1 14 23 -13 -10 15 -5 19 18 -18 20 -4 -21 26 -12 25 -3 -2 28 -28 -29
right_child=22 3 16 10 5 7 -8 -9 13 -11 11 12 -14 -15 -16 -17 17 -19 -20 21 -22 -23 -24 -25 -26 -27 27 29 -30 -31
leaf_value=0.0012279844234215043 -0.015533118070762389 0.027502425948637079 -0.0040422582802289008 -0.19965758857973859 -0.0033702301211851922 -0.0012210255553038066 0.0094750495733999102 0.0046705007690418911 -0.026280483294712949 -0.016349046341177471 0.001331469657980328 -0.10387514643461587 0.010941864830273576 0.014467129624105577 -0.0076953195556581843 -0.012311154347337497 0.019368765543164104 -0.054180856787958524 0.16413332592110141 -0.005159414204480974 -0.02234946298302988 0.022683310722272865 -0.07045585292492805 0.036511606785510402 0.047846693043030949 -0.033942890985788537 0.068037034377835995 0.023142284099970781 0.0029988537762094627 -0.019433450846651497
leaf_weight=1657.6325560882688 693.25515674240887 68.398161888122559 2864.9788182750344 7.130146246403454 2389.0890072667971 50547.991826340556 4333.8562159929425 5001.1730776652694 517.54944648686796 613.56945371255279 56.033669870346785 28.704567853361368 153.84576478414237 65.224038772284985 21.423298707231879 6.7847481817007065 236.11434644088149 43.451529323123395 4.9008248895406714 1931.5140596935526 1088.0364887528121 338.63771609496325 20.499843917787075 136.85949550382793 128.2855297550559 10.411743678152559 13.022509507834911 16.904540527611971 15.596487171947956 61.474887080490589
leaf_count=35799 11158 180 51330 45 44978 579131 60602 32660 9937 20446 219 134 428 215 78 25 1580 1320 44 46593 28106 5892 128 388 47 30 50 132 109 400
internal_value=-0.000868719 -0.000711347 -0.000853829 0.0158074 -0.000399291 -8.59242e-05 0.00491031 -0.000690603 -0.00723677 -0.00352048 0.00511527 0.0100501 -0.00711218 -0.02172 -0.0473135 -0.10831 -0.00540268 0.0106283 0.0223124 -0.00613547 -0.00908117 -0.00100613 -0.0147224 0.0262921 0.0370155 0.0193848 -0.0132946 0.00120866 0.0325932 -0.0102509
internal_weight=73072.3 72251.6 71633.7 617.877 65126.1 62272.1 6722.95 55549.2 2853.98 2271.2 410.782 375.443 182.55 582.773 35.3382 13.9149 6507.63 284.467 241.015 6223.17 3953.02 2270.15 820.753 192.893 207.095 78.8099 800.254 106.998 28.619 78.3794
internal_count=932184 920207 918633 1574 783768 717371 105580 611791 66397 56245 1317 1169 562 10152 148 70 134865 2944 1624 131921 79436 52485 11977 607 257 210 11849 691 159 532
is_linear=0
shrinkage=0.05


Tree=113
num_leaves=31
num_cat=0
split_feature=39 27 2 38 25 28 33 5 26 2 20 50 9 39 55 1 34 24 26 18 15 33 38 1 26 55 17 5 1 31
split_gain=58.2303 62.5201 56.758 53.1861 52.7905 98.9957 93.7722 108.385 84.9866 82.206 37.2543 32.7978 28.6728 53.4527 24.2879 23.504 23.4182 23.2596 20.611 24.1425 12.4377 12.5874 12.5123 11.3113 11.071 10.4599 8.00599 7.6737 10.8606 6.81242
threshold=2.2597209215164189 42.885154724121101 0.97099998593330394 0.42830602824687963 0.12944196909666064 0.42499999701976782 4.4205000400543222 29.500000000000004 1.5568333268165591 0.18329999595880511 17.22259616851807 0.3506332933902741 -0.21694186329841622 0.82399660348892223 25.97100925445557 0.97440001368522655 0.098027519881725325 148.17857360839847 50.418832778930671 72.846668243408217 20.615000724792484 15.460305690765383 1.1284332275390627 1.0000000180025095e-35 37.83833312988282 7.1926605701446542 102.29500198364259 22.500000000000004 0.99950000643730175 61.628499984741218
decision_type=10 10 2 10 8 8 8 2 10 2 10 10 2 10 2 2 8 10 10 8 10 10 10 2 10 2 10 2 2 10
left_child=1 2 4 18 5 8 7 -6 -1 -8 12 15 26 -14 20 -12 -7 -13 19 -3 21 24 -22 -4 25 -2 -5 28 -24 -20
right_child=14 3 23 10 6 16 9 -9 -10 -11 11 17 13 -15 -16 -17 -18 -19 29 -21 22 -23 27 -25 -26 -27 -28 -29 -30 -31
leaf_value=-0.0052753069562139314 -0.013922448595028473 0.023381546048941344 0.077017296698673035 -0.04333657031497503 0.0023718444606219621 -0.047872665453828768 -0.0033674794372944221 0.019878706861474707 0.017488796521945221 0.00044212312630791226 0.013813663145566127 0.0020583527664349895 -0.24248347019338637 -0.039457480982043235 -0.068496880263902299 -0.022001172697394072 -0.019811596611789176 0.038293679990286683 0.019208181951358295 -0.090613281732830606 0.078489139940588537 -0.0609211744772504 0.097045094357610412 0.031126673736754693 0.058339890313461332 -0.085348023069197088 0.023540523820981988 -0.0052469412973162859 -0.015891133561744854 0.04639132105631158
leaf_weight=4080.3984237993136 687.06787624768913 17.030477322638038 22.446974068880081 7.0814790539443502 7442.2885536309332 84.600704809650779 24758.926898593083 1003.2614030493423 455.80519658513367 33081.26335288398 85.757715214043856 71.830665038898587 4.3054663175717023 13.124483990482984 20.043532099574804 98.340063014067709 613.67464311420918 115.49658413417637 27.240898597985506 6.3863579165190449 5.5297762602567664 14.533038411289452 4.6237582266330701 33.419242233037949 5.2627436481416217 5.1643098816275588 12.158578857779503 65.947698090225458 3.9450486823916435 149.76096255518496
leaf_count=101793 11207 44 110 31 120595 3247 321570 16032 1860 341385 247 281 32 51 128 369 11865 272 105 28 3 116 27 176 11 25 34 435 25 80
internal_value=-0.000826484 -0.000676695 -0.000812373 0.0152823 -0.000851724 -0.00568572 -0.000469991 0.00445151 -0.00298793 -0.00118861 0.00492322 0.00966998 -0.043156 -0.089608 -0.0141404 -0.00531766 -0.0232114 0.0243992 0.0363757 -0.0077077 -0.0127649 -0.0148657 0.00592189 0.0495655 -0.0139061 -0.0144553 -0.0010742 0.000536768 0.0450497 0.0422078
internal_weight=72996.7 72184.6 71576.1 608.514 71520.2 5234.48 66285.7 8445.55 4536.2 57840.2 408.095 371.425 36.67 17.43 812.118 184.098 698.275 187.327 200.419 23.4168 792.074 712.028 80.0463 55.8662 697.495 692.232 19.2401 74.5165 8.56881 177.002
internal_count=932184 920207 918633 1574 918347 118765 799582 136627 103653 662955 1317 1169 148 83 11977 616 15112 553 257 72 11849 11359 490 286 11243 11232 65 487 52 185
is_linear=0
shrinkage=0.05


Tree=114
num_leaves=31
num_cat=0
split_feature=3 1 2 2 3 1 1 1 1 1 2 3 1 1 2 3 2 1 2 2 3 2 1 3 13 2 3 26 59 2
split_gain=60.4071 123.171 242.408 329.409 225.584 221.92 207.799 175.684 169.712 143.879 162.282 164.205 137.42 128.92 121.882 131.108 115.711 88.9547 78.4363 228.348 278.099 142.944 318.511 164.657 71.0242 67.7493 67.6402 66.3473 58.9872 103.391
threshold=0.0014500000397674742 0.69680002331733715 0.45209999382495886 0.52369999885559093 1.0000000180025095e-35 0.84379997849464428 0.87380000948905956 0.86895000934600841 0.48499999940395361 0.8225499987602235 0.18329999595880511 1.0000000180025095e-35 0.99564999341964733 0.99469998478889476 0.70745000243186962 1.0000000180025095e-35 0.46179999411106115 0.85249999165534984 0.39120000600814825 0.31574998795986181 1.0000000180025095e-35 0.3960499912500382 0.57690000534057628 1.0000000180025095e-35 4.8949999809265146 0.70939999818801891 1.0000000180025095e-35 1.3068333268165591 0.4430545866489411 0.18329999595880511
decision_type=2 2 2 2 2 2 2 2 2 2 2 2 2 2 2 2 2 2 2 2 2 2 2 2 10 2 2 8 10 2
left_child=1 2 18 4 16 9 7 17 -6 10 11 -3 13 -8 15 -5 -4 -7 19 -1 -21 23 -23 -20 -14 -16 -12 -2 -29 -30
right_child=27 5 3 14 8 6 12 -9 -10 -11 26 -13 24 -15 25 -17 -18 -19 21 20 -22 22 -24 -25 -26 -27 -28 28 29 -31
leaf_value=-0.034959322255811283 -0.0071454645752847728 0.15477788637906181 -0.012034532990541314 -0.0045733230829779238 0.10491182542688696 -0.018500239793575755 0.011105665259656486 -0.052860965390808423 -0.010876565077229412 0.068453918078984238 -0.0097566079828890883 -0.039348933020331378 0.0061765795262100137 0.06972191093632206 0.12560529697444614 0.015791769359997002 0.064311141108767192 0.039608815348602264 0.27691590095480878 0.19186416949324023 0.005791515078298691 -0.027861354785158013 0.070340476234372937 -0.058278489736733358 -0.010018137629529682 0.0068004182782201335 0.027482222420041835 -0.0021016151924811081 0.00031508598132257636 0.016452721973903933
leaf_weight=444.40059790015221 5273.0363682527095 11.64735935628414 56.550898715853691 11045.668447129428 35.339775964617729 190.7487468291074 2493.3368608169258 301.98067281022668 302.78910164535046 154.56038875132799 135.47436349838972 168.23881446570158 1227.5514498781413 97.472060829401016 12.038069590926169 851.20908468216658 405.5496900677681 100.59105718135834 3.7060429006814948 20.78241652995348 594.55643075890839 594.94308936595917 95.877060666680336 321.04042202234268 1509.5752041246742 3780.218944311142 1220.7653569877148 33640.720946140587 6679.6715017706156 1165.7516792882234
leaf_count=4466 136617 44 286 134156 132 1386 13332 3982 1584 770 704 1386 16818 462 110 6160 1694 528 22 176 5302 6160 638 3762 17348 24134 5500 460991 75431 8103
internal_value=-0.00078597 0.00113721 -0.00105898 0.000967949 0.0322596 0.00649348 0.00193159 -0.026137 0.00122514 0.0224705 0.0178438 -0.0267795 0.00505731 0.0133109 -0.000628091 -0.00311622 0.0549681 0.00156311 -0.017164 -0.00764826 0.0120759 -0.0270936 -0.0142322 -0.0544532 -0.0027551 0.00717755 0.0237624 -0.0018626 -0.00119113 0.00271298
internal_weight=72935.8 26176.6 18564.7 16489.4 800.229 7611.94 5921.26 593.32 338.129 1690.69 1536.13 179.886 5327.94 2590.81 15689.1 11896.9 462.101 291.34 2075.31 1059.74 615.339 1015.57 690.82 324.746 2737.13 3792.26 1356.24 46759.2 41486.1 7845.42
internal_count=932184 251042 188782 168256 3696 62260 53856 5896 1716 8404 7634 1430 47960 13794 164560 140316 1980 1914 20526 9944 5478 10582 6798 3784 34166 24244 6204 681142 544525 83534
is_linear=0
shrinkage=0.05


Tree=115
num_leaves=31
num_cat=0
split_feature=28 30 3 51 45 33 2 1 49 1 39 12 1 2 2 1 1 3 1 50 32 3 1 2 29 39 1 18 28 1
split_gain=55.6423 100.374 85.8684 69.0786 156.499 78.8827 138.262 88.9648 63.1862 59.2794 58.5686 53.6567 47.0226 134.455 104.222 99.679 60.9844 135.573 105.939 43.6164 44.9043 77.9092 49.3592 39.3845 38.6734 37.762 31.8407 29.7335 29.1191 37.5521
threshold=10.00500011444092 54.574998855590827 0.012099999934434892 1.3071429133415224 0.21428572386503222 1.1982777118682864 0.31960000097751623 0.95985001325607311 0.025593177415430549 0.9212000072002412 1.107497572898865 1.0000000180025095e-35 0.77030000090599071 0.31380000710487371 0.2973999977111817 0.65330001711845409 0.98499998450279247 0.025600000284612182 0.94920000433921825 0.62502503395080578 12.940662384033205 1.0000000180025095e-35 0.69680002331733715 0.18329999595880511 265.90000915527349 1.5937516689300539 0.69680002331733715 165.75000000000003 111.92000198364259 0.93759998679161083
decision_type=10 10 2 10 2 10 2 2 10 2 10 2 2 2 2 2 2 2 2 10 10 2 2 2 8 10 2 10 10 2
left_child=1 2 3 5 9 7 -7 -1 28 -5 19 23 13 14 -4 -15 18 -18 -14 20 22 -22 -10 -12 27 -6 -25 -3 -2 -30
right_child=8 24 12 4 25 6 -8 -9 10 -11 11 -13 16 15 -16 -17 17 -19 -20 -21 21 -23 -24 26 -26 -27 -28 -29 29 -31
leaf_value=-0.00023164050898880268 -0.03678352759545938 0.016724776596898971 0.015525866625328269 -0.0098308061260947086 0.027909603924146143 0.0023464331366148845 0.025821224707103491 -0.0088113224539308269 -0.01039572360648406 -0.0025453463285827396 -0.011318927655604914 0.011753005878335686 -0.0066326952713142637 -0.00033931469514531572 0.089512721751234606 -0.040901097549417648 -0.0073550394859323506 0.031100225549405714 -0.026272177841757012 0.042152509666040706 -0.12218488152992089 0.0003001799154977518 0.011606898583089879 -0.0056748492142337445 0.047754354909951363 -0.0072717704680679562 0.030951657108583216 -0.073682319595578125 -0.058527370989539612 0.044156333944812526
leaf_weight=31369.052616459318 138.18998098932207 135.26586022228003 343.49892674200237 4412.858978336677 458.4112599901855 11312.429395051673 664.0708382576704 3343.4969742782414 278.1960192732513 7602.0439316593111 1237.4391961544752 464.79396104812622 1943.6826588455588 696.59480814449489 55.254739008843899 193.54810695536435 1756.1965687042102 263.59454680420458 1061.7381664374843 87.707895458675921 13.102147120982407 1423.2202815776691 3043.1004127394408 131.72233808785677 136.11686408519745 91.496243882924318 107.98039145767689 9.7500854022800905 13.102524189278482 27.784256985411048
leaf_count=346787 1394 429 5258 42475 2596 152852 5383 84087 1606 104666 10635 3819 38541 12373 506 3225 46809 4686 32884 127 63 3559 24644 741 652 700 526 39 58 64
internal_value=-0.000749752 -0.00119931 -0.00132714 -0.000736476 -0.00402736 0.000149157 0.00364806 -0.00105803 0.00349971 -0.00522117 0.00427319 -0.00306348 -0.00687011 0.0016498 0.0257781 -0.00915886 -0.00905535 -0.0023364 -0.0135708 0.00721362 0.00656951 -0.00081713 0.00976393 -0.00772561 0.028613 0.022056 0.0108245 0.0106463 -0.0258164 0.0112504
internal_weight=72815.4 65849.1 65568 59253.9 12564.8 46689 11976.5 34712.5 6966.34 12014.9 6787.26 1941.94 6314.11 1288.9 398.754 890.143 5025.21 2019.79 3005.42 4845.33 4757.62 1436.32 3321.3 1477.14 281.133 549.908 239.703 145.016 179.077 40.8868
internal_count=932184 884948 883828 739546 150437 589109 158235 430874 47236 147141 45720 15721 144282 21362 5764 15598 122920 51495 71425 29999 29872 3622 26250 11902 1120 3296 1267 468 1516 122
is_linear=0
shrinkage=0.05


Tree=116
num_leaves=31
num_cat=0
split_feature=56 3 1 2 1 1 3 1 1 2 1 2 1 2 2 2 1 1 3 3 1 1 1 1 1 3 3 3 3 3
split_gain=55.8224 55.6394 101.489 225.57 309.751 244.545 236.387 203.112 193.057 278.217 125.435 143.937 108.872 78.3363 198.243 136.165 62.5337 721.46 286.072 461.739 278.173 239.2 355.043 158.811 210.842 158.927 107.519 105.836 67.7939 64.8374
threshold=60.500000000000007 0.0014500000397674742 0.69680002331733715 0.45209999382495886 0.45404998958110815 0.45020000636577612 1.0000000180025095e-35 0.84379997849464428 0.88250002264976513 0.10490000247955324 0.8225499987602235 0.18329999595880511 0.86895000934600841 0.39120000600814825 0.31574998795986181 0.3960499912500382 0.764499992132187 0.75290000438690197 0.0063000000081956395 0.0033999999286606912 0.76644998788833629 0.72580000758171093 0.57690000534057628 0.77709999680519115 0.79060000181198131 0.011099999770522119 0.014999999664723875 0.019800000824034217 0.018850000575184826 0.028500000014901165
decision_type=2 2 2 2 2 2 2 2 2 2 2 2 2 2 2 2 2 2 2 2 2 2 2 2 2 2 2 2 2 2
left_child=1 2 3 13 5 -5 -6 10 12 -10 11 -4 -9 14 -1 -15 17 21 19 -19 26 22 -3 25 -25 -22 -18 -23 -28 -20
right_child=-2 16 7 4 6 -7 -8 8 9 -11 -12 -13 -14 15 -16 -17 20 18 29 -21 23 27 -24 24 -26 -27 28 -29 -30 -31
leaf_value=-0.033591068726709909 0.012916709098603877 -0.0044608600145148638 -0.025804681576177709 -2.3767587466062421e-05 0.051520612532577351 -0.058026628368497049 -0.0004175091084580824 0.0010864635012924914 0.0028527887444924054 0.071386106062939825 0.064177571291860191 0.022484706693756219 -0.038841981458003182 -0.054218785196280032 0.01094602322899047 -0.014232924253829288 -0.056184476772655305 0.01089616231940544 0.029591057867068889 0.13924491378313758 0.057004302152909497 -0.027167153046140331 0.015532007962073902 -0.026370353912535494 -0.0022601843646243231 -0.017082172453908744 0.27923289616128188 0.035749320781524867 0.024336309396773829 -0.037044720648279149
leaf_weight=420.97568683326244 743.45839431323111 8417.849629374221 174.46550699695945 15368.674876995385 516.85547039657831 183.89284214377403 380.24368482083082 284.21983752772212 4989.0782017624006 152.61837100982666 154.71566205471754 1336.1232152283192 427.52721286192536 311.04280307516456 614.69458506815135 674.83126592263579 302.64517985284328 112.63789750263095 175.41774901002645 185.43435800820589 216.00095236860216 1066.6364214941859 3016.2909824335948 933.78458588384092 31340.919322692789 108.87237801402807 3.3085932228714219 71.310243615880609 12.32913828641176 46.09793496131897
leaf_count=4338 7668 100418 1422 163000 2193 1095 1893 1887 46178 687 753 6087 4806 3783 5446 6761 2811 803 1927 1183 1926 12485 30002 11291 507765 1844 65 992 152 523
internal_value=-0.000713895 -0.000854643 0.000994701 -0.00099873 0.000938256 -0.000709591 0.0295062 0.00589194 0.00150858 0.00488703 0.0212992 0.0169075 -0.0228975 -0.0167603 -0.00715726 -0.0268484 -0.0018993 0.00102365 0.0587605 0.0907435 -0.00306178 -0.00136254 0.000813197 -0.00260762 -0.00295775 0.0321763 -0.0495787 -0.0232244 0.0782667 0.015724
internal_weight=72743 71999.5 25990 18471.2 16449.7 15552.6 897.099 7518.75 5853.44 5141.7 1665.3 1510.59 711.747 2021.54 1035.67 985.874 46009.5 13091.7 519.588 298.072 32917.9 12572.1 11434.1 32599.6 32274.7 324.873 318.283 1137.95 15.6377 221.516
internal_count=932184 924516 250329 188509 168181 164095 4086 61820 53558 46865 8262 7509 6693 20328 9784 10544 674187 148333 4436 1986 525854 143897 130420 522826 519056 3770 3028 13477 217 2450
is_linear=0
shrinkage=0.05


Tree=117
num_leaves=31
num_cat=0
split_feature=39 57 51 21 33 5 1 49 27 1 34 3 55 43 34 11 55 54 34 31 56 39 13 39 5 6 56 15 51 33
split_gain=51.6198 54.3945 48.5702 123.818 77.5114 104.409 76.9864 93.1928 76.3456 72.3504 70.6427 64.4641 63.4637 31.636 26.0152 27.2291 23.1808 20.4424 26.3188 16.612 18.9042 26.0322 18.1722 15.7108 26.3371 12.5964 11.4152 11.2265 12.1198 11.7771
threshold=2.2597209215164189 -25.523750305175778 0.0957143008708954 0.46500000357627874 4.6784443855285653 29.500000000000004 0.99369999766349804 0.15784219652414325 1.5881935358047488 0.56915000081062328 1.1873698830604555 0.026600000448524955 2.0269643068313603 3.4273910522460942 69.779380798339858 0.93301269412040722 25.97100925445557 0.85406026244163524 0.098027519881725325 49.300043106079109 1.0000000180025095e-35 0.75826993584632885 5.0450000762939462 0.86584389209747326 27.500000000000004 10.500000000000002 53.500000000000007 20.134999275207523 3.2192858457565312 15.460305690765383
decision_type=10 8 8 10 8 2 2 8 10 2 10 2 2 8 8 2 2 10 10 8 2 10 10 10 2 2 2 10 10 10
left_child=1 14 3 8 5 10 7 -6 13 -7 -4 -8 -10 -3 15 23 27 18 -5 22 21 -21 -16 24 -1 -25 -19 29 -29 -2
right_child=16 2 4 17 6 9 11 -9 12 -11 -12 -13 -14 -15 19 -17 -18 26 -20 20 -22 -23 -24 25 -26 -27 -28 28 -30 -31
leaf_value=0.0050964599006411903 -0.013118819793892454 -0.0026698209122681081 -0.0024295357330035147 -0.041722289216071962 0.0052560655722771518 0.082552702808638898 -0.0052366753191645417 -0.0010383046734251794 0.032696724652352557 0.016129947033143271 0.0071741795792544562 0.037855557174906289 0.002872218779522517 -0.012273538162611237 0.020304879338564289 -0.078321923863839016 -0.067289255088404498 -0.06836804415375855 -0.017380120269855387 -0.046662120889398521 0.037388712890598759 0.021497219156412124 -0.1091809369247459 0.0095458684881467391 -0.049575879893677295 0.040564084705601446 0.01146222380551358 0.051866946992578558 -0.0024547975920127412 -0.059859013111241859
leaf_weight=91.682383159175515 682.98333678860217 3020.8647456504405 4094.2969540627673 147.7880713250488 6914.9406217169017 42.720589494332671 10240.886920576915 39311.748699112795 236.73113826476038 1015.8601355133578 3597.128874023445 87.529821475967765 723.50637952424586 1197.4257653607056 6.3225723057985288 9.4767275340855104 19.417945947498083 38.228595083579421 446.59570631291717 16.824760323390365 171.78495505452156 83.698689460754395 4.7416751496493816 283.42519294284284 28.99408558011055 37.003869220614433 5.0722074061632147 12.035651646554468 69.916126299649477 13.748416818678377
leaf_count=164 11226 80654 75987 4486 70406 256 146905 432639 1704 16591 50013 897 3205 25185 15 38 128 299 9131 57 331 209 25 810 84 86 30 69 440 114
internal_value=-0.000681827 -0.000541368 -0.000681119 -0.00505945 -0.000291175 0.00408819 -0.000968735 -9.67448e-05 -0.00249944 0.0188105 0.00206193 -0.00487148 0.010225 -0.00539598 0.0130006 0.00553546 -0.0133278 -0.0258489 -0.0234326 0.0248708 0.027311 0.0100893 -0.0351873 0.00733706 -0.00803928 0.0131279 -0.0590168 -0.0119821 0.00552304 -0.0140411
internal_weight=72653.4 71855.3 71121.3 5816.21 65305.1 8750.01 56555.1 46226.7 5178.53 1058.58 7691.43 10328.4 960.238 4218.29 733.955 450.582 798.101 637.685 594.384 283.373 272.308 100.523 11.0642 441.106 120.676 320.429 43.3008 778.684 81.9518 696.732
internal_count=932184 920207 918388 124694 793694 142847 650847 503045 110748 16847 126000 147802 4909 105839 1819 1182 11977 13946 13617 637 597 266 40 1144 248 896 329 11849 509 11340
is_linear=0
shrinkage=0.05


Tree=118
num_leaves=31
num_cat=0
split_feature=3 2 38 53 1 2 1 1 1 2 3 1 33 50 43 1 34 3 2 1 2 3 47 1 27 2 1 2 28 11
split_gain=51.6233 48.3478 47.9418 76.6904 70.537 84.7899 48.702 74.199 376.286 356.561 66.7531 48.5953 47.5276 31.1231 29.6611 28.2001 34.1268 31.0853 27.6047 177.591 113.646 88.6769 60.0034 57.7952 48.1781 47.2379 178.85 26.3241 22.1697 19.3362
threshold=0.013050000183284284 0.97099998593330394 0.80210414528846752 0.93247038125991832 0.51790001988410961 0.39120000600814825 0.99369999766349804 0.9212000072002412 0.95309999585151683 0.084600001573562636 0.0043500000610947618 0.99759998917579662 138.40708160400393 2.2146197557449345 3.8803533315658574 0.93084999918937694 0.62044140696525585 0.035299999639391906 0.31380000710487371 0.70360001921653759 0.33995001018047338 0.01690000016242266 0.11666667461395265 0.61560001969337474 12.506139278411867 0.28384999930858618 0.72194999456405651 0.086549997329711928 0.57499998807907116 -0.68301269412040699
decision_type=2 2 8 8 2 2 2 2 2 2 2 2 10 10 10 2 10 2 2 2 2 2 2 2 10 2 2 2 8 2
left_child=1 2 3 4 -1 -6 7 9 -9 -4 12 -12 -8 18 29 16 -15 27 19 22 -20 -22 24 -23 -2 26 -21 -18 -16 -5
right_child=13 -3 6 14 5 -7 10 8 -10 -11 11 -13 -14 15 28 -17 17 -19 20 25 21 23 -24 -25 -26 -27 -28 -29 -30 -31
leaf_value=0.041523423171143853 0.078711243754383542 0.045721052374375237 -0.030540292844037167 0.019258833994680549 0.0026099216716437565 -0.026280885769103809 -0.00071147411954168257 0.029454927492636718 -0.0010019505065718712 -0.0001532137490277061 -0.014930845278782599 -0.0045924044418056273 0.035613413112663327 -0.035219516806557639 0.0022419215846930171 -0.03849914720602949 0.10666967343436325 0.14577683255726948 -0.050500481629459915 0.12880864377795664 -0.028910547299063134 0.0003292947527376804 0.28263596761384469 0.045525660752471345 -0.071755500193937755 -0.06247745872885152 -0.0042598067917255329 -0.0092441155910475605 -0.14499325811345151 0.051507641593428355
leaf_weight=113.11338898167014 61.177670992910862 57.199166387319565 990.79403490386903 75.470181593671441 9067.2246968830004 261.27764041721821 5798.7725168280303 1253.7114401701838 5306.4256078777835 37627.700531091541 1675.3329770807177 3534.9666078407317 91.469099376350641 32.379187695682049 38.435094097629189 126.62899476289749 6.2396681047976044 5.4544978812336913 160.91916811652482 25.369324814528227 231.48615072481334 360.75782487727702 3.3443580884486428 87.984501322731376 5.8266491144895545 34.327414230443537 5412.5290610026568 22.78019536472857 2.7388665862381449 121.01466510258615
leaf_count=355 479 286 15069 463 85212 1860 82072 10616 78346 402911 34990 81765 263 1126 370 3431 64 40 2596 257 4778 6070 37 1048 28 451 116394 327 21 459
internal_value=-0.000648742 -0.000227876 -0.000267723 0.00298273 0.00227662 0.00180073 -0.000826759 -9.76793e-05 0.00481868 -0.000932823 -0.00379407 -0.00791665 -0.000147388 -0.00487298 0.0310348 -0.0246293 0.00164181 0.0362629 -0.00427419 -0.00299332 -0.0127142 -0.00377527 0.0759433 0.00919091 0.0656268 -0.0040081 -0.00363901 0.0156789 -0.00755207 0.0391208
internal_weight=72592.9 66015.6 65958.4 9679.27 9441.62 9328.5 56279.2 45178.6 6560.14 38618.5 11100.5 5210.3 5890.24 6577.2 237.659 193.483 66.8535 34.4744 6383.72 5542.57 841.148 680.228 70.3487 448.742 67.0043 5472.23 5437.9 29.0199 41.174 196.485
internal_count=932184 795058 794772 88740 87427 87072 706032 506942 88962 417980 199090 116755 82335 137126 1313 4988 1557 431 132138 117646 14492 11896 544 7118 507 117102 116651 391 391 922
is_linear=0
shrinkage=0.05


Tree=119
num_leaves=31
num_cat=0
split_feature=28 30 30 32 18 0 59 1 5 5 18 59 43 42 39 26 6 5 1 55 27 38 1 5 1 1 39 39 16 55
split_gain=48.1004 87.9043 69.2998 97.4751 117.457 99.67 84.5101 85.8761 83.8419 79.5875 69.421 62.1623 53.1136 48.8583 55.5674 41.7179 41.716 40.2406 65.5969 49.7716 44.5099 46.6538 38.4187 37.2881 33.1135 36.5407 32.5601 31.8194 30.8813 27.6585
threshold=10.00500011444092 54.574998855590827 4.1425001621246347 1.1295968890190127 16.564999580383304 13.454999923706056 0.50214499235153209 0.82739999890327465 29.500000000000004 29.500000000000004 0.064999999478459372 0.24303345382213595 1.714949429035187 1.0700531005859377 1.107497572898865 5.8196668624877939 9.5000000000000018 26.500000000000004 0.989850014448166 19.535013198852543 10.260712146759035 0.58524268865585338 0.91830000281333934 23.500000000000004 0.81769999861717235 0.69680002331733715 0.80780941247940075 0.54107201099395763 58.260000228881843 48.773323059082038
decision_type=10 10 10 10 10 10 10 2 2 2 8 8 8 10 10 10 2 2 2 2 10 10 2 2 2 2 10 8 10 2
left_child=1 2 3 4 5 -1 10 9 11 -8 15 -5 28 27 17 -4 24 20 22 -20 26 -22 -19 -12 25 -16 -15 -2 -3 -29
right_child=13 12 6 8 -6 -7 7 -9 -10 -11 23 -13 -14 14 16 -17 -18 18 19 -21 21 -23 -24 -25 -26 -27 -28 29 -30 -31
leaf_value=-0.0012711479080445157 -0.17332430032231638 -0.07135761860921809 0.06650573900283728 0.0087099642028843783 0.055312089704190638 0.054225862765585164 0.010538449499495353 -0.0009576654572959328 0.021261451185330585 0.053969584821022043 -0.0012273558813421868 -0.0017639599591404206 0.040316181589138633 0.029474490429228048 -0.0073187577153440778 0.011464646222353525 0.017862987877085883 0.0027456303380198658 -0.0033080372538638451 -0.037931932555820336 0.031000740464823734 -0.0038291458227055195 0.020731205851091335 -0.0070800915384672675 -0.0086417261362894317 0.02892713512951637 0.012847310280834962 -0.011223298696929104 0.0075263806664667898 0.028674878689939922
leaf_weight=39072.295008020476 2.9419570975005618 15.622448630630968 45.836631556972861 2866.906014050357 92.306295370683074 81.071004962548614 727.63123742863536 3339.7691178936511 755.99431951157749 123.36723884195089 3545.6885418575257 2800.286569670774 202.9950762623921 381.58777409791946 142.9011496193707 138.29132058285177 219.54017752408981 768.95240599475801 656.74016316235065 123.27637266553938 114.44938826188445 601.11955604609102 483.67952699400485 11706.091846943833 1334.0762313976884 135.43603008240461 1289.1341098323464 645.6305809924379 60.274498246610165 46.570423138327897
leaf_count=538853 21 69 476 31358 706 727 4899 40441 7530 958 54634 30766 835 1755 831 842 1802 4013 5609 333 184 1811 2341 171638 11672 681 11254 4869 216 60
internal_value=-0.000618011 -0.00103711 -0.00115675 -8.89069e-05 -0.00102342 -0.00115624 -0.00364149 0.00265531 0.00562098 0.0168346 -0.00535104 0.00353456 0.0269741 0.0033385 0.00473692 0.0251665 -0.00258476 0.00777226 0.00260246 -0.00878011 0.0121759 0.00174161 0.00969041 -0.00571946 -0.00536885 0.0103181 0.0166449 -0.0092364 -0.00871092 -0.008539
internal_weight=72520.5 65574.4 65295.5 45668.9 39245.7 39153.4 19626.7 4190.77 6423.19 850.998 15435.9 5667.19 278.892 6946.04 6250.89 184.128 1831.95 4418.94 2032.65 780.017 2386.29 715.569 1252.63 15251.8 1612.41 278.337 1670.72 695.143 75.8969 692.201
internal_count=932184 884948 883828 609940 540286 539580 273888 46298 69654 5857 227590 62124 1120 47236 42286 1318 14986 27300 12296 5942 15004 1995 6354 226272 13184 1512 13009 4950 285 4929
is_linear=0
shrinkage=0.05


Tree=120
num_leaves=31
num_cat=0
split_feature=39 57 56 2 58 2 56 31 53 20 55 39 53 38 32 31 2 6 29 2 22 58 21 24 15 27 22 32 39 18
split_gain=47.9446 46.7487 44.8341 43.8214 41.579 46.7838 35.962 25.582 25.105 22.6514 21.287 20.5882 24.7948 36.8688 19.5713 19.5673 19.5645 19.3152 18.2938 15.9288 15.7731 14.3694 13.2254 36.9258 10.1808 11.4985 11.0307 10.5414 8.43147 8.21124
threshold=2.2597209215164189 -25.523750305175778 66.500000000000014 0.97099998593330394 2.0489838123321538 0.18329999595880511 70.500000000000014 1.0691666603088381 0.33504316210746771 0.12891488522291186 25.97100925445557 0.83539569377899181 0.80621927976608287 0.97406312823295604 28.391327857971195 143.80341339111331 0.41975000500679022 10.500000000000002 85.405002593994155 0.56044998764991771 23.064999580383304 3.1544129848480229 1.3550000190734866 12.488214015960695 20.134999275207523 8.0988306999206561 21.07499980926514 10.249001026153566 2.9999998807907109 7.4633333683013925
decision_type=10 8 2 2 10 2 2 10 10 10 2 10 10 10 10 8 2 2 8 2 10 8 10 10 10 10 10 10 10 10
left_child=1 8 3 4 5 -3 9 -6 15 -4 24 12 14 -14 -10 22 18 20 -8 -18 -13 -11 -1 -24 25 27 -26 28 -2 -27
right_child=10 2 6 -5 7 -7 16 -9 11 21 -12 17 13 -15 -16 -17 19 -19 -20 -21 -22 -23 23 -25 26 29 -28 -29 -30 -31
leaf_value=0.026659910238863868 -0.015278311650645424 -0.0022113309206421737 0.00068880303785529473 0.042656753157196664 -0.0041135483882018455 0.00039356651887167602 0.01068250553431355 0.011012316553444866 -0.053754714738792377 0.047432328665872069 -0.06518165753122758 -0.024694677256821271 -0.18539916861036987 0.0080349470144476017 0.0048065555047224944 0.04450697003237486 -0.0547372090225463 0.040065043313402229 -0.13098287541703188 0.038798729433014406 0.010893112586107985 -0.055404967074786093 -0.07849986055419346 0.024143990979437029 0.08576192416628417 -0.0241233778624107 0.00093913236275728208 0.099948057829509052 -0.0022557734373071965 -0.067637950379557749
leaf_weight=64.654869748279452 421.60665255412459 34031.917701869272 38.483774784952402 58.299191147089005 366.85915294475853 34926.469010513276 189.028116597794 1174.3376530110836 17.227664604783058 121.51719160750508 18.957847572863102 34.368672186508775 4.9113318212330324 4.9423277080059052 83.023198527283967 90.762830044142902 22.376776661723856 52.182512879371643 2.306660644710063 5.7138536535203448 330.95347936917096 3.4945456869900218 13.145554296672342 26.275834206491709 4.0312183797359458 76.47982094809413 77.871620252728462 2.1316319108009329 176.25725749041885 12.631856266409157
leaf_count=97 7118 526798 646 286 6545 368524 1881 12641 51 852 128 114 29 23 159 192 151 123 14 16 942 34 45 44 8 470 501 15 3648 89
internal_value=-0.000588193 -0.000453151 -0.000582024 -0.000674623 -0.000710456 -0.000891986 0.0164805 0.00741183 0.0122015 0.0342317 -0.0128387 0.00653747 -0.0126957 -0.0883779 -0.00525694 0.0275394 0.00325399 0.0116097 0.00897464 -0.0357113 0.00754509 0.0445576 0.0127423 -0.0100839 -0.0115517 -0.0135325 0.00511407 -0.0110434 -0.0114391 -0.0302917
internal_weight=72453.2 71663.3 70940.8 70557.9 70499.6 68958.4 382.921 1541.2 722.448 163.496 789.968 527.609 110.105 9.85366 100.251 194.839 219.425 417.505 191.335 28.0906 365.322 125.012 104.076 39.4214 771.01 689.107 81.9028 599.996 597.864 89.1117
internal_count=932184 920207 918388 914794 914508 895322 3594 19186 1819 1532 11977 1441 262 52 210 378 2062 1179 1895 167 1056 886 186 89 11849 11340 509 10781 10766 559
is_linear=0
shrinkage=0.05


Tree=121
num_leaves=31
num_cat=0
split_feature=3 48 1 1 2 1 3 2 3 1 2 3 3 3 1 1 3 3 3 1 2 1 2 3 3 1 3 2 3 3
split_gain=47.3041 47.7941 43.5974 97.2672 608.964 172.307 59.3305 84.5532 70.1297 68.0287 51.5336 46.3197 72.0087 39.7855 39.5276 180.849 117.296 79.3703 134.093 63.1002 219.208 174.892 126.436 68.9351 74.1988 38.8243 26.1433 25.287 19.7603 33.8065
threshold=0.008200000040233137 300.50000000000006 0.28869999945163732 0.29449999332427984 0.68909999728202831 0.33124999701976782 0.0043500000610947618 0.77129998803138744 0.0014500000397674742 0.17940000444650653 0.73934999108314525 0.0033999999286606912 0.0023999999975785617 1.0000000180025095e-35 0.37475000321865087 0.48499999940395361 0.0092000002041459101 0.011099999770522119 0.012099999934434892 0.57009997963905346 0.36314998567104345 0.61560001969337474 0.31380000710487371 0.033350000157952316 0.034299999475479133 0.28675000369548803 0.0043500000610947618 0.79935002326965343 0.01690000016242266 0.017900000326335434
decision_type=2 2 2 2 2 2 2 2 2 2 2 2 2 2 2 2 2 2 2 2 2 2 2 2 2 2 2 2 2 2
left_child=1 2 6 11 5 -5 8 25 10 -9 -1 12 -4 -6 28 16 -16 -18 -19 23 22 -22 -21 -17 -25 -8 -13 -10 -2 -30
right_child=14 -3 3 4 13 -7 7 9 27 -11 -12 26 -14 -15 15 19 17 18 -20 20 21 -23 -24 24 -26 -27 -28 -29 29 -31
leaf_value=0.012079207590992574 -0.025693228372516898 -0.017027072622244906 -0.0039278991063349134 0.04042533571255999 0.097943469884426732 0.00042672964136505833 0.023971255391639017 -0.055402165664119797 -0.0067435489289485121 0.13372586415317458 -0.0015093021905868041 -0.022464849616818165 0.01255460502172951 0.1618740201471954 -0.060643869883344137 -0.0307997390035268 0.13832742983486199 -0.069194437437180623 0.075542942806040098 -0.0027812436482901708 0.012552829792065776 0.10880021617028704 -0.031344716112771308 0.26582405142876459 0.019827764530721131 -0.056892370692845355 -0.0065997752374804698 -0.040033367724184976 0.058257258777685117 -0.01406613784372584
leaf_weight=1943.4462969303131 288.19578404352069 407.74457410071045 12071.903030432761 271.03182448446751 65.881580874323845 40936.157405216247 174.30204782634974 5.701311618089675 765.5626162737608 28.635842010378838 1088.5281298160553 485.41733056306839 701.12723088264465 38.590994283556938 20.285636760294437 329.65444241836667 31.104375194758177 19.935648780316114 81.108667101711035 11277.490047615021 124.87049423344433 75.880224801599979 401.20880493149161 3.4502165410667684 27.479953214526176 16.225293830037117 558.34529624134302 61.637487232685089 19.925420597195625 85.452700931578875
leaf_count=9504 6688 13651 152416 1980 330 459943 1518 66 6094 242 6380 6820 8624 220 154 6116 154 110 440 230472 1518 814 5896 66 374 154 8426 528 506 1980
internal_value=-0.000559159 3.26784e-05 0.000150154 -0.000219122 0.000995476 0.000689812 0.00513483 0.0301009 0.00368012 0.102323 0.00720071 -0.00385072 -0.00302315 0.121559 -0.00331885 -0.00282341 0.0513017 0.068486 0.0469868 -0.00349748 -0.00287202 0.0489326 -0.00376251 -0.0241032 0.0472683 0.0170849 -0.0139781 -0.00922409 -0.0189186 -0.000390869
internal_weight=72406.3 59620.2 59212.5 55128.5 41311.7 41207.2 4084.04 224.864 3859.17 34.3372 3031.97 13816.8 12773 104.473 12786 12392.5 152.434 132.149 101.044 12240 11879.4 200.751 11678.7 360.585 30.9302 190.527 1043.76 827.2 393.574 105.378
internal_count=932184 676896 663245 638759 462473 461923 24486 1980 22506 308 15884 176286 161040 550 255288 246114 858 704 550 245256 238700 2332 236368 6556 440 1672 15246 6622 9174 2486
is_linear=0
shrinkage=0.05


Tree=122
num_leaves=31
num_cat=0
split_feature=3 52 1 21 38 51 44 1 49 25 32 3 30 48 3 3 3 1 3 50 1 1 3 1 17 1 3 1 51 3
split_gain=44.8443 44.8364 39.2948 38.9828 84.6016 59.8842 137.837 99.5617 45.9636 34.3468 32.9336 32.4123 29.2631 32.4942 41.9716 60.646 53.1994 32.7399 44.2029 28.546 31.2132 155.216 154.301 82.3821 78.0699 67.7707 58.954 28.3799 26.1717 33.6332
threshold=0.013050000183284284 357.50000000000006 1.0000000180025095e-35 13.84500026702881 0.42830602824687963 0.8571428954601289 1.5000000000000002 0.37475000321865087 0.025593177415430549 19.792158126831058 0.0018586483784019949 0.00530000007711351 1.6812500357627871 56.500000000000007 0.032400000840425498 0.039200000464916236 0.036299999803304679 0.98695001006126415 0.013999999966472389 0.7325379252433778 0.93279999494552623 0.91249999403953563 0.022699999623000625 0.98115000128746044 40.764999389648445 0.98209998011589061 0.015949999913573269 0.90764999389648449 1.0300000309944155 0.030449999496340755
decision_type=2 2 2 10 10 10 2 2 10 8 10 2 8 2 2 2 2 2 2 10 2 2 2 2 10 2 2 2 10 2
left_child=1 2 -1 5 9 7 -7 -4 -6 -5 -3 -12 13 28 17 16 -16 -15 -19 20 21 26 -23 24 -22 -25 -14 -21 -2 -30
right_child=12 10 3 4 8 6 -8 -9 -10 -11 11 -13 19 14 15 -17 -18 18 -20 27 23 22 -24 25 -26 -27 -28 -29 29 -31
leaf_value=0.063944389994518555 -0.018452478813683268 -0.01959421729945536 -0.0019720589915495786 0.016294483080571597 -0.025208734869138896 -0.0037628331354389063 0.018614781849990568 0.0029038723927907618 0.0030619528816768988 0.048378322350625003 0.2307356500350505 -0.051623588350037802 -0.019598445632553044 -0.017051115973930647 0.066670799973945011 -0.036131198871450318 0.2637090864434849 0.11842565064721114 0.0081377220299052259 -0.012620116933497098 -0.02553800726843064 0.074886583622667258 -0.0055508212664963329 0.064923200825491717 0.018588745144368757 -0.0025870804698375702 0.00034198409921615551 0.021351273355234762 -0.0047856003167011411 0.067281279729358642
leaf_weight=23.982372879981995 869.145353121683 349.00346618331969 19924.504343491048 258.55789597518742 147.97786905616522 17160.168095463887 716.88839632086456 22061.418970363215 5061.107292605564 123.14663492515683 2.595665179193019 1.6704243775457142 471.26696273684502 125.52733523119241 12.405099613592034 9.5539371902123076 4.7325659710913888 10.920120363123713 54.068849433213472 85.07785673905164 780.62061819434166 131.37308674305677 109.15875864960253 38.055102786049247 115.00176455825567 1606.0253510596231 1736.4174809465185 221.63653177395463 120.24392963573337 18.708545513451099
leaf_count=110 26451 13508 226569 1695 1134 220939 4709 294439 31488 380 27 60 8951 5569 288 351 140 599 2922 732 20633 1802 1424 734 428 35530 26817 1739 1777 239
internal_value=-0.00053317 -0.000141421 -4.55744e-05 -6.90204e-05 0.00392382 -0.000441924 -0.00286547 0.000589989 0.00225885 0.0266455 -0.0179064 0.120175 -0.00448861 -0.0114517 0.00608966 0.06481 0.121083 -0.00213715 0.0266694 -0.00287718 -0.00378758 0.000240946 0.0383823 -0.00767098 -0.0198719 -0.00102444 -0.00391463 0.0119281 -0.0152313 0.00491748
internal_weight=72351 65831 65477.8 65453.8 5590.79 59863 17877.1 41985.9 5209.09 381.705 353.27 4.26609 6519.94 1225.31 217.208 26.6916 17.1377 190.516 64.989 5294.63 4987.92 2448.22 240.532 2539.7 895.622 1644.08 2207.68 306.714 1008.1 138.952
internal_count=932184 795058 781463 781353 34697 746656 225648 521008 32622 2075 13595 87 137126 38336 9869 779 428 9090 3521 98790 96319 38994 3226 57325 21061 36264 35768 2471 28467 2016
is_linear=0
shrinkage=0.05


Tree=123
num_leaves=31
num_cat=0
split_feature=51 21 51 3 34 21 28 1 1 1 38 38 1 1 27 5 1 18 33 30 33 31 46 33 3 1 1 39 29 1
split_gain=44.9745 114.819 65.4468 116.762 88.7966 76.6561 111.29 96.7998 516.608 364.953 83.0182 66.7001 63.1101 84.4319 59.7937 58.6389 78.899 54.3581 47.3174 41.8426 41.0874 68.5716 46.025 40.1125 36.0162 94.6954 35.33 34.5989 34.3618 34.1061
threshold=0.0957143008708954 0.70499998331069957 0.68428573012352001 0.0023999999975785617 1.0980111956596377 1.0000000180025095e-35 6.8250000476837167 0.37475000321865087 0.42020000517368322 0.37379999458789831 1.2094933390617373 0.49993927776813513 0.764499992132187 0.75290000438690197 2.090821504592896 11.500000000000002 0.94729998707771312 0.15333333611488345 1.3504166603088381 3.9424999952316289 6.4229166507720956 1.1190417408943178 6.5000000000000009 6.5943889617919931 1.0000000180025095e-35 0.94149997830390941 0.60590001940727245 1.680396616458893 12.84500026702881 0.99950000643730175
decision_type=8 10 8 2 10 8 8 2 2 2 10 8 2 2 10 2 2 8 10 10 10 8 2 10 2 2 2 10 10 2
left_child=1 14 3 23 15 20 10 9 -9 -8 11 -7 13 -6 -1 16 -5 27 -12 -14 21 -4 -23 24 25 -2 -26 28 -16 -17
right_child=2 -3 5 4 12 6 7 8 -10 -11 18 -13 19 -15 17 29 -18 -19 -20 -21 -22 22 -24 -25 26 -27 -28 -29 -30 -31
leaf_value=-0.005079590376505628 0.077820366553516152 -0.028510488867606661 -0.0081517946836418484 0.057118139624770609 0.021941591067612162 0.0064033399991965528 -0.0011675608121855389 0.049313845736674647 0.0014874523106320754 -0.054005788952438696 -0.013710598922585563 -0.0071546042768112746 0.011412071958676493 0.1170081246467766 0.062965044928454936 -0.0095736325985518993 -0.0014668205051857387 -0.0016239698246955617 0.0050785696163116578 -0.0023045361593273736 -0.00099980489274646071 0.0086802739160558497 0.035261847716655428 -0.0018194271638396976 -0.010390321465651803 -0.065248472812387034 0.018771186759864791 -0.0099280687267668671 0.021327505481302609 0.0032390167524088756
leaf_weight=4555.7505166968331 63.080116540193558 465.05449166335166 203.06320260465145 86.355955865234137 186.79347784072161 978.85896827001125 19791.839004442096 580.95801673829556 20092.974001345225 332.28512502089143 380.65976753551513 12382.903138505295 1265.6205845233053 26.693192806094885 59.5004011541605 2321.375784679316 171.80713399965316 574.85372689459473 2798.2639205725864 991.59810276143253 463.22710409574211 266.39552877563983 418.93264051713049 294.31100948527455 112.33382597565651 14.162628471851347 1377.4799310602248 71.041855130344629 296.30480606853962 669.09558233991265
leaf_count=114733 328 9941 2663 1230 1798 4455 226958 2763 193811 4950 5546 192519 18164 197 356 47974 4237 2820 38431 15885 2462 2965 2971 2195 942 82 12749 460 1124 16475
internal_value=-0.00050787 -0.00464478 -0.00013192 0.00424008 0.000700035 -0.000696628 -0.000974064 0.000428528 0.00283142 -0.00204001 -0.00443359 -0.00616137 0.00784393 0.0338282 -0.00264767 -0.00473316 0.0181299 0.00841273 0.00282866 0.00538635 0.0110728 0.0173678 0.0249293 0.0151174 0.0182984 0.0515884 0.0165724 0.0219296 0.0282904 -0.0067069
internal_weight=72293.6 6022.51 66271.1 7580.71 5719.34 58690.4 57338.7 40798.1 20673.9 20124.1 16540.7 13361.8 2470.71 213.487 5557.45 3248.63 258.163 1001.7 3178.92 2257.22 1351.62 888.391 685.328 1861.37 1567.06 77.2427 1489.81 426.847 355.805 2990.47
internal_count=932184 129434 802750 122256 105960 680494 669433 428482 196574 231908 240951 196974 36044 1995 119493 69916 5467 4760 43977 34049 11061 8599 5936 16296 14101 410 13691 1940 1480 64449
is_linear=0
shrinkage=0.05


Tree=124
num_leaves=31
num_cat=0
split_feature=39 40 2 2 2 3 2 3 3 6 56 3 3 3 3 1 1 33 1 2 6 51 55 39 39 55 42 3 19 3
split_gain=44.4581 41.3303 40.8909 119.856 169.634 252.322 173.736 92.0727 166.003 39.3824 36.1892 31.3302 92.7632 75.1562 55.4982 51.5325 30.0864 28.8118 27.0436 26.9911 24.9733 32.3696 26.4109 21.1912 21.1383 20.0154 19.9469 16.5338 16.4822 10.8763
threshold=2.2597209215164189 1.9628570079803469 0.7519499957561494 0.73934999108314525 0.73160001635551464 1.0000000180025095e-35 0.72679999470710765 1.0000000180025095e-35 0.0014500000397674742 6.5000000000000009 60.500000000000007 0.0043500000610947618 0.0092000002041459101 1.0000000180025095e-35 0.0072500000242143878 0.23935000598430636 0.51790001988410961 6.3673889636993417 0.23935000598430636 0.74609997868537914 8.5000000000000018 1.6285715699195864 10.54472589492798 0.091724798083305373 1.0913506746292116 25.97100925445557 1.3854778409004214 0.0033999999286606912 2.8788094520568852 0.017900000326335434
decision_type=10 10 2 2 2 2 2 2 2 2 2 2 2 2 2 2 2 8 2 2 2 10 2 8 10 2 10 2 10 2
left_child=1 2 3 4 6 -6 -1 19 -9 10 16 13 14 15 -13 -4 27 24 -15 -5 22 -22 -19 -18 28 -2 -26 -3 -11 -14
right_child=25 9 11 7 5 -7 -8 8 -10 17 -12 12 29 18 -16 -17 23 20 -20 -21 21 -23 -24 -25 26 -27 -28 -29 -30 -31
leaf_value=-0.00066219968099958228 -0.011089116235648486 0.035681861566936174 0.011013098565164419 -0.05643797654663666 0.073974600809219221 -0.016845936848681003 -0.042907480519591867 0.17039986905664617 -0.010941367762147809 0.047521239810693935 0.045202160552157533 0.055487430820134714 -0.00023403443683381534 -0.011338964363433303 0.19074773212685495 0.069183013932586301 -0.14085179782371468 -0.0093957674948734905 -0.058441428002374979 -0.026833137162093342 -0.023526802936730332 0.0062148603817519313 0.013576091057991733 0.0079006872482113317 0.049065687819019196 -0.06362941132414672 0.014189617971666575 0.12459266029725846 -0.0045596544426657606 -0.054227506734819499
leaf_weight=64806.418108751066 764.22593484912068 16.471251688897613 670.54791894555092 157.75035831332207 182.89605951309204 131.43463469296694 244.29063601791859 13.847187221050261 142.41683374345303 16.863671738654375 69.581313595175743 48.170038625597954 21.031769245862961 180.57335256040096 9.0006783157587034 40.365579038858414 2.3974749073386183 1058.5537754260004 36.659838408231735 150.3862544298172 100.20525169558823 1051.1803810140118 141.89299010019749 1774.2981740012765 58.794189905747771 18.56709698587656 135.44489714689553 7.6607101559638968 153.19769578613341 16.759034007787704
leaf_count=864257 11849 70 3936 946 1056 1250 1980 64 1582 144 171 396 462 1429 154 240 13 10176 308 902 1167 7286 293 17347 755 128 1620 47 1826 330
internal_value=-0.000484307 -0.00035445 -0.000669456 -0.000823618 -0.000643787 0.0359988 -0.000820847 -0.026135 0.00512801 0.00423703 0.00982026 0.00924968 0.036604 0.00645098 0.0767822 0.014316 0.00845316 0.000392249 -0.0192879 -0.0419893 -0.00163453 0.00362644 -0.00668049 0.00769996 0.0134766 -0.0123353 0.0247462 0.0639067 0.000604805 -0.0241784
internal_weight=72221.9 71439.1 66852.5 65829.4 65365 314.331 65050.7 464.401 156.264 4586.54 1870.41 1023.11 94.9615 928.147 57.1707 710.913 1800.83 2716.13 217.233 308.137 2351.83 1151.39 1200.45 1776.7 364.3 782.793 194.239 24.132 170.061 37.7908
internal_count=932184 920207 879292 872037 868543 2306 866237 3494 1646 40915 17648 7255 1342 5913 550 4176 17477 23267 1737 1848 18922 8453 10469 17360 4345 11977 2375 117 1970 792
is_linear=0
shrinkage=0.05


Tree=125
num_leaves=31
num_cat=0
split_feature=3 1 2 2 1 3 2 1 1 2 2 1 2 1 1 1 1 1 2 3 28 1 28 39 34 3 1 1 1 1
split_gain=43.1196 99.2091 209.472 256.65 182.667 177.074 176.342 166.406 153.536 122.52 1244.79 568.121 103.299 68.6827 349.968 133.83 65.1425 174.384 247.868 152.705 73.6329 59.8994 58.4705 53.382 52.1393 51.3759 50.5656 534.595 219.193 249.792
threshold=0.0014500000397674742 0.69680002331733715 0.45209999382495886 0.52369999885559093 0.77709999680519115 1.0000000180025095e-35 0.2384000048041344 0.73840001225471508 0.48499999940395361 0.64750000834465038 0.67939999699592601 0.35349999368190771 0.46179999411106115 0.55560001730918895 0.56915000081062328 0.57009997963905346 0.99564999341964733 0.92020002007484447 0.080750003457069411 1.0000000180025095e-35 4.1749999523162851 0.74899998307228099 6.6949999332427987 0.2465714439749718 5.3111467361450204 1.0000000180025095e-35 0.764499992132187 0.75290000438690197 0.72580000758171093 0.57690000534057628
decision_type=2 2 2 2 2 2 2 2 2 2 2 2 2 2 2 2 2 2 2 2 10 2 10 8 10 2 2 2 2 2
left_child=1 2 13 5 6 12 -3 25 -7 11 -11 -5 -4 -1 -15 -16 17 18 -6 -19 24 -9 26 -24 -18 -8 27 28 29 -2
right_child=22 4 3 9 16 8 7 21 -10 10 -12 -13 -14 14 15 -17 20 19 -20 -21 -22 -23 23 -25 -26 -27 -28 -29 -30 -31
leaf_value=-0.043107576985484827 -0.0039282334160127318 0.072367088088340081 -0.014090663857021872 -0.052827519570606107 -0.049872884290208995 0.099888286419459668 0.0063074744244898456 -0.038803050971625841 -0.010568954168813816 0.13274557684861582 -0.00047209542419225658 0.0068974367015373758 0.057375212155511772 0.095978383219389368 -0.05094692747688815 -0.011590847609976609 0.00023646076744870682 -0.044561901874686866 0.004225477126702697 0.023913854905143528 -0.012724051408062684 0.011113055641359684 -0.084973458952940992 0.0024476832899736588 0.024528872386017916 0.054372311015932262 -0.0035341772193704362 0.054341298800965977 -0.024240826446838604 0.013637857815419721
leaf_weight=209.4467446655035 8193.6756559759378 183.45103758573532 57.692342713475227 590.94547606259584 233.13877113908529 35.128011435270309 76.076092574745417 126.66551115363836 301.30446967482567 177.64477017521858 13593.881931617856 1220.5770971998572 409.22537864744663 70.959505200386047 252.66972421482205 1488.7263015583158 1383.6979092136025 85.994251042604446 2306.2909796573222 1529.9546384494752 1071.9180246852338 114.36570807546377 17.496889108791947 8838.1016924446449 262.8420076481998 206.52083217352629 25032.810255202465 442.48636091686785 983.22810122556984 2687.639872122556
leaf_count=1738 99544 748 286 7568 1848 132 374 616 1584 1386 147598 8008 1694 572 3432 14784 20411 484 15444 7238 12245 506 105 83512 1510 836 453403 3970 12609 27999
internal_value=-0.000461158 0.0011681 -0.000814366 0.00105914 0.00598197 0.0286187 0.0301814 0.0154018 0.000964246 -0.000361635 0.00124634 -0.0125857 0.0485449 -0.0159988 -0.012866 -0.0173013 0.00349269 0.00742963 -0.00074116 0.0202699 -0.00252523 -0.0151186 -0.00137776 0.00227496 0.00411433 0.0414331 -0.00224405 0.000380108 -0.00163237 0.000410518
internal_weight=72184.6 25989.1 18408.2 16386.4 7580.92 803.35 707.079 523.628 336.432 15583 13771.5 1811.52 466.918 2021.8 1812.36 1741.4 6873.84 4155.38 2539.43 1615.95 2718.46 241.031 46195.4 8855.6 1646.54 282.597 37339.8 12307 11864.5 10881.3
internal_count=932184 251042 188782 168256 62260 3696 3080 2332 1716 164560 148984 15576 1980 20526 18788 18216 59180 25014 17292 7722 34166 1122 681142 83617 21921 1210 597525 144122 140152 127543
is_linear=0
shrinkage=0.05


Tree=126
num_leaves=31
num_cat=0
split_feature=39 56 11 56 1 48 28 49 27 5 34 1 12 59 1 9 28 56 1 0 56 2 2 1 1 1 1 6 53 1
split_gain=40.3917 39.5462 43.2357 41.3566 37.7906 35.3753 39.1339 144.133 142.713 34.1876 56.2295 27.4272 33.0122 27.0777 22.7593 24.483 49.1571 21.1533 19.6322 19.0176 17.6874 17.5604 16.7858 16.2919 16.1511 29.5777 15.861 9.86125 9.86727 9.2367
threshold=2.2597209215164189 60.500000000000007 -0.25000000000000006 44.500000000000007 0.95115000009536754 421.50000000000006 0.074999999254941954 0.02989703789353371 1.1352780461311343 29.500000000000004 32.790147781372077 0.57690000534057628 0.25000000000000011 inf 0.85444998741149913 -0.87837970256805409 2.8349999189376835 56.500000000000007 0.74899998307228099 13.135000228881838 14.500000000000002 0.56044998764991771 0.40185000002384191 0.54884999990463268 0.84769999980926525 0.84190002083778392 0.95115000009536754 2.5000000000000004 24.859662055969242 0.53630000352859508
decision_type=10 2 2 2 2 2 8 8 10 2 10 2 2 8 2 2 10 2 2 10 2 2 2 2 2 2 2 2 10 2
left_child=1 3 14 5 13 6 8 -8 -1 11 17 12 -5 18 21 16 -16 -11 -4 -15 27 23 -13 -3 25 -7 -17 -2 29 -29
right_child=20 2 4 9 -6 24 7 -9 -10 10 -12 22 -14 19 15 26 -18 -19 -20 -21 -22 -23 -24 -25 -26 -27 -28 28 -30 -31
leaf_value=-0.0033741605042226053 -0.023887892047154441 -0.047266830610817448 0.0014692891204905569 0.039249931776497465 -0.00071815726061399705 0.00295279696119056 -0.021223753927997427 -0.00033415397798667565 0.010779053624145008 -0.02331647514549022 -0.10136033173242837 -0.0018750366205049361 -0.046524655305139252 0.098917525177516938 0.0091018570135713989 0.021569991775218473 0.11290004353158961 0.010273578515671587 0.038529876740634988 0.037321187621844033 -0.054391615750585535 0.061053559815291869 0.1142216030778922 -0.0075704848009760769 -0.024250887415492146 0.20885987069997194 -0.011654633694362232 0.039549481442699909 -0.024161726606819502 -0.006534061082865382
leaf_weight=3782.3320336993784 115.6020871726796 30.180288529023528 51.58655527420342 13.485341791063545 97.16607482265681 19.580369990319017 837.04568370338529 61139.47645037435 3366.3564501246437 275.58926636166871 21.325434576719999 791.4504307275638 66.704170363023877 25.805053563788533 35.768090629950166 62.36329236254096 16.74689183011651 56.474931310862303 116.28573353029788 24.360618123784661 23.625814005732536 8.2596108168363553 3.1257466413080683 180.02025372907519 206.2211990384385 1.9145985599607218 84.719836588017642 11.095809709280728 82.339555672369897 542.45179282035679
leaf_count=92294 1747 232 427 97 1574 539 14824 754945 23723 4115 130 11037 794 192 490 668 100 783 948 52 172 21 26 1761 9172 60 1203 51 1269 8738
internal_value=-0.000441496 -0.000318107 0.0112337 -0.000438118 0.0252161 -0.000277056 -0.000212243 -0.000616286 0.00329067 -0.00953315 -0.0226581 -0.00423092 -0.0321001 0.0367735 0.000691266 0.0128963 0.0422028 -0.0176037 0.0271413 0.0690061 -0.0117938 -0.01046 -0.00141833 -0.01327 -0.0199518 0.0212933 0.00243262 -0.0104546 -0.0080125 -0.00561032
internal_weight=72089.5 71314.3 733.262 70581.1 315.204 69352.9 69125.2 61976.5 7148.69 1228.16 353.39 874.766 80.1895 218.038 418.058 199.598 52.515 332.064 167.872 50.1657 775.115 218.46 794.576 210.201 227.716 21.495 147.083 751.489 635.887 553.548
internal_count=932184 920207 7668 912539 3193 895557 885786 769769 116017 16982 5028 11954 891 1619 4475 2461 590 4898 1375 244 11977 2014 11063 1993 9771 599 1871 11805 10058 8789
is_linear=0
shrinkage=0.05


Tree=127
num_leaves=31
num_cat=0
split_feature=3 1 1 1 1 2 2 3 14 2 2 1 3 3 1 2 3 50 1 1 1 1 1 3 22 1 3 3 1 33
split_gain=40.3185 38.9606 68.0953 540.588 344.964 611.302 157.362 128.565 54.9222 50.7312 210.74 182.939 43.6746 66.2815 76.2114 61.2159 29.1766 28.0885 29.7526 48.4334 27.5813 90.9857 134.983 119.952 92.5789 83.8855 58.6256 114.606 81.465 66.5332
threshold=0.013050000183284284 0.28869999945163732 0.29449999332427984 0.33124999701976782 0.33220000565052038 0.64750000834465038 0.68909999728202831 0.0023999999975785617 inf 0.72679999470710765 0.73160001635551464 0.26449999213218695 0.0033999999286606912 0.0023999999975785617 0.29350000619888311 0.70745000243186962 1.0000000180025095e-35 2.0656471252441411 0.83994999527931224 0.83704999089241039 0.98115000128746044 0.93759998679161083 0.91249999403953563 0.027550000697374347 20.054999351501468 0.94729998707771312 0.025600000284612182 0.022699999623000625 0.99469998478889476 48.430221557617195
decision_type=2 2 2 2 2 2 2 2 8 2 2 2 2 2 2 2 2 10 2 2 2 2 2 2 10 2 2 2 2 10
left_child=1 8 12 6 -5 -6 7 -4 -1 -10 -11 -12 13 15 -15 -3 -8 20 19 -19 21 22 -2 -24 -23 -26 27 28 -22 -28
right_child=17 2 3 4 5 -7 16 -9 9 10 11 -13 -14 14 -16 -17 -18 18 -20 -21 26 24 23 -25 25 -27 29 -29 -30 -31
leaf_value=0.06810313285332964 -0.0056346359437461045 -0.004524316613916086 0.057497096569761499 -0.054558907194099462 -3.1688174243152742e-05 0.07976060487164123 0.089515470754006982 -0.022643587936637181 0.0093861613555760483 -0.04694893402889036 -0.0011354747201488267 0.053588256285109652 -0.012994034391616708 -0.025575609362554281 0.019435570747210092 0.0090238720078376824 0.14257219475557226 0.0064438808005096611 -0.029106753712400991 0.24360148544751323 0.012443115052790507 -0.027831088787144138 0.043077122195115156 -0.019902175740974554 -0.068804292081393589 0.01516725704941695 0.024181570125602812 -0.047041238116643534 -0.0094852051469995168 -0.089868347832729956
leaf_weight=33.813372872769833 2648.7026496808976 11080.644776389003 218.75269843637943 287.49536665529013 46714.349309607409 241.27419523522258 68.578892096877098 64.889469936490059 2166.0110811032355 227.59806374460459 1554.1425968855619 169.36223623156548 1104.830794531852 111.8047379553318 591.91163757443428 901.60291633009911 41.647459790110588 20.597752921283249 182.78097813017666 2.4041076861321917 804.90410422347486 761.9610142884776 280.32632279582322 103.52729444764555 33.658470710739493 255.56758432649076 333.40461631026119 134.50671747233719 893.94669223949313 13.297616954892872
leaf_count=84 46354 142384 1364 3872 582208 2222 330 704 12324 1756 10630 1122 17182 1342 7282 10032 220 542 4791 24 18709 25984 4313 1430 320 2001 5989 4124 22459 86
internal_value=-0.000420083 -4.85761e-05 -0.000365381 0.000530332 4.39948e-05 0.000378312 0.0588647 0.0391631 0.00463968 0.00411846 -0.00172946 0.00424202 -0.0034594 -0.00262903 0.0122843 -0.00350488 0.109562 -0.00418585 -0.0223623 0.0312311 -0.0035887 -0.00601287 -0.00161885 0.0260913 -0.0186891 0.00539513 0.000952312 -0.0026133 0.000904286 0.0198072
internal_weight=72048.3 65578.7 61427.8 47637 47243.1 46955.6 393.869 283.642 4150.93 4117.11 1951.1 1723.5 13790.8 12686 703.716 11982.2 110.226 6469.59 205.783 23.0019 6263.8 4083.74 3032.56 383.854 1051.19 289.226 2180.06 1833.36 1698.85 346.702
internal_count=932184 795058 769142 590920 588302 584430 2618 2068 25916 25832 13508 11752 178222 161040 8624 152416 550 137126 5357 566 131769 80402 52097 5743 28305 2321 51367 45292 41168 6075
is_linear=0
shrinkage=0.05


Tree=128
num_leaves=31
num_cat=0
split_feature=3 1 2 1 3 1 1 1 2 1 1 1 1 1 1 1 1 28 1 2 1 28 30 1 2 2 3 1 1 34
split_gain=37.3284 90.5557 191.052 208.652 266.802 234.372 376.907 163.969 155.802 149.197 109.39 301.594 129.473 90.1401 58.641 156.739 91.9068 66.9522 60.2893 56.816 54.9609 52.557 52.3321 52.7928 893.14 657.446 310.698 137.641 90.8549 45.9924
threshold=0.0014500000397674742 0.69680002331733715 0.44535000622272497 0.45404998958110815 1.0000000180025095e-35 0.45020000636577612 0.42309999465942388 0.77709999680519115 0.2384000048041344 0.73840001225471508 0.55560001730918895 0.56915000081062328 0.57009997963905346 0.51884999871253978 0.99564999341964733 0.98405000567436229 0.97339999675750744 4.1749999523162851 0.99469998478889476 0.46179999411106115 0.74899998307228099 6.6949999332427987 54.574998855590827 0.51790001988410961 0.54304999113082897 0.48019999265670782 0.011099999770522119 0.72194999456405651 0.42309999465942388 5.706895351409913
decision_type=2 2 2 2 2 2 2 2 2 2 2 2 2 2 2 2 2 10 2 2 2 10 10 2 2 2 2 2 2 10
left_child=1 2 10 5 19 6 -4 8 -3 -10 -1 -12 -13 -6 15 16 -9 29 -17 -5 -11 22 23 24 26 27 -2 -25 -26 -16
right_child=21 7 3 4 13 -7 -8 14 9 20 11 12 -14 -15 17 18 -18 -19 -20 -21 -22 -23 -24 25 28 -27 -28 -29 -30 -31
leaf_value=-0.058349436987894576 0.11012090060627427 0.067980763171414479 -0.00064300387588905514 0.009132424544270188 0.024253060463900231 -0.057291529399678132 0.071634273883356511 0.0047917550402783006 0.039151397006646736 -0.037378489220781345 0.085301573424618721 -0.050531159002393702 -0.011082866674505693 -0.023896046922320391 0.00043745539132730856 0.022304978733231555 -0.027473705418510241 -0.012154451190084523 0.064226219207039956 0.053257180515062091 0.010573788945750553 0.002205738184582009 0.022915630885480875 0.0073000713298974444 -0.0037080567917650784 -0.055997309651140595 0.0068004491649991854 -0.003314561052283024 0.027069745615133957 0.023864877199208781
leaf_weight=139.19895292818546 246.33568498119712 185.50284452736378 15089.156823642552 86.541611455380917 152.09617285430431 179.22082635760307 182.55504044890404 3176.0423324424773 284.24024964123964 124.81001774221659 75.748895637691021 242.12570927292109 1475.7941627837718 269.32986937463284 1399.8309933319688 644.7845559976995 237.18716338183731 1062.9397754985839 98.9236830919981 464.63538780063391 114.64215586334467 8858.300320295617 208.2371243480593 3455.4007732756436 6077.6800314150751 576.37358823046088 103.26416314020753 26294.123442654498 249.62853323295712 246.36782192066312
leaf_count=1232 1666 748 162118 506 616 1100 902 20240 1210 616 572 3432 14784 1606 20608 3058 1254 12245 462 1914 506 83617 876 38369 76311 6785 1022 470675 1821 1313
internal_value=-0.000401428 0.00111601 -0.000782084 0.00096784 0.0234303 -0.000446123 0.000220984 0.00571548 0.0286043 0.0146563 -0.0156512 -0.0123375 -0.0166428 -0.00651863 0.0033513 0.00708161 0.00254961 -0.00237254 0.0278811 0.046329 -0.0144204 -0.00125557 -0.00207955 -0.00222022 0.00180472 -0.00310639 0.0796023 -0.00208167 -0.00249379 0.00394357
internal_weight=72001 25931.7 18356.4 16423.5 972.603 15450.9 15271.7 7575.27 709.195 523.692 1932.87 1793.67 1717.92 421.426 6866.08 4156.94 3413.23 2709.14 743.708 551.177 239.452 46069.3 37211 37002.8 6676.91 30325.9 349.6 29749.5 6327.31 1646.2
internal_count=932184 251042 188782 168762 4642 164120 163020 62260 3080 2332 20020 18788 18216 2222 59180 25014 21494 34166 3520 2420 1122 681142 597525 596649 80820 515829 2688 509044 78132 21921
is_linear=0
shrinkage=0.05


Tree=129
num_leaves=31
num_cat=0
split_feature=39 55 1 29 0 6 53 33 33 5 53 1 50 1 1 1 12 25 6 55 30 6 39 39 39 29 40 29 25 56
split_gain=36.7495 40.4089 40.5281 61.0285 47.617 43.3622 39.2934 51.4956 55.4411 49.4804 44.1057 81.7009 67.1268 53.2744 879.204 290.663 39.43 37.7227 30.0519 21.8484 17.2008 26.5591 17.5713 16.5038 16.299 12.7733 12.2947 11.3799 17.9453 49.9652
threshold=1.9773815870285036 48.773323059082038 0.9695500135421754 51.104999542236335 1.4116666316986086 7.5000000000000009 1.4784452319145205 9.6232223510742205 1.3504166603088381 25.500000000000004 0.85220530629158031 0.3960499912500382 0.77197471261024486 0.35349999368190771 0.37379999458789831 0.34669999778270727 -0.68301269412040699 10.873541831970217 5.5000000000000009 25.97100925445557 7.2112498283386239 9.5000000000000018 2.9999998807907109 2.4415745735168461 1.1679146289825442 19.795000076293949 -3.3914282321929927 265.90000915527349 0.7864704728126527 13.500000000000002
decision_type=10 2 2 10 10 2 10 8 10 2 10 2 10 2 2 2 2 10 2 2 10 2 10 10 8 8 10 10 10 2
left_child=1 6 27 4 -4 -5 10 8 26 -10 13 -12 -13 15 -15 -1 18 -7 -9 20 -2 22 23 -22 -18 -6 -8 28 -3 -30
right_child=19 2 3 5 25 17 7 16 9 -11 11 12 -14 14 -16 -17 24 -19 -20 -21 21 -23 -24 -25 -26 -27 -28 -29 29 -31
leaf_value=-0.00065851375791415321 -0.012151772430788889 0.040178966330814789 0.023280931522936775 0.032686063666292869 -0.077354220704758905 0.018589058126906435 0.074021146631086748 0.021995282271355797 0.0047621602438444625 0.021795432975868834 0.08902159343550578 -0.0032412456537054693 0.01230444900880882 0.13166924715893871 0.0010360852392149161 -0.035398448781373396 0.030503818017470982 -0.037735158369877869 -0.015243163000015228 -0.061269482424123362 0.0031857593058038907 0.039959348563919916 0.066410608808461766 -0.026037848840663097 0.0035835939466638631 -0.15936389132958295 -0.0059592020012615215 0.038502159188433138 0.021321843019207219 -0.090336310913494519
leaf_weight=18941.14360957779 805.83050315640867 47.006608426570892 11.9318470954895 109.57573275454342 18.955726116895679 56.795477651059628 4.8515005782246581 59.700117101892829 816.92991457041353 891.79103409778327 24.317627089098096 19303.974651226774 720.32161060161889 129.41296404600143 27287.534523390234 621.87188445404172 66.584068093448877 62.374174293130636 585.81324545107782 20.010333273559809 138.55497978441417 40.2623669821769 8.475084010511635 74.176437674090266 361.47289712447673 6.3347837440669528 501.02562317159027 131.9073758656159 51.113195158541203 12.461784195154904
leaf_count=217435 13564 36 23 129 127 75 45 528 11650 11631 114 325720 9505 1516 309651 8091 540 164 5985 138 1243 357 61 667 3188 35 9692 139 85 50
internal_value=-0.000384136 -0.000244089 0.0138008 0.00032191 -0.0590521 0.00998348 -0.000345646 0.00499081 0.0093474 0.0136519 -0.000607433 -0.0025708 -0.00268203 0.00023043 0.0016527 -0.00176283 -0.00399609 -0.0108914 -0.0117992 -0.00950657 -0.00853609 0.0026072 -0.00419136 -0.0070041 0.00777102 -0.0978961 -0.00519217 0.0285847 0.0167546 -0.000565066
internal_weight=71912.5 70825.2 508.457 265.968 37.2224 228.745 70316.7 3288.17 2214.6 1708.72 67028.6 20048.6 20024.3 46980 27416.9 19563 1073.57 119.17 645.513 1087.31 1067.3 261.469 221.207 212.731 428.057 25.2905 505.877 242.489 110.582 63.575
internal_count=932184 916154 863 553 185 368 915291 43259 33018 23281 872032 335339 335225 536693 311167 225526 10241 239 6513 16030 15892 2328 1971 1910 3728 162 9737 310 171 135
is_linear=0
shrinkage=0.05


Tree=130
num_leaves=31
num_cat=0
split_feature=2 2 2 2 1 1 2 2 17 1 18 2 2 1 1 2 2 2 1 17 1 1 2 12 2 12 12 4 12 9
split_gain=37.0971 110.306 135.324 150.455 78.045 39.4456 37.4339 35.215 27.1489 25.0326 25.0691 16.5718 16.3226 41.9756 13.528 15.0642 21.1445 12.4273 8.57786 7.18789 7.00926 5.8503 1.85906 1.17889 1.0103 0.248285 0.0219538 0.000358443 0.000101974 6.2606e-05
threshold=0.7519499957561494 0.73934999108314525 0.73160001635551464 0.72679999470710765 0.28579999506473547 0.29449999332427984 0.71519997715950023 0.73355001211166393 59.73500061035157 1.0000000180025095e-35 0.47499999403953558 0.72969999909400951 0.77900001406669628 0.21519999951124194 0.25774998962879186 0.74420002102851879 0.74609997868537914 0.764499992132187 0.17940000444650653 inf 0.26449999213218695 0.26935000717639929 0.77129998803138744 1.0000000180025095e-35 0.74130001664161693 1.0000000180025095e-35 -0.68301269412040699 6.5000000000000009 -0.25000000000000006 -0.87837970256805409
decision_type=2 2 2 2 2 2 2 2 8 2 10 2 2 2 2 2 2 2 2 8 2 2 2 2 2 2 2 2 2 2
left_child=1 2 3 4 6 -6 -1 28 -3 -2 12 26 17 18 15 23 -17 25 -14 -9 -21 -13 -19 -10 27 -11 -5 -16 29 -4
right_child=9 8 7 11 5 -7 -8 19 14 10 -12 21 13 -15 24 16 -18 22 -20 20 -22 -23 -24 -25 -26 -27 -28 -29 -30 -31
leaf_value=0.032694129909477836 0.058933693072682425 0.07327843174255079 0.053210419429640547 -0.025618160645524846 -0.0028665147620922683 4.6547635856614717e-05 0.008445453282469784 0.054826060833430147 -0.005678829740983396 0.0060056103925349748 0.1095191557161584 -0.039479545013010785 0.0022776212433134823 -0.060933378476168087 -0.042844640552421251 -0.043127769761570206 -0.016385955146465913 0.023896740810912753 0.014627105885887849 0.010127387122346362 0.030981905458486537 -0.060456933058573206 0.03628578738985596 0.0084716420795948547 -0.058110961989731119 0.010290706249023012 -0.023965398035752452 -0.04250418558882172 0.052959255715137293 0.053034494147154811
leaf_weight=188.4458270445466 24.568279087543488 6.9159378856420508 5.5620393082499495 29.553307522088289 14822.72626323998 53798.278916439041 1024.0739311873913 13.118977196514605 34.38986499980092 81.812016256153584 6.0265028476715079 56.218779571354389 517.04964476823807 24.49715019762516 57.540817301720381 122.39193947613239 186.64123805612326 65.330539382994175 193.13467380404472 130.76699620485306 58.234274685382843 81.30242008715868 56.439325720071793 25.731807354837656 12.856118544936178 57.606774240732193 62.761933740228415 8.931066017597912 61.31101056933403 55.702215559780598
leaf_count=1298 110 25 40 259 186494 723074 6270 9 298 706 24 550 3254 220 494 921 1335 550 1439 1025 396 616 462 216 132 495 555 77 440 400
internal_value=-0.000366145 -0.000502883 -0.000344187 -0.000493433 -0.000360508 -0.000582699 0.0122141 0.0318603 -0.0250315 0.00907108 0.00784836 -0.0408813 0.0072331 0.00341638 -0.0265475 -0.022522 -0.026977 0.0179689 0.00563606 0.0190372 0.016553 -0.0518814 0.029639 0.000377509 -0.0452804 0.00777618 -0.0244945 -0.0427989 0.0530048 0.0530505
internal_weight=71869.9 70843.5 70388.1 70063.4 69833.5 68621 1212.52 324.696 455.399 1026.46 1001.9 229.836 995.87 734.681 448.483 369.155 309.033 261.189 710.184 202.12 189.001 137.521 121.77 60.1217 79.328 139.419 92.3152 66.4719 122.575 61.2643
internal_count=932184 924924 921426 919116 917136 909568 7568 2310 3498 7260 7150 1980 7126 4913 3473 2770 2256 2213 4693 1430 1421 1166 1012 514 703 1201 814 571 880 440
is_linear=0
shrinkage=0.05


Tree=131
num_leaves=31
num_cat=0
split_feature=3 1 1 1 1 1 1 1 1 3 1 3 3 3 18 3 1 3 1 1 1 3 3 3 1 1 1 3 3 1
split_gain=37.6383 38.1787 64.5792 760.2 809.164 523.479 511.46 256.879 900.417 209.059 170.167 166.622 94.7264 84.4705 47.9283 34.2069 50.7727 45.3413 34.3984 33.6027 146.799 104.093 60.537 116.989 59.9443 175.749 186.251 149.361 62.8133 50.8749
threshold=0.008200000040233137 0.28965000808238989 0.42309999465942388 0.51790001988410961 0.52465000748634349 0.42020000517368322 0.3960499912500382 0.45404998958110815 0.45020000636577612 0.0014500000397674742 0.53239998221397411 0.0023999999975785617 0.0033999999286606912 0.0043500000610947618 inf 0.0043500000610947618 0.28675000369548803 0.0014500000397674742 0.27899999916553503 0.37475000321865087 0.48499999940395361 0.0092000002041459101 0.011099999770522119 0.012099999934434892 0.57009997963905346 0.65330001711845409 0.68520000576972973 0.025600000284612182 0.033350000157952316 0.53630000352859508
decision_type=2 2 2 2 2 2 2 2 2 2 2 2 2 2 8 2 2 2 2 2 2 2 2 2 2 2 2 2 2 2
left_child=1 14 5 7 -5 6 12 8 -4 -9 -6 -8 -3 -7 -1 17 -17 -16 -19 -2 21 -21 -23 -24 28 27 -27 -26 -22 -30
right_child=19 2 3 4 10 13 11 9 -10 -11 -12 -13 -14 -15 15 16 -18 18 -20 20 24 22 23 -25 25 26 -28 -29 29 -31
leaf_value=0.062792764895318431 -0.017497758165467444 -0.0012461910683211766 0.076661880803770108 -0.050136223764525679 0.049308096968311572 -0.054850436397858394 0.049083523117737705 0.038045713707590349 -0.046959374153302029 0.095345568192828037 0.0004869620534110955 0.15509425161187052 -0.015346058040204922 0.15617640259557264 0.0057757818069543521 0.031717250202349626 -0.028802180899115012 -0.01724781078939689 0.0022090393882815852 -0.060608971855484021 -0.030014013366983845 0.12006392887627476 -0.068110111462142769 0.068019565381122873 0.052280633420663782 -0.041690280432338925 -0.0022918141729332425 -0.045972319298767307 0.083399151157738549 -0.055698709954257603
leaf_weight=35.097796000540257 378.57998342253268 14070.152597889304 295.57555003091693 799.06308191455901 179.36667840182781 501.90729731693864 236.43280716240406 409.56019873917103 293.62369694188237 260.39283956587315 36284.039446779527 43.956927128136158 1301.3648894913495 4.7873212397098532 3326.8806512281299 213.91265455633402 41.356331557035446 423.02080570906401 490.62510706484318 20.078553337603807 319.94763036444783 33.196184426546097 19.429442539811134 84.085246786475182 239.06065621413291 308.26583290845156 11148.735629144125 46.146513616666198 22.847370460629463 9.2289079278707487
leaf_count=104 9174 176572 1650 8470 968 3542 1012 1672 1980 1562 431486 220 18590 22 18842 1814 484 3748 4158 154 6116 154 110 440 2882 4774 230626 418 286 154
internal_value=-0.000348402 0.000180156 -0.000185317 0.000927569 -0.000363605 -0.00283841 -0.00121918 0.0391377 0.015056 0.0603166 0.000727117 0.0657029 -0.0024399 -0.0528566 0.0045908 0.00413643 0.0219124 0.00306636 -0.00679954 -0.00282643 -0.00237306 0.0456971 0.0613102 0.0424684 -0.00299624 -0.00238675 -0.00335188 0.0363833 -0.0233265 0.0433783
internal_weight=71840.7 59211.1 54680.2 38521.6 37262.5 16158.6 15651.9 1259.15 589.199 669.953 36463.4 280.39 15371.5 506.695 4530.89 4495.8 255.269 4240.53 913.646 12629.6 12251 156.789 136.711 103.515 12094.2 11742.2 11457 285.207 352.024 32.0763
internal_count=932184 676896 647746 447788 440924 199958 196394 6864 3630 3234 432454 1232 195162 3564 29150 29046 2298 26748 7906 255288 246114 858 704 550 245256 238700 235400 3300 6556 440
is_linear=0
shrinkage=0.05


Tree=132
num_leaves=31
num_cat=0
split_feature=51 21 51 5 1 39 28 28 2 2 1 1 1 1 53 5 38 25 51 30 1 38 27 18 1 22 31 1 1 39
split_gain=36.7489 104.696 62.3295 86.0747 68.8773 71.8057 64.815 122.74 71.8092 620.655 682.269 259.837 749.01 89.7678 70.151 64.7492 65.2258 57.4502 54.6945 51.2988 48.7129 48.4777 47.9646 49.7467 45.9049 42.838 33.136 28.9032 57.8504 28.6124
threshold=0.0957143008708954 0.70499998331069957 0.68428573012352001 11.500000000000002 0.94534999132156383 0.94341650605201732 6.8250000476837167 0.095000002533197417 0.61945000290870678 0.57785001397132885 0.42309999465942388 0.37379999458789831 0.35349999368190771 0.37475000321865087 1.3548697829246523 25.500000000000004 1.8162010908126833 2.295585155487061 1.2342858314514162 1.0508332848548891 0.94339999556541454 2.5372824668884282 2.090821504592896 0.15333333611488345 0.3960499912500382 6.2950000762939462 6.5616250038146982 0.87860000133514415 0.94729998707771312 1.680396616458893
decision_type=8 10 8 2 2 8 8 10 2 2 2 2 2 2 10 2 8 10 10 10 2 10 10 8 2 10 10 2 2 10
left_child=1 22 3 4 19 -6 7 21 9 10 -8 12 -10 -13 18 27 20 -16 -9 -2 -17 26 -1 29 -11 -21 -4 -5 -29 -24
right_child=2 -3 6 15 5 -7 8 14 11 24 -12 13 -14 -15 17 16 -18 -19 -20 25 -22 -23 23 -25 -26 -27 -28 28 -30 -31
leaf_value=-0.0044102202950425896 0.002963995720173323 -0.027348257640646308 0.014373588670766047 -0.013773005644012015 0.030073475794366145 -0.0095514231623881132 -0.06030717089196648 -0.0021253223702219137 -0.0015711054247407302 0.037218466133448744 0.002635586553561354 -0.053778294104918391 0.11340850430223354 -0.0019735959508089193 0.01268881708070535 0.014891437815413987 -0.010858342608311068 -0.0033381026441172395 -0.0088717256671297078 0.063640510691959584 0.003592874611432954 -0.01119268762618081 0.026437770023788665 -0.0019021496415817013 0.068775721859584318 -0.00017445830554922118 0.0023080702152323595 0.019417775049613797 -0.0048889309501629783 -0.0086028219103366551
leaf_weight=4485.2881326982751 66.666341375559568 447.85203988850117 1362.4214517949149 582.68402901105583 214.37173177395016 244.99207878950983 440.19287383556366 4870.7547141443938 19469.080526206642 179.09190620481968 19614.618979635648 315.62752540409565 142.67795507609844 113.76251582801342 941.56523743458092 1632.4119784068316 501.59808012004942 1376.7382586086169 7839.9219655478373 167.82586317136884 2295.3986582774669 327.95064854249358 354.81321149878204 572.6182896187529 323.22001571953297 31.184713630005717 977.19527234882116 291.85236325673759 1518.0466916086152 69.701977787539363
leaf_count=114733 717 9941 13966 7855 3324 5084 3264 80044 225448 836 191153 4950 1515 602 14929 19067 8829 18629 114435 1510 43083 3607 1480 2820 1425 327 5691 3345 29115 460
internal_value=-0.00033405 -0.00410393 5.49761e-06 0.00428106 0.0206603 0.00894036 -0.00054803 -0.00307327 0.000552707 0.00262899 0.00125403 -0.00157703 -0.000734615 -0.0400532 -0.0048276 0.00254027 0.00612035 0.00317114 -0.00628649 0.0409245 0.0082886 0.00681058 -0.00220513 0.00771374 0.0575244 0.0536408 0.00933414 -0.00408755 -0.000969392 0.0206844
internal_weight=71772.1 5930.27 65841.9 7547.03 725.041 459.364 58294.8 17696.5 40598.3 20557.1 20054.8 20041.1 19611.8 429.39 15029 6821.99 4429.41 2318.3 12710.7 265.677 3927.81 2667.57 5482.42 997.133 502.312 199.011 2339.62 2392.58 1809.9 424.515
internal_count=932184 129434 802750 122256 10962 8408 680494 251301 429193 196678 194417 232515 226963 5552 228037 111294 70979 33558 194479 2554 62150 23264 119493 4760 2261 1837 19657 40315 32460 1940
is_linear=0
shrinkage=0.05


Tree=133
num_leaves=31
num_cat=0
split_feature=56 3 11 48 56 55 1 2 1 55 11 1 3 3 0 1 1 3 3 1 0 3 3 33 43 59 1 18 9 21
split_gain=35.1229 38.7871 38.7389 36.865 34.0502 41.5937 32.8671 32.6853 29.1726 27.3757 28.7033 26.1422 71.5011 72.4975 69.4338 49.8503 71.9955 139.243 67.0398 42.8399 40.9796 39.9364 38.6129 33.4438 29.1218 24.088 21.7161 23.6002 47.1475 28.3814
threshold=60.500000000000007 0.013050000183284284 -0.25000000000000006 448.50000000000006 44.500000000000007 48.773323059082038 0.95115000009536754 0.7519499957561494 0.9695500135421754 19.535013198852543 -0.68301269412040699 0.99950000643730175 0.026600000448524955 0.033350000157952316 58.795000076293952 0.99469998478889476 0.99179998040199291 0.018850000575184826 0.04110000096261502 0.93759998679161083 8.4612498283386248 0.043049998581409461 0.019800000824034217 32.528165817260749 1.3557243943214419 inf 0.87380000948905956 3.5112500190734868 -0.87837970256805409 2.0249999761581425
decision_type=2 2 2 2 2 2 2 2 2 2 2 2 2 2 10 2 2 2 2 2 10 2 2 10 10 8 2 10 2 10
left_child=1 3 26 4 5 7 25 -1 -7 -6 -11 15 20 14 -14 16 19 -18 23 -3 22 -20 -13 -17 -22 -4 -2 -28 -29 -30
right_child=2 11 6 -5 9 8 -8 -9 -10 10 -12 12 13 -15 -16 18 17 -19 21 -21 24 -23 -24 -25 -26 -27 27 28 29 -31
leaf_value=-0.00010842843406194177 -0.0094996531560473732 -0.0018310224093104307 0.025461432997453706 -0.022633230242252847 -0.0074831029380705381 0.030349818230966132 -0.00047030481561321678 0.0089803174586776443 0.0038053267046628141 0.016123268306043798 -0.078667563935166329 0.0025843227097132088 0.093020442071411358 -0.058531919060259785 -0.081133108468327428 -0.020109976146904518 0.044658053051743592 -0.021853274710908782 0.25919977721079673 -0.011545515962425408 0.011831597891502612 -0.052333804171304232 0.044729343490598768 -0.078850408814868697 -0.025676510860163527 0.064874547875444125 -0.0063587325389296004 0.095331123783380364 0.070006413828783823 -0.0037915719337061242
leaf_weight=62083.812521641143 234.04480992071331 3020.8137592310086 167.85868826135993 180.48383158445358 970.08655276987702 189.75776182301342 96.561463139019907 1005.2171618938446 227.71912376955152 11.348895188421009 26.952656902372837 285.56078415550292 53.898534106090665 12.330147530883549 6.4032348543405524 405.34465932939202 201.179746911861 129.24406309612095 3.3517198264598838 1817.7966028945521 71.004637977108359 1.4842900466173885 67.122187345288694 25.772206071764231 190.83240903168917 50.408484064042568 81.799768674187362 21.562300371006131 16.522141270339489 61.608371963724494
leaf_count=761714 2285 52827 1375 7980 12148 242 1574 6686 474 21 154 8699 504 131 44 11088 3915 2952 22 48433 1120 44 2090 234 2994 244 1355 131 93 611
internal_value=-0.000319652 -0.000431887 0.010589 -6.73979e-05 -4.26875e-06 0.000140477 0.0238185 3.63854e-05 0.0158707 -0.00912008 -0.0505807 -0.00417954 0.00502501 0.0519392 0.0745277 -0.00530799 -0.00393859 0.0186424 -0.0215448 -0.00548062 -0.000519917 0.163582 0.0106053 -0.0236215 -0.0155051 0.0345638 0.000565856 0.0135459 0.029878 0.0118144
internal_weight=71717.9 70987.5 730.366 64695.4 64514.9 63506.5 314.829 63089 417.477 1008.39 38.3016 6292.14 687.152 72.6319 60.3018 5604.99 5169.03 330.424 435.953 4838.61 614.52 4.83601 352.683 431.117 261.837 218.267 415.537 181.493 99.6928 78.1305
internal_count=932184 924516 7668 789419 781439 769116 3193 768400 716 12323 175 135097 15582 679 548 119515 108127 6867 11388 101260 14903 66 10789 11322 4114 1619 4475 2190 835 704
is_linear=0
shrinkage=0.05


Tree=134
num_leaves=31
num_cat=0
split_feature=39 57 57 34 2 3 57 51 21 51 53 38 19 15 5 29 5 30 39 31 50 2 18 21 39 39 43 21 5 59
split_gain=33.0156 33.5899 33.0924 41.022 64.5479 40.6362 37.6413 32.0893 94.1263 69.5512 26.2302 21.6013 19.2289 20.0181 18.0185 17.2803 16.6574 20.0827 15.988 15.384 15.0213 30.623 14.4824 12.9731 12.9529 12.8521 12.5947 12.1897 11.6436 11.4813
threshold=1.9773815870285036 25.48124980926514 -25.523750305175778 69.779380798339858 0.018850000575184826 0.0014500000397674742 0.010000035166740419 0.11642810329794885 0.70499998331069957 0.68428573012352001 0.33504316210746771 0.65744614601135265 14.142142772674562 10.675000190734865 25.500000000000004 151.81000518798831 22.500000000000004 14.751666545867922 0.83539569377899181 143.80341339111331 0.3506332933902741 0.064300000667572035 44.254999160766609 5.7850000858306894 1.2503468394279482 0.85656768083572399 1.1940376162528994 60.694999694824226 11.500000000000002 0.56576684117317211
decision_type=10 10 8 10 2 2 10 8 10 8 10 10 10 8 2 10 2 10 10 8 10 2 10 10 8 10 10 10 2 10
left_child=1 2 10 7 5 -5 -6 8 -4 -9 19 -3 13 -12 15 16 17 -2 -14 25 22 28 29 26 -24 -1 -16 -23 -22 -13
right_child=14 11 3 4 6 -7 -8 9 -10 -11 12 20 18 -15 23 -17 -18 -19 -20 -21 21 27 24 -25 -26 -27 -28 -29 -30 -31
leaf_value=-0.0022777100141127666 -0.0046726486945725294 0.036445474842821353 -0.0018616136935423232 0.029190515814529146 0.026474546147756309 -0.062637318117378535 -0.049874331236251686 0.0046838072532187037 -0.024138391378634067 -0.00056504965711509539 -0.012894553568434259 0.0031573382824854127 -0.0096454443453663444 -0.10952987074595295 0.15429405281125058 -0.050014804794054707 -0.019577285388977725 0.063203827868871534 0.012880432262001296 0.042656163673315581 -0.023321180239886434 -0.022457919914804465 -0.00011035533107948784 0.010612514525701937 -0.035860014093840528 0.034343137417108954 -0.0075470899593361286 0.023818256569279675 0.036225964311638902 0.085646903780279823
leaf_weight=55.737006371840835 120.89286236651242 83.783751420676708 5277.6397409383208 13.922521006315945 66.690138271078467 89.466786615550518 21.299524944275618 7106.8527541412041 520.99352090246975 56375.853976657614 42.714189449325204 9.34367533773184 100.72965055704117 6.1279351636767379 1.2053374890238036 34.796947464346886 323.93510465789586 11.97702122479677 361.36188717093319 83.830819289200008 8.8222950473427755 49.612888596951962 109.46668983623385 133.73922658339143 32.968354297801852 42.02107609808445 450.68058377597481 19.953707367181778 118.14596990123391 7.6899241730570784
leaf_count=113 2053 174 116271 24 135 592 96 114839 11429 669160 136 57 234 33 34 270 5052 78 1018 192 48 250 422 1155 165 61 7388 69 600 36
internal_value=-0.00030431 -0.000171766 -0.000258107 -0.00036652 -0.0234836 -0.0502717 0.00799289 -0.000302663 -0.00386313 2.25569e-05 0.0106177 0.0136034 0.00481656 -0.0250188 -0.00899167 -0.0160496 -0.0134623 0.0014458 0.0079701 0.0269404 0.00822761 0.0174792 -0.00317433 -0.00306688 -0.00838506 0.0134637 -0.0071154 -0.00918458 0.0320884 0.0403978
internal_weight=71682.3 70605 70165.2 69472.7 191.379 103.389 87.9897 69281.3 5798.63 63482.7 692.523 439.787 510.934 48.8421 1077.23 491.602 456.805 132.87 462.092 181.589 356.004 196.535 159.469 585.625 142.435 97.7581 451.886 69.5666 126.968 17.0336
internal_count=932184 916154 914333 912546 847 616 231 911699 127700 783999 1787 1821 1421 169 16030 7453 7183 2131 1252 366 1647 967 680 8577 587 174 7422 319 648 93
is_linear=0
shrinkage=0.05


Tree=135
num_leaves=31
num_cat=0
split_feature=3 48 1 1 1 1 1 1 1 1 1 1 3 1 3 34 43 34 1 1 3 1 28 1 1 3 57 1 3 3
split_gain=33.078 34.012 39.9344 519.648 466.536 226.862 583.356 156.728 138.277 135.598 131.479 102.859 142.549 126.379 79.1909 65.8848 43.5673 32.4437 39.8997 56.389 190.937 139.782 71.138 47.7816 42.1083 40.848 39.3562 34.9577 70.7631 82.3299
threshold=0.008200000040233137 300.50000000000006 0.87860000133514415 0.89605000615119945 0.86800000071525585 0.90279999375343334 0.91054999828338634 0.87380000948905956 0.87764999270439159 0.9009000062942506 0.89215001463890087 0.85929998755455028 0.0063000000081956395 0.85830000042915355 0.0063000000081956395 1.3635612130165102 1.8663010001182558 1.6596198678016665 0.97730001807212841 0.96760001778602611 0.010149999987334015 0.97050002217292797 3.935000061988831 0.96665000915527355 0.97824999690055858 0.02465000003576279 -4.9062499999999991 0.81769999861717235 0.010149999987334015 0.011099999770522119
decision_type=2 2 2 2 2 2 2 2 2 2 2 2 2 2 2 8 10 10 2 2 2 2 10 2 2 2 8 2 2 2
left_child=1 2 4 10 11 9 -7 14 -9 -5 15 13 -13 -1 -6 -4 -12 26 19 23 22 -22 -21 25 -20 -19 -2 28 -28 -30
right_child=17 -3 3 5 7 6 -8 8 -10 -11 16 12 -14 -15 -16 -17 -18 18 24 20 21 -23 -24 -25 -26 -27 27 -29 29 -31
leaf_value=0.00018459738801202908 0.0204175904603471 -0.014638567574211942 0.0057571649514217924 0.0046007208053943207 -0.047333699429188116 0.074151555166152669 0.00032722654365381171 0.025460119522418157 -0.048812416870884105 -0.055150987089490504 0.10907656175877525 0.048779181105218783 -0.055630619690798723 -0.060946281440887366 0.05129894309262082 0.042860288867437681 0.049012768206442889 0.0064028306951485455 -0.058123230521766767 0.041459835768379624 0.079697839777863655 -0.020047684465132116 0.16082728511366279 -0.068299746469401582 -0.002829477231560306 -0.010346564076163058 -0.017591543633191317 -0.00877670708146518 0.033616577032769761 -0.00011456651400569632
leaf_weight=35022.594140078872 146.16454714536667 383.36062434315681 162.03827633336186 141.71315216273069 766.45436630118638 271.07419535517693 20837.892858809792 177.13165688700974 96.973613619804382 287.73296651430428 86.096935018897057 208.42774391360581 38.771689346060157 84.750701079145074 20.905522659420967 457.3532408233732 46.494782891124487 1822.4812522949651 34.74261074885726 20.908421594649553 46.564754905179143 142.95991248264909 30.96891612559557 23.704044977203012 3844.874866030179 454.86028598062694 492.99815187044442 3768.9137779949233 205.16922315396369 1529.2151573393494
leaf_count=358906 1097 13651 1386 1113 11533 1820 276422 1552 1006 2266 468 1640 692 956 449 2838 198 21651 677 242 713 2605 284 346 58704 5406 8449 124527 3493 27094
internal_value=-0.000289329 0.000206047 0.000302985 0.0019698 -0.000717282 0.000543332 0.00127525 -0.0333788 -0.000816195 -0.0354335 0.042827 0.000263329 0.0324032 3.70247e-05 -0.0447149 0.0331538 0.0880145 -0.00261904 -0.000134212 0.00473419 0.0277239 0.00445902 0.112718 0.00232234 -0.00332464 0.00305742 -0.00521697 -0.00584183 -0.000875785 0.00387566
internal_weight=71654.3 59089.8 58706.4 22290.4 36416 21538.4 21109 1061.47 274.105 429.446 751.983 35354.5 247.199 35107.3 787.36 619.392 132.592 12564.5 6422.07 2542.45 241.402 189.525 51.8773 2301.05 3879.62 2277.34 6142.46 5996.3 2227.38 1734.38
internal_count=932184 676896 663245 286511 376734 281621 278242 14540 2558 3379 4890 362194 2332 359862 11982 4224 666 255288 90628 31247 3844 3318 526 27403 59381 27057 164660 163563 39036 30587
is_linear=0
shrinkage=0.05


Tree=136
num_leaves=31
num_cat=0
split_feature=2 56 56 39 55 50 1 33 34 17 29 55 50 30 2 2 5 55 21 28 2 59 1 10 31 28 1 16 0 22
split_gain=31.6572 31.442 31.2448 29.3479 33.0932 38.4662 44.4872 35.6078 126.6 85.1105 35.335 19.9354 15.3626 19.2169 15.7407 16.7641 14.8784 17.5232 13.6385 13.5044 12.8815 11.3088 10.8316 11.0496 10.455 8.56477 5.7048 4.94969 7.75645 2.62143
threshold=0.97099998593330394 66.500000000000014 68.500000000000014 1.9773815870285036 48.773323059082038 0.3506332933902741 0.97440001368522655 4.6784443855285653 1.1418552994728091 9.5850000381469744 265.90000915527349 25.97100925445557 1.4467515349388125 0.20500000566244128 0.41975000500679022 0.086549997329711928 25.500000000000004 6.9094996452331552 5.7850000858306894 1.0000000180025095e-35 0.49760000407695776 0.2643560022115708 0.8050999939441682 -0.56174489110708226 13.167916774749758 0.57499998807907116 1.0000000180025095e-35 0.011666666716337206 1.0000000180025095e-35 10.404999732971193
decision_type=2 2 2 10 2 10 2 8 10 8 10 2 10 8 2 2 2 2 10 10 2 10 2 2 8 10 2 8 10 10
left_child=1 3 19 4 7 6 -6 8 -1 -9 -7 16 14 21 15 -4 17 -5 -18 27 -16 -14 24 -24 -21 -13 -2 28 -3 -29
right_child=26 2 12 11 5 10 -8 9 -10 -11 -12 25 13 -15 20 -17 18 -19 -20 22 -22 -23 23 -25 -26 -27 -28 29 -30 -31
leaf_value=-0.0020888929542367198 0.054088078416332203 0.0079572167985024027 0.00053084824393226512 -0.013243016495803318 0.022048738166574579 0.0067257344388277603 -0.023322869069509762 -0.0042829836414537492 0.008136661800271807 0.00021593097701108808 0.043467396666272917 0.0097064555503454126 0.013703094762998176 -0.14183926783877601 -0.049369544467400467 0.027926263093977017 -0.0064827257728514486 -0.10601834561260888 0.011801674682354343 0.15960240128303754 0.022397785200968572 -0.035315888530753028 -0.032528096237317623 0.052736034277498782 0.047990767682051322 -0.075140142442014488 0.02293763708023628 -0.0086738254964350021 0.11678343474550607 -0.081263486187723971
leaf_weight=7457.0490910410881 25.121424049139023 12.475396286696197 98.518812167458236 467.99268679320812 99.054219387471676 126.49919414333999 118.85040421690792 13896.631518015638 5095.0392153542489 43169.308254517615 135.5653000799939 3.6742698028683689 23.568449307233095 2.9731416050344697 17.7314568720758 128.91258512809873 444.93011276330799 5.1456292271614066 132.31692477501929 4.4462163411080811 9.6581775881350023 23.495720672421157 4.1479622125625601 45.262660752050579 3.9731628894805917 15.613067127764223 35.422332435846329 3.6502024475485078 1.8846843056380738 1.8865372911095617
leaf_count=175959 110 216 1218 7314 146 227 342 208157 69128 458162 133 14 270 29 123 1040 7403 34 1141 42 39 266 73 188 12 124 176 56 24 18
internal_value=-0.000277094 -0.000307675 0.0139877 -0.000384525 -0.000259098 0.0128249 -0.00269802 -0.000349304 0.00206178 -0.000879639 0.0257321 -0.008604 0.00677283 -0.0185565 0.0117466 0.0160591 -0.00767905 -0.014252 -0.00229156 0.0422859 -0.0240628 -0.0107685 0.0545106 0.0455782 0.106932 -0.0589767 0.0358629 0.00675492 0.0222401 -0.0334074
internal_weight=71610.8 71550.3 382.585 71167.7 70098 479.969 217.905 69618 12552.1 57065.9 262.064 1069.67 304.858 50.0373 254.821 227.431 1050.39 473.138 577.247 77.7268 27.3896 47.0642 57.83 49.4106 8.41938 19.2873 60.5438 19.8968 14.3601 5.53674
internal_count=932184 931898 3614 928284 912254 848 488 911406 245087 666319 360 16030 2985 565 2420 2258 15892 7348 8544 629 162 536 315 261 54 138 286 314 240 74
is_linear=0
shrinkage=0.05


Tree=137
num_leaves=31
num_cat=0
split_feature=3 1 2 2 3 1 1 1 1 1 2 2 1 1 1 1 1 1 27 1 2 1 1 28 2 28 1 2 2 2
split_gain=31.208 83.1804 177.68 175.068 185.378 146.594 177.651 161.248 166.022 144.509 121.509 924.825 499.346 104.959 261.394 125.183 100.549 99.1263 78.6673 75.0413 138.129 73.374 69.4539 61.157 49.804 42.2006 43.2691 678.648 602.803 269.364
threshold=0.0014500000397674742 0.69680002331733715 0.44535000622272497 0.52369999885559093 1.0000000180025095e-35 0.84190002083778392 0.8303000032901765 0.87380000948905956 0.86895000934600841 0.48499999940395361 0.64750000834465038 0.67939999699592601 0.35349999368190771 0.55560001730918895 0.56915000081062328 0.57009997963905346 0.99564999341964733 0.99469998478889476 0.49255426228046423 0.77709999680519115 0.2384000048041344 0.78964999318122875 0.85249999165534984 4.1749999523162851 0.46179999411106115 6.6949999332427987 0.51790001988410961 0.54304999113082897 0.48019999265670782 0.51014998555183422
decision_type=2 2 2 2 2 2 2 2 2 2 2 2 2 2 2 2 2 2 8 2 2 2 2 10 2 10 2 2 2 2
left_child=1 2 13 4 24 6 19 8 22 -6 12 -12 -5 -1 -15 -16 17 -9 -8 20 -3 -21 -7 -18 -4 26 27 29 -28 -2
right_child=25 5 3 10 9 7 18 16 -10 -11 11 -13 -14 14 15 -17 23 -19 -20 21 -22 -23 -24 -25 -26 -27 28 -29 -30 -31
leaf_value=-0.057907887440093724 0.026009192567268774 0.063998224272704712 0.0084574818794688825 -0.052265447738676987 0.092799586188512972 -0.01443247732218955 -0.053461691019456553 0.0096745605072374383 -0.051819026801181604 -0.014410366919573215 0.10766293303338702 -0.00022656942963800351 0.0052088925504431179 0.07625989304871629 -0.050147244785454827 -0.010671067415653199 0.0038661159020070613 0.060442218458860567 0.1082073015325707 -0.024750806768275624 0.013886391993002218 0.012139159384451023 0.035470687351937161 -0.01157666426119227 0.050093702400458844 0.0020582830722331948 -0.0016504608062105687 -0.0020912391725023496 -0.055449438081869099 0.10977491728055777
leaf_weight=133.33558647334576 199.29135737754405 186.48411262780428 87.088126868009567 547.08803705126047 34.749263480305672 221.24910884536803 8.4067181721329671 2486.9734104415402 270.18437705561519 329.20733631402254 201.59163904935122 13512.747074343264 1222.1337972693145 80.261313736438751 232.71318872086704 1465.4786928705871 1641.7450110986829 100.018115632236 71.706116795539856 165.88215049728751 523.65634160488844 719.1982909142971 101.80667540431023 1051.8823258802295 409.74116041511297 8828.6916960859671 29757.823339018971 6274.2878679130226 529.94798058271408 185.12099185958505
leaf_count=1232 1686 748 506 7568 132 1540 49 13332 3982 1870 1386 147598 8008 572 3432 14784 21921 462 325 748 2332 4048 528 12245 1694 83617 509850 78183 6788 1018
internal_value=-0.000263496 0.00112699 -0.00069847 0.000988553 0.0229357 0.00554147 0.0185878 0.00182042 -0.0228958 -0.00417435 -0.000231566 0.00135933 -0.0125636 -0.0151212 -0.0119134 -0.0160807 0.00459711 0.0116373 0.0912424 0.0149391 0.0270458 0.00522523 0.00129383 -0.00216441 0.0427954 -0.00104737 -0.00178949 0.00185982 -0.00259179 0.0663482
internal_weight=71580.5 25805.3 18256.1 16344.3 860.786 7549.19 1675.33 5873.86 593.24 363.957 15483.6 13714.3 1769.22 1911.79 1778.45 1698.19 5280.62 2586.99 80.1128 1595.22 710.14 885.08 323.056 2693.63 496.829 45775.2 36946.5 6658.7 30287.8 384.412
internal_count=932184 251042 188782 168762 4202 62260 8250 54010 6050 2002 164560 148984 15576 20020 18788 18216 47960 13794 374 7876 3080 4796 2068 34166 2200 681142 597525 80887 516638 2704
is_linear=0
shrinkage=0.05


Tree=138
num_leaves=31
num_cat=0
split_feature=1 1 1 1 1 2 1 1 3 1 3 14 1 3 3 3 1 3 3 3 3 3 2 3 3 2 3 3 30 3
split_gain=30.1105 332.221 181.287 201.482 116.507 397.824 384.23 323.813 397.358 314.588 238.082 155.539 133.513 117.747 147.343 104.983 129.06 298.208 101.842 121.403 118.096 106.565 92.0111 86.2553 436.434 80.6401 69.3442 92.9515 68.4725 89.7248
threshold=0.9715000092983247 0.96760001778602611 0.98115000128746044 0.98209998011589061 0.9212000072002412 0.084600001573562636 0.95309999585151683 0.90279999375343334 0.017900000326335434 0.9009000062942506 0.015949999913573269 99.30749893188478 0.93279999494552623 0.01690000016242266 0.017900000326335434 0.0033999999286606912 0.99369999766349804 0.0023999999975785617 0.014999999664723875 0.027550000697374347 0.036299999803304679 0.0063000000081956395 0.031399999745190151 0.036299999803304679 0.042099999263882644 0.07400000095367433 0.0043500000610947618 0.0033999999286606912 4.7749998569488534 0.0043500000610947618
decision_type=2 2 2 2 2 2 2 2 2 2 2 10 2 2 2 2 2 2 2 2 2 2 2 2 2 2 2 2 10 2
left_child=1 4 -2 23 5 13 10 9 -9 -7 25 -8 -12 -1 -15 16 17 -5 21 -20 22 28 -21 26 -25 -6 27 -4 -3 -30
right_child=2 18 3 15 6 7 11 8 -10 -11 12 -13 -14 14 -16 -17 -18 -19 19 20 -22 -23 -24 24 -26 -27 -28 -29 29 -31
leaf_value=-0.031468844013123727 -0.017069841276525135 0.00086610272573041749 0.055581827357525287 0.045840165523748505 0.024894281202058326 -2.4721312389239997e-05 -0.015411001574390668 0.048246183248467689 -0.049308178393360491 -0.049917460937202139 0.023174136055114234 0.067898844938849776 -0.038007067088241628 0.43972781083642443 0.025507704765164254 -0.00349638535297371 0.0011214327865293147 -0.0063214102165400354 -0.053420853270600789 0.095676520963520417 -0.071205871620137168 0.087250380794926974 0.41220341217882012 1.3069882523748655 -0.052528668216320407 0.055585903531198688 0.025666706320443378 0.20196706516898028 0.090428620470143703 -0.039202903619573362
leaf_weight=1217.3617921750993 1778.951141632162 91.966988760977983 46.881434474140406 547.07149392738938 1597.8138353107497 41846.532834171318 1332.1658919369802 642.06722995266318 124.64690673165023 318.34573919698596 144.49932016059756 58.485383946448565 232.88938853889704 2.232865445315837 55.752795200794935 13896.256024869159 6286.3623623196036 548.95195031352341 50.364358078688383 21.405980342067782 10.536554552614687 157.51159530226141 2.5717717912048093 0.80933118984103147 2.1814985712990165 247.11875496059656 141.53110831975937 14.107579678297041 64.900125851854682 16.804840095341206
leaf_count=18040 31504 917 374 3014 12892 462374 23511 5610 2222 2970 2090 139 5346 44 924 264484 80080 5610 1826 286 242 2398 44 22 66 1980 2464 110 406 195
internal_value=-0.000253333 0.000459236 -0.00173084 -0.000460729 7.21814e-05 -0.000633369 0.00870503 0.000184146 0.0323865 -0.000401413 0.0216035 -0.0119073 -0.0145812 -0.0281531 0.0414582 -0.000936584 0.00388187 0.0197146 0.0449452 -0.00391887 0.068316 0.0574685 0.129626 0.0488093 0.315362 0.0290053 0.0448729 0.0894427 0.0304579 0.0637664
internal_weight=71499.1 48236 23263.1 21484.2 47819.9 44206.9 3612.97 42931.6 766.714 42164.9 2222.32 1390.65 377.389 1275.35 57.9857 21278.6 7382.39 1096.02 416.062 84.8787 34.5143 331.184 23.9778 205.511 2.99083 1844.93 202.52 60.989 173.672 81.705
internal_count=932184 544456 387728 356224 538142 492184 45958 473176 7832 465344 22308 23650 7436 19008 968 353188 88704 8624 6314 2398 572 3916 330 3036 88 14872 2948 484 1518 601
is_linear=0
shrinkage=0.05


Tree=139
num_leaves=31
num_cat=0
split_feature=51 19 51 3 5 34 2 39 28 28 2 2 2 53 38 3 5 51 59 3 26 28 38 48 34 2 31 42 42 59
split_gain=28.408 95.1663 52.0226 89.2272 69.7644 67.5121 55.1399 60.5227 54.171 107.611 63.8288 549.965 244.79 63.6466 52.8598 49.6443 45.5573 45.2201 41.421 45.8016 43.7204 39.7797 39.5283 36.6082 37.9482 33.5998 31.4343 29.961 40.6016 29.713
threshold=0.085714291781187071 0.75214287638664257 0.68428573012352001 0.0023999999975785617 11.500000000000002 1.0980111956596377 0.054650001227855689 0.9491487741470338 0.095000002533197417 6.8250000476837167 0.61945000290870678 0.57785001397132885 0.62619999051094066 1.2499926090240481 0.49993927776813513 0.035299999639391906 25.500000000000004 2.2000001668930058 -0.12336567789316176 0.014999999664723875 0.22749999910593036 0.90500000119209301 2.1428571939468388 9.5000000000000018 1.202197849750519 1.0000000180025095e-35 5.840916872024537 1.1101654171943667 1.5977727770805361 0.93450096249580394
decision_type=8 10 8 2 2 10 2 8 8 8 2 2 2 10 8 2 2 10 8 2 10 10 10 2 10 2 10 10 10 10
left_child=1 18 3 27 6 25 7 -5 15 13 11 -11 -12 14 -10 22 -7 -15 19 20 -1 -8 26 -20 -25 -6 -4 -2 -29 -26
right_child=2 -3 8 4 5 16 21 -9 9 10 12 -13 -14 17 -16 -17 -18 -19 23 -21 -22 -23 -24 24 29 -27 -28 28 -30 -31
leaf_value=-0.017292746476291612 -0.00038941865442891166 -0.02755388630943266 0.014045087443821181 0.028914760125838296 0.0039615075734601036 -0.0038253802434381257 0.017146590123365831 -0.011621278182492936 0.0059383924820067381 0.0011953706242014673 -0.039459749509209663 0.053813831511576031 -0.00066205469208870224 0.0077682857964738346 -0.0070109791618843511 0.073361944762330003 0.011005774923351338 -0.0044470737270690241 -0.009452345135199023 -0.046462943754474691 0.034481889811430813 0.066703548273328889 -0.0082525223077629297 -0.0032647453881232886 0.012172055318102046 -0.0087404864990113153 0.0021203709940586682 0.021140636973161316 0.0032486356488655083 -0.011995310838387306
leaf_weight=51.506297571584582 330.88395215384662 387.19234904646873 1181.2629376072437 173.5584559282288 672.38438327889889 813.22872077673674 79.502021981403232 196.15099823195487 848.8503030538559 19971.763292435557 415.17827107943594 509.25335098803043 19580.832538805902 1611.1593123851344 11007.176535932347 27.475442147813737 1425.2254298012704 1430.1444230796769 1503.3131080362946 25.680197802372277 195.69739513937384 82.531307931989431 420.51965511683375 2624.332063565962 806.86217135656625 2306.8586571635678 1038.5039118640125 1138.6976792607456 439.44237977080047 150.98143726959825
leaf_count=1266 2930 9058 12133 2946 16842 12213 1008 4557 3960 194417 5552 2261 226963 25928 178406 257 20425 19743 31951 477 1595 855 4589 76083 5649 48918 6285 9669 3987 1261
internal_value=-0.000243845 -0.00361531 5.0992e-05 0.0039243 0.000814442 -0.000943828 0.0180674 0.00740818 -0.000460078 -0.000795353 0.000541841 0.00250371 -0.00146761 -0.0044286 -0.00608385 0.00649918 0.00561763 0.00202413 -0.00188553 0.0170921 0.0236943 0.0423883 0.00580339 -0.00290385 -0.00015568 -0.00587378 0.00846618 0.0132903 0.0161585 0.00836264
internal_weight=71446.1 5745.57 65700.6 7658.46 5749.44 5217.7 531.743 369.709 58042.1 55374.4 40477 20481 19996 14897.3 11856 2667.76 2238.45 3041.3 5358.37 272.884 247.204 162.033 2640.29 5085.49 3582.18 2979.24 2219.77 1909.02 1578.14 957.844
internal_count=932184 127340 804844 124350 107764 98398 9366 7503 680494 657230 429193 196678 232515 228037 182366 23264 32638 45671 118282 3338 2861 1863 23007 114944 82993 65760 18418 16586 13656 6910
is_linear=0
shrinkage=0.05


Tree=140
num_leaves=31
num_cat=0
split_feature=1 18 1 1 1 2 1 3 2 3 2 3 3 3 3 3 1 2 2 2 3 1 1 3 2 3 2 3 1 3
split_gain=28.5875 44.7533 41.4003 469.45 317.92 455.422 483.651 163.326 137.563 109.716 304.282 119.122 47.4963 216.253 50.9577 61.7111 69.4306 54.4638 38.118 151.445 182.654 381.442 129.674 256.758 91.4917 52.5226 25.3119 23.6821 138.047 35.0638
threshold=0.28869999945163732 inf 0.29449999332427984 0.33124999701976782 0.33220000565052038 0.64750000834465038 0.35349999368190771 0.0014500000397674742 0.68909999728202831 0.0023999999975785617 0.67939999699592601 0.012099999934434892 0.021749999374151233 0.022699999623000625 0.0033999999286606912 0.0023999999975785617 0.29350000619888311 0.70745000243186962 0.72679999470710765 0.73160001635551464 0.019800000824034217 0.26935000717639929 0.26449999213218695 0.0014500000397674742 0.7519499957561494 0.013999999966472389 0.72969999909400951 0.011099999770522119 0.28675000369548803 0.008200000040233137
decision_type=2 8 2 2 2 2 2 2 2 2 2 2 2 2 2 2 2 2 2 2 2 2 2 2 2 2 2 2 2 2
left_child=1 -1 12 8 -5 6 -6 -7 9 10 -4 -11 14 -14 15 17 -17 -2 25 20 26 -22 24 -24 -21 27 -20 29 -29 -3
right_child=2 18 3 4 5 7 -8 -9 -10 11 -12 -13 13 -15 -16 16 -18 -19 19 22 21 -23 23 -25 -26 -27 -28 28 -30 -31
leaf_value=0.061450204431376249 -0.0039025563774238801 0.0089437571840129126 0.14686664683775316 -0.054262614607556471 -0.047839167628221525 0.094744682449069889 0.00016453251905918472 0.013473450225354842 0.099946210917731981 -0.038423578302304022 0.016570978379093323 0.26113010432703171 0.6330511304127342 -0.052006610401575948 -0.01310595368245443 -0.02448017627534332 0.019018874863400197 0.0088697319121854214 -0.024765371019746046 -0.017504700775182937 1.2476865138958793 -0.052090869078615043 0.084681528801676453 -0.039967985028411729 0.0074617770955552713 -0.052286228293268913 -0.059449054022692918 0.22169250696952544 -0.05225476095180788 -0.05281225446934066
leaf_weight=33.327633455395699 10958.191367566586 2148.7413911670446 61.359926417469978 271.21100993454456 530.06967381387949 169.75754075497389 51937.990983135067 97.223691161721945 115.03290174901485 61.0456313341856 166.10887204110622 3.509618252515792 1.6057863533496846 4.0763268172740936 1142.4227836839855 108.45542995631695 594.99780735373497 903.47824530303478 87.669006798416376 571.07744496315718 0.84630102664232176 1.6949094831943512 122.80752058327198 62.255363631993532 1026.6002983488142 35.802350491285324 131.51595475524664 8.0217722430825233 10.776629015803337 23.233312219381332
leaf_count=104 142384 11725 330 3872 7656 1166 706574 1144 550 660 1034 88 44 110 19360 1342 7282 10032 765 4498 22 44 638 638 7219 858 1144 176 264 461
internal_value=-0.000232893 0.0037368 -0.000485077 0.000144096 -0.000266679 1.10166e-05 -0.000320435 0.065149 0.0536345 0.0353916 0.0517184 -0.022138 -0.00293572 0.141593 -0.00299563 -0.0020764 0.0123124 -0.00292972 0.00328219 -0.00171966 -0.0406899 0.380775 0.00312722 0.0427493 -0.0014623 0.00778509 -0.0455764 0.00876679 0.0646457 0.00828316
internal_weight=71390.9 4264.37 67126.5 53413.3 53006.3 52735 52468.1 266.981 407.057 292.024 227.469 64.5552 13713.2 5.68211 13707.5 12565.1 703.453 11861.7 4231.04 2004.47 221.726 2.54121 1782.74 185.063 1597.68 2226.58 219.185 2190.77 18.7984 2171.97
internal_count=932184 28556 903628 723074 720412 716540 714230 2310 2662 2112 1364 748 180554 154 180400 161040 8624 152416 28452 14968 1975 66 12993 1276 11717 13484 1909 12626 440 12186
is_linear=0
shrinkage=0.05


Tree=141
num_leaves=31
num_cat=0
split_feature=43 38 11 42 54 43 0 50 51 50 33 1 1 1 1 1 1 1 44 34 59 13 20 1 1 3 46 5 20 3
split_gain=29.4492 41.748 75.6297 73.7296 62.7626 60.9849 53.9045 46.8153 46.1952 43.7984 74.974 64.5596 151.196 184.079 127.24 114.323 160.548 138.415 59.8305 47.7414 34.8561 29.9902 31.6872 28.9741 100.373 41.2538 48.8981 30.5573 26.1336 25.6744
threshold=9.9872846603393572 0.80210414528846752 -0.68301269412040699 2.0248036384582524 0.078112393617630019 2.3179470300674443 3.3825000524520878 0.37225665152072912 0.16928570717573169 0.60146644711494457 1.2487221956253054 0.81769999861717235 0.79060000181198131 0.77709999680519115 0.79835000634193432 0.87860000133514415 0.89605000615119945 0.86800000071525585 1.5000000000000002 4.9007258415222177 0.39862112700939184 9.5112500190734881 28.024742126464847 0.86895000934600841 0.86990001797676098 0.012099999934434892 25.500000000000004 26.500000000000004 28.024742126464847 0.035299999639391906
decision_type=10 8 2 10 10 10 10 10 10 10 8 2 2 2 2 2 2 2 2 8 10 10 10 2 2 2 2 2 10 2
left_child=1 2 7 4 -4 -5 -7 28 -6 11 -11 12 13 -3 -14 17 -17 -13 20 -20 -12 -9 -23 29 -25 26 -26 -28 -1 -2
right_child=23 9 3 5 8 6 -8 21 -10 10 18 15 14 -15 -16 16 -18 -19 19 -21 -22 22 -24 24 25 -27 27 -29 -30 -31
leaf_value=0.0039641723532264413 -0.022941625533684076 0.0005028794256192044 0.045816112453675388 -0.025571552465018563 0.0012334168492504185 -0.0056654364925830926 0.021929902940696456 -0.003473636819772097 0.012541793481267114 -0.0075663746600895662 0.0102030529852499 -0.0055476206544857048 0.047098835002760832 -0.023316300489964158 0.0089408980125847744 0.021378325928618724 -0.0022385813428636363 -0.028040613977146751 0.053421600430984074 0.01540662301151215 -0.0053847519676904461 -0.018935620855604747 0.041262376371910721 0.49658353511865383 -0.013408018671258851 -0.029381066257566799 -0.00041456902087645946 0.02396087916592517 -0.084150555457659995 0.093956483050617712
leaf_weight=2118.1224236348644 298.81352281570435 30728.268616711721 118.52405788842589 261.10030580405146 1329.4806152908131 644.09133116807789 244.01069191843271 1883.7998115736991 2815.9358735494316 843.71866773534566 1444.5558071946725 2933.6836389144883 283.73848240822554 833.12376135773957 949.77047794684768 747.21949052251875 19478.419782241806 891.88862064387649 125.1891683768481 242.71045908890665 477.07101553678513 549.68822424300015 22.765863713808358 1.0020246058702458 402.55412596557289 140.020652663894 309.4571030260995 219.96320749819279 8.4483482688665372 4.7720648422837249
leaf_count=19954 4386 334408 629 2510 16378 7551 1254 18149 25011 16059 16662 45387 2472 9777 9400 7244 350826 14433 967 2008 5083 2644 32 29 5081 4113 5691 3941 29 76
internal_value=-0.000224398 -8.19247e-05 0.00290968 0.00691139 0.00994081 -0.0043288 0.00191653 -0.00181706 0.00891507 -0.000580496 0.00517458 -0.000897704 0.000545292 -0.000125874 0.0177182 -0.00286529 -0.00136607 -0.0107916 0.00986978 0.0283424 0.00633316 -0.00651926 -0.0165416 -0.00746668 -0.00360821 -0.00407575 -0.000273862 0.00971293 0.00361411 -0.0211041
internal_weight=71351.9 69975.3 9995.97 5413.14 4263.94 1149.2 888.102 4582.82 4145.42 59979.4 3133.25 56846.1 32794.9 31561.4 1233.51 24051.2 20225.6 3825.57 2289.53 367.9 1921.63 2456.25 572.454 1376.58 1073 1072 931.974 529.42 2126.57 303.586
internal_count=932184 908867 94141 53333 42018 11315 8805 40808 41389 814726 40779 773947 356057 344185 11872 417890 358070 59820 24720 2975 21745 20825 2676 23317 18855 18826 14713 9632 19983 4462
is_linear=0
shrinkage=0.05


Tree=142
num_leaves=31
num_cat=0
split_feature=3 2 2 3 2 2 2 2 3 3 3 48 2 2 2 2 2 2 2 2 2 2 3 2 3 3 3 3 3 3
split_gain=28.1916 30.7971 106.062 101.151 75.3792 159.097 124.602 123.123 69.5404 76.3398 46.9325 29.9417 34.1374 402.576 359.425 430.999 508.187 175.556 541.463 150.125 133.085 128.244 121.317 115.288 110.153 75.2418 70.6004 18.1227 31.6316 31.6279
threshold=0.008200000040233137 0.62525001168251049 0.49760000407695776 0.038200000301003463 0.43085001409053808 0.36314998567104345 0.38634999096393591 0.31380000710487371 0.0092000002041459101 0.031399999745190151 0.063349999487400069 300.50000000000006 0.12139999866485597 0.13199999928474429 0.084600001573562636 0.078800000250339522 0.046900000423192985 0.097199998795986189 0.098149999976158156 0.12619999796152118 0.13975000381469729 0.1233000010251999 0.0063000000081956395 0.14169999957084659 0.0072500000242143878 0.0063000000081956395 0.0072500000242143878 0.01690000016242266 0.013999999966472389 0.017900000326335434
decision_type=2 2 2 2 2 2 2 2 2 2 2 2 2 2 2 2 2 2 2 2 2 2 2 2 2 2 2 2 2 2
left_child=11 2 4 8 5 7 -7 -2 -4 -10 -6 12 14 19 15 16 -1 24 -19 21 22 -14 -15 -22 -16 -21 -17 28 -3 -29
right_child=1 27 3 -5 10 6 -8 -9 9 -11 -12 -13 13 20 17 26 -18 18 -20 25 23 -23 -24 -25 -26 -27 -28 29 -30 -31
leaf_value=-0.00051188192497089399 -0.0016987807796068528 -0.01304181678260509 -0.060750789101869596 0.21401689060001305 -0.029051491103657869 0.087697613097491189 0.0097403125614362943 -0.030384645264583367 0.04922060679726209 -0.070142634117132049 0.12084384340024663 -0.013831122178881567 -0.029036801093683215 0.054778442300828616 0.043774319052365812 -0.032942881370630193 0.030643802787188985 -0.051361026367884158 0.031167109397638195 -0.046332915650053638 -0.049550961287261996 0.040868642032710942 -0.054120826163240467 0.00020331082606059653 0.15792820355710768 0.048864756718618577 0.053483133422412378 0.057651856393696535 -0.05189453455290121 -0.012431286674831349
leaf_weight=18067.023474986665 10999.219249065034 195.73839545994997 19.825032372027636 7.5843545645475379 312.66384152509272 85.333929905667901 128.35331545211375 387.23201306723058 148.15840853750706 14.726686187088488 5.310708373785018 375.45738110691309 157.7229433581233 183.8418130017817 481.64977471530437 1037.168580272235 1411.0704681687057 252.73596031963825 930.4246502071619 712.56225483957678 116.81932378187776 112.33636179566383 29.70736788213253 34902.977606599219 22.1024438906461 21.378881145268679 24.180608449503779 20.032724794000387 71.530309814959764 81.970527660101652
leaf_count=251306 230472 4642 154 44 6270 836 1496 5896 836 88 22 13651 1734 1420 3073 14291 8901 2112 6157 11533 1299 824 569 358906 277 449 394 506 2046 1980
internal_value=-0.000214264 -0.002373 -0.00193921 0.0350944 -0.00253052 -0.00187217 0.0408718 -0.00267433 0.0276673 0.0384288 -0.026548 0.000243527 0.000333916 -0.000612316 0.00187663 5.44472e-05 0.00174516 0.0240631 0.0135382 -0.0318318 0.000277306 4.17124e-05 0.0396292 3.73401e-05 0.0487829 -0.0435599 -0.0309738 -0.0165972 -0.0234401 0.00133255
internal_weight=71316.8 12477.7 12108.4 190.294 11918.1 11600.1 213.687 11386.5 182.71 162.885 317.975 58839.2 58463.7 36237.3 22226.4 20539.4 19478.1 1686.91 1183.16 1004 35233.3 270.059 213.549 35019.8 503.752 733.941 1061.35 369.272 267.269 102.003
internal_count=932184 255288 246114 1122 244992 238700 2332 236368 1078 924 6292 676896 663245 376734 286511 274892 260207 11619 8269 14540 362194 2558 1989 360205 3350 11982 14685 9174 6688 2486
is_linear=0
shrinkage=0.05


Tree=143
num_leaves=31
num_cat=0
split_feature=2 43 37 49 5 40 2 1 2 2 4 39 51 31 13 40 1 1 3 46 3 3 27 13 52 2 57 1 33 5
split_gain=27.4611 26.7581 40.3478 73.2156 46.7296 43.4213 61.2479 59.5603 1108.96 582.796 58.7921 46.2543 39.6498 34.5721 42.6806 29.1555 26.5069 59.5957 37.8491 44.2734 22.27 18.8956 18.3963 12.9779 12.0196 15.1244 10.5559 5.00891 3.43818 5.37988e-06
threshold=0.97099998593330394 9.9872846603393572 0.79715341329574596 0.24492733925580981 30.500000000000004 0.49571490287780767 0.57785001397132885 0.42309999465942388 0.56044998764991771 0.57785001397132885 6.5000000000000009 0.82803446054458629 0.16928570717573169 143.80341339111331 8.4433331489563006 0.0014285714714787903 0.86895000934600841 0.86990001797676098 0.012099999934434892 25.500000000000004 0.035299999639391906 0.036299999803304679 8.507761478424074 33.864999771118171 69.500000000000014 0.18039999902248385 -25.523750305175778 1.0000000180025095e-35 1.4495000243186953 28.500000000000004
decision_type=2 10 8 10 2 8 2 2 2 2 2 8 10 8 10 10 2 2 2 2 2 2 10 8 2 2 10 2 8 2
left_child=1 2 3 4 12 6 11 9 -9 -7 -8 -4 -1 14 -5 -6 20 -18 19 -19 24 -22 -15 -20 26 -26 -3 -2 -23 -29
right_child=27 16 5 13 15 7 10 8 -10 -11 -12 -13 -14 22 -16 -17 17 18 23 -21 21 28 -24 -25 25 -27 -28 29 -30 -31
leaf_value=5.8241885143444753e-05 0.050125595087564069 0.061915475646579565 0.0023795854225836504 0.00043453623834913331 0.031666713097525986 -0.059681003943980897 0.06739553831752422 0.0013506929114129717 0.12938744062274551 -0.00016766331322287661 -0.031327440656671111 -0.0035073665890651578 0.011143512700764161 0.0052221072597254886 -0.012154373171163704 0.10916375778524877 0.31026430226411972 -0.012901033008475657 -0.030639893894358373 0.0091255570285585074 0.18905227625431426 0.049665322928249829 0.036758039087873499 0.080222110500702062 0.1300860556695074 -0.0037273351560893199 -0.025262345858841986 0.021149749347696877 -0.061663133714691357 0.021199961428845684
leaf_weight=1196.25257321354 25.55664524435997 3.5161174088716498 4079.1453195577487 3088.7700412794948 59.822878793813288 419.84539995342493 58.166045170277357 18502.731230593286 170.67639508843422 20367.0858733356 20.359279213473201 18331.205184493214 2476.8217627098784 100.45034024026245 860.94252150505781 15.225201124325393 1.511462066322564 399.1734658004716 134.29390719626099 532.41592037864029 2.3105059303343287 1.4254730772227051 85.696265896782279 2.6927775293588629 2.743820432573556 9.1650860216468555 278.84553741384298 29.351914554834366 1.3506118301302192 6.5193816423416129
leaf_count=11083 110 5 57613 36255 621 3248 244 215229 933 234298 218 319645 21066 1560 6218 100 29 5081 4101 9632 27 28 250 12 89 201 4091 144 21 32
internal_value=-0.00020604 -0.000234868 -9.91336e-05 0.00326981 0.00833126 -0.000527884 -0.00228136 0.000471443 0.00252096 -0.00136969 0.0417996 -0.00243582 0.00753324 -0.00131713 -0.00230954 0.0473887 -0.0071565 -0.00347723 -0.003921 -0.000312539 -0.0203085 0.0834193 0.0197403 -0.0284607 -0.0221015 0.0271034 -0.0241768 0.0332103 -0.00449784 0.0211589
internal_weight=71264.1 71202.6 69833.2 7883.98 3748.12 61949.2 22488.9 39460.3 18673.4 20786.9 78.5253 22410.4 3673.07 4135.86 3949.71 75.0481 1369.44 1070.09 1068.58 931.589 299.357 5.08659 186.147 136.987 294.271 11.9089 282.362 61.4279 2.77608 35.8713
internal_count=932184 931898 908581 77153 32870 831428 377720 453708 216162 237546 462 377258 32149 44283 42473 721 23317 18855 18826 14713 4462 76 1810 4113 4386 290 4096 286 49 176
is_linear=0
shrinkage=0.05


Tree=144
num_leaves=31
num_cat=0
split_feature=39 53 33 5 20 28 24 13 34 38 49 3 11 34 28 1 11 5 28 1 25 25 44 55 12 43 5 55 5 43
split_gain=26.0155 29.6582 39.8027 40.5832 32.599 28.6432 57.2634 104.86 72.811 63.4694 56.0538 45.7302 43.2403 42.3492 41.6872 37.9286 33.8422 27.699 27.0323 36.825 29.5656 24.2461 21.7701 18.6252 16.7825 15.1153 13.4133 16.3216 12.1554 14.6911
threshold=1.9773815870285036 1.6390926241874697 1.3504166603088381 25.500000000000004 2.1343182325363164 11.105000019073488 4.5878570079803476 22.255000114440922 1.1418552994728091 0.55613666772842418 0.025593177415430549 1.0000000180025095e-35 -0.25000000000000006 11.212988853454592 2.804999947547913 0.81769999861717235 -0.25000000000000006 24.500000000000004 111.92000198364259 0.93759998679161083 0.063695695251226439 1.1360883712768557 1.0000000180025095e-35 25.97100925445557 -0.93301269412040699 12.006355285644533 25.500000000000004 6.9094996452331552 22.500000000000004 4.1821172237396249
decision_type=10 10 10 2 10 10 10 10 10 8 10 2 2 10 8 2 2 2 10 2 10 10 2 2 2 10 2 2 2 10
left_child=1 5 -3 17 24 6 7 8 -1 13 18 15 -13 -8 -11 -12 -9 25 20 -20 -7 -19 -6 26 -5 -4 27 28 29 -2
right_child=23 2 3 4 22 10 9 16 -10 14 11 12 -14 -15 -16 -17 -18 21 19 -21 -22 -23 -24 -25 -26 -27 -28 -29 -30 -31
leaf_value=-0.00058538245208424728 0.016177078786112516 -0.0071400312408166997 0.015463913152331164 0.06051760272059567 0.0063952928621144227 0.053512049337168369 0.016292878489935058 0.027164407859905461 0.0050937677693768746 -0.0089974368346299183 -0.046917646887117186 0.00064324378639392529 0.0096030591292946329 -0.0024034444664343376 -0.0026026118724325415 0.056318250181651569 0.091100509706901089 0.045840836578568397 -0.059800155529924959 0.044470273437187374 -0.044529379016623488 -0.0068768095670649248 0.03930555847617169 -0.057911424469813955 0.024959017324525302 -0.060053383677147847 -0.0019795650276170952 -0.10364803623902225 -0.017915151733766677 -0.015860673065252101
leaf_weight=38229.830500515178 69.317214994691312 491.68555385153741 292.1373841855675 37.59029133990407 549.37841721624136 8.2551764696836454 677.24203898757696 45.315418347716331 6621.2681310102344 3183.0819357009605 69.39052127301693 3135.4069950636476 2360.2314042840153 547.93115175515413 12783.443012458272 10.205566629767416 38.097021646797657 22.668207162059844 12.58880942314863 25.865412175655365 112.24957926943898 576.59354295581579 55.309174001216888 18.359271489083767 282.98289280757308 6.7799507156014434 571.85832204483449 4.9582649022340766 316.38940672390163 73.963809119537473
leaf_count=529053 904 8987 3313 470 5827 90 2941 344 77165 41788 375 18378 16334 1354 196685 33 286 347 56 63 1175 7182 332 138 3534 42 8544 34 5066 1344
internal_value=-0.000196977 -7.98237e-05 0.00548524 0.00888961 0.0162389 -0.000269681 -0.000581765 0.000357181 0.000253018 -0.00303592 0.00311154 0.00394627 0.00449125 0.00793137 -0.00387748 -0.0336811 0.056366 0.00131871 -0.0261654 0.0103351 -0.0378131 -0.00488267 0.00940551 -0.00799082 0.0291286 0.0137511 -0.00710658 -0.0134168 -0.0124435 -0.000361288
internal_weight=71230.4 70175.5 2315.13 1823.44 925.261 67860.4 62126.2 44934.5 44851.1 17191.7 5734.19 5575.23 5495.64 1225.17 15966.5 79.5961 83.4124 898.179 158.959 38.4542 120.505 599.262 604.688 1054.85 320.573 298.917 1036.49 464.629 459.67 143.281
internal_count=932184 916154 30034 21047 10163 886120 849616 606848 606218 242768 36504 35120 34712 4295 238473 408 630 10884 1384 119 1265 7529 6159 16030 4004 3355 15892 7348 7314 2248
is_linear=0
shrinkage=0.05


Tree=145
num_leaves=31
num_cat=0
split_feature=2 1 2 1 2 1 3 1 2 3 2 3 1 31 1 2 1 1 3 1 1 3 1 1 1 1 2 1 32 3
split_gain=26.1679 246.147 323.762 237.814 308.24 245.709 243.425 240.459 235.335 149.981 134.213 133.407 630.541 300.173 296.487 380.897 347.691 191.716 177.796 164.833 161.961 211.062 128.3 123.026 109.547 271.491 107.164 123.654 102.905 79.191
threshold=0.18329999595880511 0.79060000181198131 0.21710000187158587 0.75290000438690197 0.2384000048041344 0.76644998788833629 0.0023999999975785617 0.73840001225471508 0.18039999902248385 1.0000000180025095e-35 0.19970000535249713 0.0033999999286606912 0.84379997849464428 0.15170834213495257 0.8756999969482423 0.1233000010251999 0.86605000495910656 0.85444998741149913 0.0014500000397674742 0.8303000032901765 0.82159999012947094 0.00530000007711351 0.80125001072883617 0.69680002331733715 0.97050002217292797 0.96760001778602611 0.19680000096559527 0.8147999942302705 54.374597549438484 0.025600000284612182
decision_type=2 2 2 2 2 2 2 2 2 2 2 2 2 8 2 2 2 2 2 2 2 2 2 2 2 2 2 2 10 2
left_child=8 2 -2 7 5 -5 -6 23 11 -10 22 12 13 18 16 -16 -14 20 -1 -15 21 -13 -3 -4 25 -19 27 -24 -22 -26
right_child=1 10 3 4 6 -7 -8 -9 9 -11 -12 17 14 19 15 -17 -18 24 -20 -21 28 -23 26 -25 29 -27 -28 -29 -30 -31
leaf_value=0.082697823115594496 -0.033667654396256401 -0.046848848431570063 -0.00046444997300180936 -0.024042552234007253 -0.010306665305237876 0.020968735229573668 0.069695438695903958 -0.028587129196855084 0.14249056582422434 -0.037574451441630755 0.042291359959238425 0.2163965108233184 0.0055092247624970092 0.017231130191623419 0.003796933712573477 0.26462429601226251 -0.049705402731087998 0.002281957643709484 0.42801236019532807 0.086126471340566224 -0.018676779564303518 0.0032803548146248655 0.002784430692077523 0.014335303062056168 -0.0042509546722197559 0.057802487986651024 0.060973007142880023 0.063563050002757762 -0.22858623062171166 0.016165754503194345
leaf_weight=6.3929352089762679 703.68868068419397 89.575955105945468 28825.812711369246 466.01704786904156 124.99176418036222 867.76198919676244 397.36144487373531 740.22250697948039 11.819682836532591 535.0832184869796 480.21389150805771 16.630881533026695 558.71533637307584 146.13858626037836 10761.970883868635 14.015427835285662 582.24175280984491 5459.7839261097834 8.9409255385398847 213.87328000366688 2099.9209726331756 38.539803249761462 751.20459942892194 1476.1061971606687 14888.777852090076 229.438128169626 115.13771010562778 94.176383955404162 5.8549281330779186 490.59600064344704
leaf_count=58 8272 946 313434 4290 616 8404 3168 7744 44 6666 3718 176 4752 1176 115104 88 8822 82830 186 1440 35405 814 6842 14300 287782 3696 880 946 37 9548
internal_value=-0.00018768 0.000783554 -0.00010959 0.000608212 0.0179931 0.00524197 0.0505521 -0.000431303 -0.0011337 -0.0336829 0.0203949 -0.000632562 0.00357969 0.067388 0.00156994 0.00413617 -0.0226673 -0.00286155 0.284045 0.05816 -0.0170448 0.067523 0.0103815 0.000256495 -0.00140681 0.00452102 0.0157187 0.00955524 -0.0192604 -0.00359967
internal_weight=71201 35132.3 33602 32898.3 1856.13 1333.78 522.353 31042.1 36068.7 546.903 1530.31 35521.8 12292.3 375.346 11916.9 10776 1140.96 23229.5 15.3339 360.012 2160.95 55.1707 1050.09 30301.9 21068.6 5689.22 960.519 845.381 2105.78 15379.4
internal_count=932184 373560 360228 351956 16478 12694 3784 335478 558624 6710 13332 551914 131626 2860 128766 115192 13574 420288 244 2616 36432 990 9614 327734 383856 86526 8668 7788 35442 297330
is_linear=0
shrinkage=0.05


Tree=146
num_leaves=31
num_cat=0
split_feature=3 2 1 2 3 2 1 3 3 14 1 14 1 1 2 3 1 1 1 1 1 2 2 3 18 2 2 1 3 3
split_gain=26.8408 28.109 148.684 96.9975 63.9759 47.3855 145.131 85.3032 42.5181 88.9274 60.8752 54.2662 41.7305 170.413 75.9178 32.936 32.5725 25.8034 43.7476 412.963 305.101 400.353 113.448 90.2703 39.3597 40.4962 169.472 128.555 30.4836 55.3258
threshold=0.013050000183284284 0.31380000710487371 0.70360001921653759 0.33995001018047338 0.01690000016242266 0.28384999930858618 0.72194999456405651 0.030449999496340755 0.027550000697374347 1.0000000180025095e-35 0.69680002331733715 39.82500076293946 0.61560001969337474 0.62039998173713695 0.46469999849796301 0.054650001227855689 0.69100001454353344 0.28869999945163732 0.29449999332427984 0.33124999701976782 0.33220000565052038 0.64750000834465038 0.68909999728202831 0.0023999999975785617 inf 0.72679999470710765 0.73160001635551464 0.26449999213218695 0.0033999999286606912 0.0023999999975785617
decision_type=2 2 2 2 2 2 2 2 2 8 2 10 2 2 2 2 2 2 2 2 2 2 2 2 8 2 2 2 2 2
left_child=17 2 8 -3 -5 6 7 -4 10 -10 16 -11 14 -14 -6 -8 -2 24 28 22 -21 -22 23 -20 -1 -26 -27 -28 29 -19
right_child=1 3 5 4 12 -7 15 -9 9 11 -12 -13 13 -15 -16 -17 -18 18 19 20 21 -23 -24 -25 25 26 27 -29 -30 -31
leaf_value=0.059194178282787571 0.042476713114885795 -0.049144904911812053 0.083383591923323966 -0.026845965190366645 -0.036533074906010203 -0.062250331824118668 -0.0037110455141911164 0.38097344573806757 0.71393470408462312 0.10753495744328974 0.18275529334460974 -0.092191032870542505 0.45713105674613197 0.025195206302283682 0.01364364545957372 0.025793516219832138 -0.074742293039049931 -0.0027661067378524375 0.047844508812206046 -0.054029805273536173 8.3831625330467669e-05 0.06059996185024577 0.091425373251051989 -0.020277901517463125 0.0081692679859751705 -0.044525656074207554 -0.0013127157740812862 0.043135800741089608 -0.010807273435489064 0.011600962366072753
leaf_weight=31.973601710051298 12.787284407764679 144.33393590524793 24.53723707608879 209.15583180449903 107.40937975794077 33.500225787982345 5284.0817017341033 2.6701128706336013 0.58010802790522475 40.694517288357019 4.8335554488003245 3.7110926657915106 2.3397283665835849 95.051560772582889 252.82922611944377 96.311379298567772 11.045799214392899 11827.532836057246 233.24289759993553 258.49228778108954 46136.510625748895 274.92936689406633 119.34196476638317 61.440008077770472 2186.168687492609 206.9057587236166 1549.5602546110749 181.75341984257102 1053.5553166568279 710.33115893602371
leaf_count=104 132 2640 242 4818 1870 462 120230 22 9 238 44 17 22 1056 4246 968 110 152416 1364 3872 582208 2222 550 704 12318 1755 10617 1122 17182 8624
internal_value=-0.000181942 -0.00329073 -0.00201249 -0.0119814 -0.0039369 -0.00296767 -0.00260042 0.112589 0.0685524 0.0988783 0.0209627 0.0908433 0.0065335 0.035572 -0.00131713 -0.0031829 -0.0118502 0.000121393 -0.000139682 0.000581653 0.000140607 0.000442314 0.0502975 0.0336413 0.00393262 0.00350421 -0.00175763 0.00335349 -0.00263856 -0.00195214
internal_weight=71157.6 6325.87 5514.75 811.12 666.786 5441.1 5407.6 27.2073 73.6524 44.9857 28.6666 44.4056 457.63 97.3913 360.239 5380.39 23.8331 64831.7 60675.4 47084 46669.9 46411.4 414.025 294.683 4156.36 4124.39 1938.22 1731.31 13591.4 12537.9
internal_count=932184 137126 122474 14652 12012 121924 121462 264 550 264 286 255 7194 1078 6116 121198 242 795058 769142 590920 588302 584430 2618 2068 25916 25812 13494 11739 178222 161040
is_linear=0
shrinkage=0.05


Tree=147
num_leaves=31
num_cat=0
split_feature=48 49 1 1 1 1 3 1 1 1 59 49 2 5 2 2 1 1 5 1 1 1 2 2 1 1 58 51 55 3
split_gain=25.3027 26.4134 86.1973 140.782 64.6215 64.9877 253.447 61.0267 103.635 57.5698 56.58 117.987 77.9864 61.4371 56.302 52.7811 70.7246 41.9931 41.7053 47.2133 145.492 130.047 35.7395 370.543 168.726 35.5608 35.0626 42.028 29.6018 25.8534
threshold=456.50000000000006 0.23263233155012134 0.87860000133514415 0.89605000615119945 0.84379997849464428 0.83320000767707836 0.0033999999286606912 0.90279999375343334 0.91054999828338634 0.9009000062942506 0.4430545866489411 0.042028812691569335 0.18329999595880511 28.500000000000004 0.18329999595880511 0.10880000144243242 0.88830000162124645 0.84479999542236339 27.500000000000004 0.51790001988410961 0.42309999465942388 0.51884999871253978 0.61945000290870678 0.57785001397132885 0.37379999458789831 0.87380000948905956 0.029533922672271732 3.9885710477828984 7.1926605701446542 0.054650001227855689
decision_type=2 10 2 2 2 2 2 2 2 2 10 10 2 2 2 2 2 2 2 2 2 2 2 2 2 2 10 10 2 2
left_child=1 10 4 15 5 14 -7 9 -9 -5 18 26 25 -14 -3 -4 -17 -6 22 20 -20 -21 23 -1 -24 -13 28 -28 -12 -19
right_child=-2 2 3 7 17 6 -8 8 -10 -11 11 12 13 -15 -16 16 -18 29 19 21 -22 -23 24 -25 -26 -27 27 -29 -30 -31
leaf_value=0.0010914412377901468 -0.019569966633295383 -0.022743445468956711 0.062028755965617556 0.0022312367953851004 -0.052179608640233167 0.11019237220785794 -0.011803656813137246 0.038684083745206689 -0.00076854183956652175 -0.048870271953158927 -0.013055904107837066 -0.007650929764301791 0.013088021676162596 0.04188108296037537 -0.003845236299152325 0.033370804370058238 -0.021667069318857691 -0.01678937931814074 -0.0012644110753684652 -0.054560249608503322 0.033191508196716298 -0.0045105190919138127 -0.00045582863413366564 0.050821412327191166 -0.038818283603997021 0.0060096874250144443 -0.024721166906309197 0.02295223477565983 0.014407403401703071 0.095475614014301879
leaf_weight=20379.253637033515 167.75796579197049 457.28877464868128 94.832933224737644 97.954115124419332 89.221290668472648 58.949636075645685 153.24763142969459 169.08551959320903 10694.866112942807 126.0221759583801 216.1268116068095 535.95360224787146 871.80264101736248 235.26060836575925 2852.8086908590049 229.34425113536417 78.296698167920113 833.49790706206113 5688.4863881953061 132.32946267351508 323.81492770463228 6759.751153931953 14191.667981674895 381.59171776473522 292.52986628189683 4287.2530380301178 486.84274400305003 51.080847204662859 179.70081258192658 5.1600043438374987
leaf_count=293145 7998 6197 694 916 1117 375 2635 1516 161235 1203 2675 6000 5774 1437 26131 1776 620 12440 64933 1780 1892 100877 165158 1676 4041 49951 7375 127 463 27
internal_value=-0.00017454 -0.000128683 -0.00192084 0.000367315 -0.00782889 -0.00473644 0.0220876 -0.000687118 -0.000154505 -0.0265215 0.000390609 0.00463752 0.00723873 0.0192068 -0.00645602 0.0294163 0.0193633 -0.0195681 -0.000214816 -0.00264674 0.000591341 -0.00547148 0.000675593 0.0020055 -0.00123062 0.00449172 -0.0118828 -0.0201941 -0.000587904 -0.0160986
internal_weight=71121.8 70954 15940.6 11490.4 4450.17 3522.29 212.197 11087.9 10864 223.976 55013.4 6864.02 5930.27 1107.06 3310.1 402.474 307.641 927.879 48149.4 12904.4 6012.3 6892.08 35245 20760.8 14484.2 4823.21 933.751 537.924 395.828 838.658
internal_count=932184 924186 216882 167960 48922 35338 3010 164870 162751 2119 707304 73802 63162 7211 32328 3090 2396 13584 633502 169482 66825 102657 464020 294821 169199 55951 10640 7502 3138 12467
is_linear=0
shrinkage=0.05


Tree=148
num_leaves=31
num_cat=0
split_feature=2 2 2 3 2 3 3 3 2 1 2 1 3 3 1 3 3 3 1 3 2 1 2 2 2 2 2 1 2 3
split_gain=25.2659 96.5381 100.793 181.659 121.897 195.763 90.3833 136.043 45.1382 40.2617 39.2526 37.6307 61.2639 58.8782 27.4159 27.2981 70.5113 61.0027 44.321 40.972 110.076 99.8282 102.916 57.2818 40.7163 63.6374 26.1985 26.022 34.4361 65.3017
threshold=0.7519499957561494 0.73934999108314525 0.73160001635551464 1.0000000180025095e-35 0.72969999909400951 0.025600000284612182 1.0000000180025095e-35 0.0014500000397674742 0.73355001211166393 0.28579999506473547 0.71519997715950023 0.25290000438690191 0.00530000007711351 0.019800000824034217 0.35349999368190771 0.0043500000610947618 0.0092000002041459101 1.0000000180025095e-35 0.23935000598430636 0.0072500000242143878 0.75679999589920055 0.23935000598430636 0.8756999969482423 0.77129998803138744 0.764499992132187 0.77129998803138744 0.74609997868537914 0.23935000598430636 0.77900001406669628 0.0033999999286606912
decision_type=2 2 2 2 2 2 2 2 2 2 2 2 2 2 2 2 2 2 2 2 2 2 2 2 2 2 2 2 2 2
left_child=1 2 4 8 9 -6 26 -8 -4 10 -1 12 -9 -13 -11 17 19 18 24 20 -17 22 -21 -22 -2 -26 -3 28 29 -19
right_child=15 6 3 -5 5 -7 7 11 -10 14 -12 13 -14 -15 -16 16 -18 27 -20 21 23 -23 -24 -25 25 -27 -28 -29 -30 -31
leaf_value=0.029286300221323537 -0.063937104466752229 -0.054549674356555659 0.08449557746415215 -0.019232018183850355 -0.058528929636108978 0.39399964216383926 0.15572173185277399 0.086126912733500594 0.036716993122649533 -0.0021452419508597564 0.0049005300273486235 -0.032862276773100482 -0.054480425306084192 0.12700673176281127 0.00021656552065585176 0.36277275621207949 -0.022801276587262706 0.060091397532476123 0.061218536897090038 0.38620923672112101 -0.058293366805056292 -0.053188508410953662 -0.054937773758145104 0.06294676141227229 0.08177150971046368 0.0074490302315060866 -0.024619742615328066 -0.057959012639695467 -0.02524807326775998 -0.057451718234399096
leaf_weight=193.51237843185663 18.727567538619041 147.60146909952164 85.408354803919792 128.01876497268677 122.1621301472187 2.4375802874565116 14.143097966909407 22.522691771388054 117.35804361104965 16116.703793458641 1120.7539114765823 93.071258168667555 11.808595940470694 6.139136128127574 51711.864638097584 2.6142798736691466 36.239856041967869 36.89689889550209 42.801700875163078 4.9823056757450086 13.40935158729553 3.7192628905177116 1.7996052801609037 35.625552445650101 30.168674945831299 635.45436649024487 144.88271862268448 34.963135667145252 124.95806691050529 17.382684968411922
leaf_count=1298 110 946 418 1254 1144 22 66 198 638 202994 7084 1034 198 154 706574 22 792 308 242 66 110 66 22 264 176 3652 902 308 968 154
internal_value=-0.00016699 -0.000281849 -0.000134223 0.0274003 -0.000265713 -0.049676 -0.023624 0.0082611 0.0568421 -0.000176673 0.00849109 -0.00735612 0.0377636 -0.0229696 -0.000344622 0.00757005 0.0326296 0.00495082 0.011859 0.0649514 0.046646 0.154985 0.269149 0.0297918 0.00877192 0.0108176 -0.0397238 -0.0185007 -0.0108037 0.022449
internal_weight=71078.1 70038.4 69598.2 330.785 69267.4 124.6 440.169 147.685 202.766 69142.8 1314.27 133.542 34.3313 99.2104 67828.6 1039.74 98.3902 941.353 727.152 62.1504 51.6492 10.5012 6.78191 49.0349 684.351 665.623 292.484 214.201 179.238 54.2796
internal_count=932184 924924 921426 2310 919116 1166 3498 1650 1056 917950 8382 1584 396 1188 909568 7260 1342 5918 4180 550 396 154 88 374 3938 3828 1848 1738 1430 462
is_linear=0
shrinkage=0.05


Tree=149
num_leaves=31
num_cat=0
split_feature=3 1 1 2 3 3 1 1 2 3 2 1 3 3 3 3 3 3 1 3 1 1 2 2 2 1 1 1 3 3
split_gain=25.3607 28.6598 35.6876 144.031 127.774 206.405 34.6015 77.299 139.122 115.794 109.835 55.1972 46.253 92.5574 44.2604 55.365 42.7844 42.6903 26.6443 36.174 26.0249 44.5433 1055.77 586.7 486.98 260.721 761.76 199.289 91.7394 95.2091
threshold=0.008200000040233137 0.29350000619888311 0.28579999506473547 0.71519997715950023 0.013999999966472389 0.011099999770522119 0.50725001096725475 0.57009997963905346 0.36314998567104345 0.025600000284612182 0.31380000710487371 0.37475000321865087 0.021749999374151233 0.023699999786913398 0.038200000301003463 0.031399999745190151 0.063349999487400069 0.039200000464916236 0.26935000717639929 0.01690000016242266 0.28965000808238989 0.42309999465942388 0.56044998764991771 0.57785001397132885 0.61945000290870678 0.45404998958110815 0.51790001988410961 0.37379999458789831 0.0072500000242143878 0.0014500000397674742
decision_type=2 2 2 2 2 2 2 2 2 2 2 2 2 2 2 2 2 2 2 2 2 2 2 2 2 2 2 2 2 2
left_child=20 2 3 4 5 -2 11 16 10 -10 -9 12 -3 -14 15 -13 -8 -16 19 -5 -1 23 25 -22 -25 -23 -27 -26 29 -24
right_child=1 6 -4 18 -6 -7 7 8 9 -11 -12 14 13 -15 17 -17 -18 -19 -20 -21 21 22 28 24 27 26 -28 -29 -30 -31
leaf_value=0.0039109093356519626 -0.052782934864944842 -0.014941167611036319 -0.052125173076556779 -0.031649934880889387 -0.052226191757252793 0.5631382981700751 -0.030354863865096289 -0.0015776149639435044 0.05421288658939169 -0.042739137585316028 -0.029165153928635362 0.032123888364448322 0.33558512305794508 -0.052130722677537579 0.28167886957046195 -0.069540194948261316 0.11156892435646769 0.063706479782309006 -0.052424909108944595 0.032082205813227987 -0.059422372770763288 -0.039489135207879937 0.096676624751465615 0.048428220356434765 -0.0012979420727522758 0.052857278190668114 -0.00024433612643243044 -0.037394630169749109 -0.062289620979562747 0.17069354234802095
leaf_weight=4539.7396701909602 2.197525352239607 148.42977972887456 62.796798467636108 52.860500384122133 3.5676632523536682 3.5699446052312851 287.48805019073188 10956.716695119627 181.63481971435249 37.085312873125076 373.07576868496835 183.72379694133997 2.8256601989269248 3.3812934160232544 3.2101735621690732 14.444732047617434 5.4101830571889868 7.4811961427330971 43.304180134087801 38.467188950628042 436.46258756890893 407.36441585421562 123.48552069067955 489.64359587430954 14599.691854376346 687.96381190046668 36897.176831048913 392.65887098014355 6.9448699802160254 67.030335698276758
leaf_count=29150 44 4136 1628 1254 88 66 6116 230472 2002 330 5896 1122 44 88 22 88 22 44 1012 814 3476 2640 550 2112 188958 3234 440924 5412 44 396
internal_value=-0.000159884 -0.00221318 -0.0206727 -0.00695355 0.182971 0.32846 -0.00190045 -0.0023669 -0.00172354 0.0377741 -0.00248604 0.0132946 -0.00934923 0.124373 0.0300597 0.0247135 -0.0277334 0.129155 -0.0201226 -0.00480598 0.000274653 -3.04321e-05 0.000895767 -0.00225248 -0.000640765 0.00029643 0.000727643 -0.00224334 0.116212 0.122718
internal_weight=71059.8 12411.7 206.764 143.967 9.33513 5.76747 12204.9 11841.4 11548.5 218.72 11329.8 363.497 154.637 6.20695 208.86 198.169 292.898 10.6914 134.632 91.3277 58648.2 54108.4 38190 15918.5 15482 37992.5 37585.1 14992.4 197.461 190.516
internal_count=932184 255288 4906 3278 198 110 250382 244838 238700 2332 236368 5544 4268 132 1276 1210 6138 66 3080 2068 676896 647746 447788 199958 196482 446798 444158 194370 990 946
is_linear=0
shrinkage=0.05


end of trees

feature_importances:
coverage_ratio=1102
imputation_ratio=715
missing_ratio=603
rolling_std_90d=188
rolling_std_60d=171
ratio_14d_60d=151
rolling_std_30d=135
rolling_min_30d=116
sustained_drop_magnitude=98
ratio_30d_90d=87
rolling_median_30d=85
rolling_mean_90d=80
weekly_autocorr_30d=60
consumption_kwh_lag_30d=59
rolling_mean_60d=56
rolling_min_7d=55
par_30d=54
rolling_max_30d=53
day_of_month=52
rolling_cv_7d=41
rolling_cv_30d=38
month_sin=37
sustained_drop_duration=35
consumption_kwh_lag_14d=34
baseline_deviation_ratio=34
daily_diff_abs_7d_mean=30
rolling_std_14d=23
month=22
zero_count_30d=21
current_zero_streak=21
consumption_kwh_lag_2d=18
rolling_std_7d=16
rolling_median_7d=15
flatline_streak=15
consumption_kwh_lag_1d=14
ratio_7d_30d=14
dow_profile_deviation=14
rolling_mean_30d=13
consumption_kwh_lag_7d=12
par_7d=11
dow_profile_ratio=11
consumption_kwh=10
month_cos=10
sustained_drop_ratio=10
rolling_max_7d=9
consumption_kwh_lag_3d=8
rolling_mean_14d=8
zero_ratio_30d=7
rolling_mean_7d=6
dow_sin=5
wow_consumption_change=5
quarter=4
zero_count_7d=3
day_of_week=2
zero_ratio_7d=2
dow_cos=1
wow_consumption_ratio=1

parameters:
[boosting: gbdt]
[objective: custom]
[metric: binary_logloss]
[tree_learner: serial]
[device_type: cpu]
[data_sample_strategy: bagging]
[data: ]
[valid: ]
[num_iterations: 200]
[learning_rate: 0.05]
[num_leaves: 31]
[num_threads: 0]
[seed: 42]
[deterministic: 0]
[force_col_wise: 0]
[force_row_wise: 0]
[histogram_pool_size: -1]
[max_depth: 6]
[min_data_in_leaf: 20]
[min_sum_hessian_in_leaf: 0.001]
[bagging_fraction: 0.8]
[pos_bagging_fraction: 1]
[neg_bagging_fraction: 1]
[bagging_freq: 0]
[bagging_seed: 400]
[bagging_by_query: 0]
[feature_fraction: 0.8]
[feature_fraction_bynode: 1]
[feature_fraction_seed: 30056]
[extra_trees: 0]
[extra_seed: 12879]
[early_stopping_round: 0]
[early_stopping_min_delta: 0]
[first_metric_only: 0]
[max_delta_step: 0]
[lambda_l1: 0]
[lambda_l2: 0]
[linear_lambda: 0]
[min_gain_to_split: 0]
[drop_rate: 0.1]
[max_drop: 50]
[skip_drop: 0.5]
[xgboost_dart_mode: 0]
[uniform_drop: 0]
[drop_seed: 17869]
[top_rate: 0.2]
[other_rate: 0.1]
[min_data_per_group: 100]
[max_cat_threshold: 32]
[cat_l2: 10]
[cat_smooth: 10]
[max_cat_to_onehot: 4]
[top_k: 20]
[monotone_constraints: ]
[monotone_constraints_method: basic]
[monotone_penalty: 0]
[feature_contri: ]
[forcedsplits_filename: ]
[refit_decay_rate: 0.9]
[cegb_tradeoff: 1]
[cegb_penalty_split: 0]
[cegb_penalty_feature_lazy: ]
[cegb_penalty_feature_coupled: ]
[path_smooth: 0]
[interaction_constraints: ]
[verbosity: -1]
[saved_feature_importance_type: 0]
[use_quantized_grad: 0]
[num_grad_quant_bins: 4]
[quant_train_renew_leaf: 0]
[stochastic_rounding: 1]
[linear_tree: 0]
[max_bin: 255]
[max_bin_by_feature: ]
[min_data_in_bin: 3]
[bin_construct_sample_cnt: 200000]
[data_random_seed: 175]
[is_enable_sparse: 1]
[enable_bundle: 1]
[use_missing: 1]
[zero_as_missing: 0]
[feature_pre_filter: 1]
[pre_partition: 0]
[two_round: 0]
[header: 0]
[label_column: ]
[weight_column: ]
[group_column: ]
[ignore_column: ]
[categorical_feature: ]
[forcedbins_filename: ]
[precise_float_parser: 0]
[parser_config_file: ]
[objective_seed: 16083]
[num_class: 1]
[is_unbalance: 0]
[scale_pos_weight: 1]
[sigmoid: 1]
[boost_from_average: 1]
[reg_sqrt: 0]
[alpha: 0.9]
[fair_c: 1]
[poisson_max_delta_step: 0.7]
[tweedie_variance_power: 1.5]
[lambdarank_truncation_level: 30]
[lambdarank_norm: 1]
[label_gain: ]
[lambdarank_position_bias_regularization: 0]
[eval_at: ]
[multi_error_top_k: 1]
[auc_mu_weights: ]
[num_machines: 1]
[local_listen_port: 12400]
[time_out: 120]
[machine_list_filename: ]
[machines: ]
[gpu_platform_id: -1]
[gpu_device_id: -1]
[gpu_device_id_list: ]
[gpu_use_dp: 0]
[num_gpu: 1]

end of parameters

pandas_categorical:null
